HGVS cDNA,hg19 Coordinates,HGVS Protein,Mature Protein,Variant Type,Mechanism,Exon,Codon,Domain,Subtype,In Poly A,Severe (<1 U/dL),Moderate (1-5 U/dL),Mild (>5 U/dL),No FVIII level given,Reported Clinical Severity,History of Inhibitor,Comments,Year Reported,Reference Number,Newly Added in the Current Version,Inhibitor_Status,Severity_Encoded,High_Risk_Mutation_Flag,Mutation_Location_Group,Genomic_Region_Bucket,Variant_Type_Encoded,Severity_Interaction,Patient_ID,Age_at_Diagnosis,Ethnicity,Treatment_Regimen,Exposure_Days,Family_History
c.101A>T,154250727,p.(Asp34Val),Asp15Val,Missense,Substitution,1,15,A1,Heavy chain,N,,,X,,Mild,Not reported,,2014,256,,0,0,0,Exon,Early,0,0,1822b149-236d-46e6-9cd4-9c839c81b2d5,20,Asian,On-Demand,98,0
c.102C>G,154250726,p.(Asp34Glu),Asp15Glu,Missense,Substitution,1,15,A1,Heavy chain,N,,,X,,Mild,Not reported,,2008,"183, 186",,0,0,0,Exon,Early,0,0,e9241927-39ce-4ba5-81e6-3fe1801a85bf,17.8,Caucasian,On-Demand,99,1
c.103T>A,154250725,p.(Tyr35Asn),Tyr16Asn,Missense,Substitution,1,16,A1,Heavy Chain,N,X,,,,Severe,No,,2012,233,,0,2,0,Exon,Early,0,0,7e5029b9-9740-44b5-a4f5-fc6187ebdb4c,2.8,Caucasian,Prophylaxis,33,0
c.103T>C,154250725,p.(Tyr35His),Tyr16His,Missense,Substitution,1,16,A1,Heavy chain,N,,,,X,Severe,No,,2000,111,,0,2,0,Exon,Early,0,0,8c7b11e5-1193-4f44-bb39-b89decc8cfa4,1.1,Caucasian,Prophylaxis,5,0
c.104A>G,154250724,p.(Tyr35Cys),Tyr16Cys,Missense,Substitution,1,16,A1,Heavy chain,N,X,,,,Severe,No,,2008,"177, 183",,0,2,0,Exon,Early,0,0,81681c73-2d24-4a74-9abc-df7f2dfe31fc,9.2,Asian,Prophylaxis,89,0
c.106_107del,154250721_154250722,p.(Met36Alafs*3),Met17Alafs*3,Frameshift,Deletion,1,17,A1,Heavy Chain,N,X,,,,Severe,Yes,,2010,212,,1,2,1,Exon,Early,1,2,6a0b24c4-2d9d-4ce5-a252-7f9097790710,1.7,Other,On-Demand,12,1
c.111_112del,154250716_154250717,p.(Ser38*),Ser19*,Frameshift,Deletion,1,19,A1,Heavy chain,N,,,,X,Not reported,Not reported,,2021,332,X,0,,1,Exon,Early,1,,0c0ad884-81ff-4a63-93fb-8bfffd0b14a2,9,Caucasian,On-Demand,42,0
c.111_120del,154250708_154250717,p.(Ser38Valfs*31),Ser19Valfs*31,Frameshift,Deletion,1,19,A1,Heavy chain,N,X,,,,Severe,Not reported,,2021,333,X,0,2,1,Exon,Early,1,2,f53e3a27-fe24-4ffe-86f0-438a0e287d07,2.6,Asian,Prophylaxis,25,0
c.114T>G,154250714,p.(Ser38Arg),Ser19Arg,Missense,Substitution,1,19,A1,Heavy chain,N,X,,,,Severe,No,,2012,225,,0,2,0,Exon,Early,0,0,489b87f9-442e-4196-942e-d2c9db923ec2,17.4,Black,On-Demand,98,1
c.118delC,154250710,p.(Leu40Serfs*32),Leu21Serfs*32,Frameshift,Deletion,1,21,A1,Heavy Chain,N,X,,,,Severe,Yes,,2005,146,,1,2,1,Exon,Early,1,2,283bf386-1de7-41dd-ba33-8c11ff334b00,4.4,Caucasian,Prophylaxis,52,0
c.120C>A,154250708,p.(=),0,Synonymous,Substitution,1,21,A1,Heavy chain,N,,,X,,Mild,Not Reported,,2018,294,,0,0,0,Exon,Early,2,0,4cefef49-c60a-4b69-8313-ac621d4f795c,4.9,Black,On-Demand,8,0
c.120delC,154250708,p.(Gly41Valfs*31),Gly22Valfs*31,Frameshift,Deletion,1,22,A1,Heavy Chain,N,X,,,,Severe,No,,2007,168,,0,2,1,Exon,Early,1,2,930ec64c-2aa6-4340-9799-9d6a266a40bf,4.8,Caucasian,Prophylaxis,30,1
c.120dupC,154250708,p.(Gly41Argfs*2),Gly22Argfs*2,Frameshift,DuplIcation,1,22,A1,Heavy chain,N,X,,,,Severe,Not Reported,,2019,314,,0,2,1,Exon,Early,1,2,b98c78ea-7c70-4469-8eea-d8f11fa289a4,2.4,Black,Prophylaxis,30,0
c.121G>T,154250707,p.(Gly41Cys),Gly22Cys,Missense,Substitution,1,22,A1,Heavy chain,N,,,,X,Severe,No,,1994,65,,0,2,0,Exon,Early,0,0,25527907-558f-40c4-a986-eb1c45c7007c,2.1,Caucasian,Prophylaxis,17,0
c.1-31498_143+54del,154250631_154284667,,,Large structural change (>50 bp),Deletion,1,,A1,Single domain,N,X,,,,Severe,Yes,,2013,252,,1,2,0,Exon,Early,3,6,093b1385-76e6-4a11-9631-19ff3e528cb0,1.7,Hispanic,Prophylaxis,5,0
c.143G>A,154250685,p.(Arg48Lys),Arg29Lys,Missense,Substitution,1,29,A1,Heavy chain,N,X,,,,Severe,Not reported,,1996,72,,0,2,0,Exon,Early,0,0,27e3fc8f-00ac-43ee-a2ed-92cb462684cf,4.9,Black,Prophylaxis,42,0
c.143G>T,154250685,p.(Arg48Ile),Arg29Ile,Missense,Substitution,1,29,A1,Heavy chain,N,,X,,,Moderate,Not reported,,2021,333,X,0,1,0,Exon,Early,0,0,7330c002-36a6-4292-bd10-8e70e311ea03,0.6,Caucasian,Prophylaxis,14,0
c.14dupT,154250814,p.(Ser6Leufs*14),Ser-13Leufs*14,Frameshift,Duplication,1,-13,Signal,Heavy chain,N,X,,,,Severe,Yes,,2021,334,X,1,2,1,Exon,Early,1,2,ff38c51a-e4e6-475e-a662-0e26f4383d4d,4.1,Caucasian,Prophylaxis,21,1
c.1-62513_143+5701del,154244984_154313340,,,Large structural change (>50 bp),Deletion,1,,A1,Single domain,N,X,,,,Severe,Yes,,2013,252,,1,2,0,Exon,Early,3,6,8dec54c3-ab3f-4999-a40f-77092ead89b4,2.2,Asian,Prophylaxis,16,1
c.-171-?_143+?del,154250685_154250998,,,Large structural change (>50 bp),Deletion,1,,A1,single domain,N,X,,,,Moderate/Severe,No,,1988,14,,0,,0,Exon,Early,3,,c8d88311-7f71-4b99-a9e5-7b5ed05ec445,9.7,Asian,On-Demand,53,0
c.-171-?_143+?dup,154250685_154250998,,,Large structural change (>50 bp),Duplication,1,,A1,single domain,N,,X,,,Moderate,No,,2013,239,,0,1,0,Exon,Early,3,3,fc4979ae-0a33-420f-b698-aa3ac556a41f,3.1,Caucasian,Prophylaxis,37,0
c.1A>C,154250827,p.(Met1Leu),Met-19Leu,Missense,Substitution,1,-19,Signal,Heavy chain,N,,X,,,Moderate,Not reported,,2017,286,,0,1,0,Exon,Early,0,0,27c09f01-341f-47d2-866e-e0ac81d433c2,0.6,Caucasian,Prophylaxis,9,1
c.1A>G,154250827,p.(Met1Val),Met-19Val,Missense,Substitution,1,-19,Signal,Heavy chain,N,X,,,,Severe,Not reported,,2010,200,,0,2,0,Exon,Early,0,0,13b0e662-2da2-426e-bf8b-da85461004ac,4.4,Other,Prophylaxis,23,1
c.1A>T,154250827,p.(Met1Leu),Met-19Leu,Missense,Substitution,1,-19,Signal,Heavy chain,N,X,,,,Severe,Not reported,,2013,249,,0,2,0,Exon,Early,0,0,ee3784b3-9c17-43c5-8c25-0560240c131e,3.8,Caucasian,Prophylaxis,21,0
c.24C>A,154250804,p.(Cys8*),Cys-12*,Nonsense,Substitution,1,-12,Signal,Heavy chain,N,X,,,,Severe,Not reported,,2017,283,,0,2,1,Exon,Early,4,8,52f1f711-abf5-40aa-beb2-dd67a54e76a0,2.4,Caucasian,On-Demand,12,0
c.25_27del,154250801_154250503,p.(Phe9del),Phe-10del,"Small structural change (in-frame, <50 bp)",Deletion,1,-10,Signal,Heavy chain,N,,,X,,Mild,Not reported,,2013,249,X,0,0,0,Exon,Early,5,0,74f34ed4-0a5b-4994-8091-52446bfff369,18.4,Asian,On-Demand,91,0
c.26T>G,154250802,p.(Phe9Cys),Phe-10Cys,Missense,Substitution,1,-10,Signal,Heavy chain,N,X,,,,Severe,Not reported,,2018,293,,0,2,0,Exon,Early,0,0,da2ab033-3fa4-4e75-9dca-144565534a2e,6.3,Asian,Prophylaxis,53,0
c.2T>C,154250826,p.(Met1Thr),Met-19Thr,Missense,Substitution,1,-19,Signal,Heavy chain,N,,,,X,Not reported,Not reported,,2008,180,,0,,0,Exon,Early,0,,ff77cc73-0660-44fc-9e06-5ad9c73a30aa,5.1,Asian,Prophylaxis,45,0
c.2T>G,154250826,p.(Met1Arg),Met-19Arg,Missense,Substitution,1,-19,Signal,Heavy chain,N,X,,,,Severe,Not reported,,2002,132,,0,2,0,Exon,Early,0,0,f4a33658-da3f-4c41-8642-37f39135fbb0,3.9,Caucasian,Prophylaxis,35,0
c.32T>C,154250796,p.(Leu11Pro),Leu-8Pro,Missense,Substitution,1,-9,Signal,Heavy chain,N,,,X,,Mild,No,,2012,231,,0,0,0,Exon,Early,0,0,2cf7fe68-0e5f-4d5e-9a2d-77921f00c9eb,21.2,Caucasian,On-Demand,104,0
c.36C>A,154250792,p.(Cys12*),Cys-8*,Nonsense,Substitution,1,-8,Signal,Heavy chain,N,X,,,,Severe,No,,2012,231,,0,2,1,Exon,Early,4,8,438498f7-9ada-48bf-8b95-8dd29fae448c,6.4,Asian,Prophylaxis,51,0
c.38T>C,154250790,p.(Leu13Pro),Lue-6Pro,Missense,Substitution,1,-6,Signal,Heavy chain,N,X,,,,Severe,Not reported,,2016,280,,0,2,0,Exon,Early,0,0,37669fd3-507c-4c38-ad17-4b32c5ab3016,4.6,Black,Prophylaxis,53,0
c.38T>G,154250790,p.(Leu13Arg),Leu-6Arg,Missense,Substitution,1,-6,Signal,Heavy chain,N,X,,,,Severe,Not reported,,2008,"183, 186",,0,2,0,Exon,Early,0,0,322e8586-a333-423b-9576-46b8aee23f5b,4.5,Caucasian,Prophylaxis,48,0
c.3G>A,154250825,p.(Met1Ile),Met-19Ile,Missense,Substitution,1,-19,Signal,Heavy chain,N,X,,,,Severe,No,,0,0,,0,2,0,Exon,Early,0,0,d8a3ea8d-ac70-4535-a935-580d144d5dc3,4.6,Asian,Prophylaxis,38,0
c.3G>C,154250825,p.(Met1Ile),Met-19Ile,Missense,Substitution,1,-19,Signal,Heavy chain,N,X,,,,Severe,Not reported,,2008,183,,0,2,0,Exon,Early,0,0,34ca18fb-7e5c-475c-8661-d9cb67998f25,1.6,Caucasian,Prophylaxis,22,0
c.41delT,154250787,p.(Leu14Cysfs*58),Leu-6Cysfs*58,Frameshift,Deletion,1,-6,Signal,Heavy chain,N,X,,,,Severe,No,,0,0,,0,2,1,Exon,Early,1,2,987095eb-fef5-4f44-9786-3a883c70138d,7,Caucasian,Prophylaxis,74,0
c.43C>T,154250785,p.(Arg15*),Arg-5*,Nonsense,Substitution,1,-5,Signal,Heavy chain,N,X,,,,Severe,No,,1990,33,,0,2,1,Exon,Early,4,8,549d5be1-17ad-4df0-9154-8d9370e1cae0,2,Hispanic,Prophylaxis,11,0
c.49T>C,154250779,p.(Cys17Arg),Cys-2Arg,Missense,Substitution,1,-2,Signal,Heavy chain,N,,X,,,Moderate,Not reported,,2017,283,,0,1,0,Exon,Early,0,0,4cd96046-d9b2-4bd6-99bf-f6479263ba52,3.9,Caucasian,Prophylaxis,53,0
c.4C>T,154250824,p.(Gln2*),Gln-17*,Nonsense,Substitution,1,-17,Signal,Heavy chain,N,X,,,X,Severe,Not reported,,2018,293,,0,2,1,Exon,Early,4,8,9bcd07e8-3534-4e84-b48a-1bc6aa0ff215,1.8,Hispanic,On-Demand,13,0
c.57T>G,154250771,p.(Ser19Arg),Ser0Arg,Missense,Substitution,1,-1,Signal,Heavy chain,N,X,,,,Severe,Not reported,,1999,99,,0,2,0,Exon,Early,0,0,7e356bce-eacf-4966-b05c-3fcb43c93ae3,5.2,Caucasian,On-Demand,25,0
c.64A>G,154250764,p.(Arg22Gly),Arg3Gly,Missense,Substitution,1,3,A1,Heavy chain,N,X,,,,Severe,Not reported,,2008,186,,0,2,0,Exon,Early,0,0,9f5939dd-9f4f-48df-8f93-9d274190aed8,2.8,Hispanic,Prophylaxis,36,0
c.65G>C,154250763,p.(Arg22Thr),Arg3Thr,Missense,Substitution,1,3,A1,Heavy chain,N,X,,,,Severe,Not reported,,2002,127,,0,2,0,Exon,Early,0,0,8569f009-d47a-43d6-91ac-beee821a0f9d,2,Caucasian,On-Demand,11,0
c.65G>T,154250763,p.(Arg22Ile),Arg3Ile,Missense,Substitution,1,3,A1,Heavy chain,N,,,X,,Mild,No,,0,0,,0,0,0,Exon,Early,0,0,fb98812b-f8c5-4375-b2be-641ba7c0d16e,18.6,Black,On-Demand,98,0
c.66_73delins[79_87;C],154250755_154250762,p.(Arg23Valfs*18),Arg4Valfs*18,Frameshift,Deletion/Insertion,1,4,A1,Heavy chain,N,,,,X,Severe,Not Reported,,2022,345,X,0,2,1,Exon,Early,1,2,9072f1b9-8eb2-4585-8c8a-993fea569fb1,6.8,Hispanic,On-Demand,27,0
c.67A>G,154250761,p.(Arg23Gly),Arg4Gly,Missense,Substitution,1,4,A1,Heavy chain,N,,X,X,,Mild,No,,0,0,,0,0,0,Exon,Early,0,0,ee8551cc-67a6-4791-916e-3d6fb5e46371,29.4,Black,On-Demand,147,0
c.70T>G,154250758,p.(Tyr24Asp),Tyr5Asp,Missense,Substitution,1,5,A1,Heavy chain,N,X,,,,Severe,No,,2006,158,,0,2,0,Exon,Early,0,0,7134830a-59ee-47f1-9bb2-554932022ad7,3.1,Asian,Prophylaxis,38,0
c.71A>G,154250757,p.(Tyr24Cys),Tyr5Cys,Missense,Substitution,1,5,A1,Heavy chain,N,,,X,,Mild/Moderate,No,,1999,"0, 101",,0,,0,Exon,Early,0,,fe98d1e5-16ec-43d0-bdfd-0f9f52ef3f90,38.1,Asian,On-Demand,171,0
c.72_88del,154250740_154250756,p.(Tyr24*),Tyr5*,Frameshift,Deletion,1,5,A1,Heavy chain,N,,X,,,Moderate,Not reported,,2008,186,,0,1,1,Exon,Early,1,1,737d96cf-e061-4c6a-850d-6e396b4a21e1,2,Caucasian,Prophylaxis,16,0
c.72C>G,154250756,p.(Tyr24*),Tyr5*,Nonsense,Substitution,1,5,A1,Heavy chain,N,X,,,,Severe,Not reported,,2014,256,,0,2,1,Exon,Early,4,8,946ada7a-05bd-4c75-9f5c-71a2e9c18fdf,14.6,Other,Prophylaxis,164,0
c.73_75delinsCAG,154250753_154250755,p.(Tyr25Gln),Tyr6Gln,"Small structural change (in-frame, <50 bp)",Deletion/Insertion,1,6,A1,165,N,,X,,,Moderate,No,,2012,229,,0,1,0,Exon,Early,5,5,3b50eef4-f943-413e-a94c-be6f560dae6e,7.3,Caucasian,Prophylaxis,66,0
c.73dupT,154250755,p.(Tyr25Leufs*15),Tyr6Leufs*15,Frameshift,Duplication,1,6,A1,Heavy Chain,N,X,,,,Severe,No,,2012,234,,0,2,1,Exon,Early,1,2,2106e163-d333-412f-83a2-5f5610c0241e,2.2,Caucasian,Prophylaxis,38,0
c.74A>C,154250754,p.(Tyr25Cys),Tyr6Cys,Missense,Substitution,1,6,A1,Heavy chain,N,,X,,,Moderate,No,,2020,319,X,0,1,0,Exon,Early,0,0,b9d90335-c546-4bd4-b2d0-d48ab0b818a7,6.9,Black,On-Demand,47,0
c.74A>G,154250754,p.(Tyr25Cys),Tyr6Cys,Missense,Substitution,1,6,A1,Heavy Chain,N,,,X,,Mild,Not reported,,2002,127,,0,0,0,Exon,Early,0,0,261ef469-7ebe-4b96-b8b9-b75eaafe9e09,2,Caucasian,On-Demand,28,0
c.75C>G,154250753,p.(Tyr25*),Tyr6*,Nonsense,Substitution,1,6,A1,Heavy chain,N,X,,,,Severe,Yes,,2012,231,,1,2,1,Exon,Early,4,8,c267f1ef-bdc6-4732-8428-e3a733b5c641,5.1,Caucasian,Prophylaxis,58,0
c.77T>C,154250751,p.(Leu26Pro),Leu7Pro,Missense,Substitution,1,7,A1,Heavy chain,N,X,,,,Severe,Not reported,,2002,127,,0,2,0,Exon,Early,0,0,e9613a7e-8f54-4bd7-b460-174074b2c8e1,3.2,Asian,Prophylaxis,19,0
c.77T>G,154250751,p.(Leu26Arg),Leu7Arg,Missense,Substitution,1,7,A1,Heavy chain,N,X,,,,Severe,Not reported,,1996,72,,0,2,0,Exon,Early,0,0,d287819a-01fd-43c7-b990-16fd7a02a4e7,9.1,Asian,On-Demand,31,0
c.80G>A,154250748,p.(Gly27Asp),Gly8Asp,Missense,Substitution,1,8,A1,Heavy Chain,N,X,,,,Severe,No,,2012,233,,0,2,0,Exon,Early,0,0,2843fd03-ce82-4021-a0ec-0590e5fc66b0,4.4,Hispanic,Prophylaxis,37,0
c.81_88del,154250740_154250747,p.(Ala28Thrfs*9),Ala9Thrfs*9,Frameshift,Deletion,1,9,A1,Heavy chain,N,X,,,,Severe,Yes,,2021,337,X,1,2,1,Exon,Early,1,2,13f8a936-36cc-4200-93c9-603aa377602c,9.8,Hispanic,Prophylaxis,85,0
c.86T>G,154250742,p.(Val29Gly),Val10Gly,Missense,Substitution,1,10,A1,Heavy chain,N,X,,,,Severe,No,,2005,151,,0,2,0,Exon,Early,0,0,2d20038a-9fba-4c09-b766-a30a77cad814,4.6,Black,Prophylaxis,39,0
c.88G>A,154250740,p.(Glu30Lys),Glu11Lys,Missense,Substitution,1,11,A1,Heavy chain,N,,X,,,Moderate,Not reported,,2010,200,,0,1,0,Exon,Early,0,0,c179d204-0c15-43b8-9b6b-a058f2573593,2.5,Asian,Prophylaxis,33,0
c.88G>T,154250740,p.(Glu30*),Glu11*,Nonsense,Substitution,1,11,A1,Heavy chain,N,,,,X,Not reported,Not reported,,2021,332,X,0,,1,Exon,Early,4,,d9fe71c3-8722-46d6-843f-207818b3b261,23.1,Caucasian,On-Demand,121,0
c.89A>T,154250739,p.(Glu30Val),Glu11Val,Missense,Substitution,1,11,A1,Heavy chain,N,,,X,,Mild,Not reported,,1992,43,,0,0,0,Exon,Early,0,0,f39b4d3e-c550-4942-911c-975736084512,2,Caucasian,On-Demand,1,1
c.90dupA,154250738,p.(Leu31Thrfs*9),Leu12Thrfs*9,Frameshift,Duplication,1,12,A1,Heavy chain,Y,X,,,,Severe,No,,2012,226,,0,2,1,Exon,Early,1,2,2e793fef-a29e-45d2-9fb3-883bb0339cda,3.3,Caucasian,Prophylaxis,43,1
c.92T>C,154250736,p.(Leu31Pro),Leu12Pro,Missense,Substitution,1,12,A1,Heavy chain,N,,X,,,Moderate,Not reported,,2016,280,,0,1,0,Exon,Early,0,0,ec0b5220-e814-4834-812c-f4923eee4f4b,8.5,Caucasian,On-Demand,42,0
c.95_99delinsATGCAAAGT,154250729_154250733,p.(Ser32Tyrfs*4),Ser13Tyrfs*4,Frameshift,Deletion/Insertion,1,13,A1,Heavy chain,N,X,,,,Severe,No,,2006,158,,0,2,1,Exon,Early,1,2,bf517a09-66fa-4cc7-a83e-b38f5caa4806,4.7,Asian,Prophylaxis,45,0
c.95delC,154250733,p.(Ser32Tyrfs*40),Ser13Tyrfs*40,Frameshift,Deletion,1,13,A1,Heavy Chain,N,X,,,,Severe,Yes,,2012,233,,1,2,1,Exon,Early,1,2,4d2bb885-aaf7-460a-90d9-622add18c85a,1.9,Black,Prophylaxis,6,1
c.96_107del,154250721_154250732,p.(Trp33_Met36del),Trp14_Met17del,"Small structural change (in-frame, <50 bp)",Deletion,1,14-17,A1,Heavy chain,N,X,,,,Severe,Not reported,,2014,256,,0,2,0,Exon,Early,5,10,979ca2ba-ee50-4fbc-add8-0effaa96108f,3.8,Caucasian,Prophylaxis,29,0
c.96dupA,154250732,p.(Trp33Metfs*7),Trp14Metfs*7,Frameshift,Duplication,1,14,A1,Heavy chain,N,,,,X,not reported,Not reported,,2019,309,,0,,1,Exon,Early,1,,131ec9d6-06a5-4544-adf0-5b627b328ef0,6.7,Black,On-Demand,30,0
c.97T>C,154250731,p.(Trp33Arg),Trp14Arg,Missense,Substitution,1,14,A1,Heavy chain,N,X,,,,Severe,No,,2020,319,X,0,2,0,Exon,Early,0,0,29c447bf-d03d-4683-8b16-c791ab2f94ab,2.8,Caucasian,Prophylaxis,30,0
c.97T>G,154250731,p.(Trp33Gly),Trp14Gly,Missense,Substitution,1,14,A1,Heavy chain,N,,X,,,Moderate,No,,1997,83,,0,1,0,Exon,Early,0,0,2d7af492-e21e-4dd3-9647-f2a1b5f9067d,7.8,Black,On-Demand,34,0
c.98G>A,154250730,p.(Trp33*),Trp14*,Nonsense,Substitution,1,14,A1,Heavy chain,N,X,,,,Severe,No,,2003,133,,0,2,1,Exon,Early,4,8,2346354c-e938-439d-91f5-b6006a445ca1,9.8,Caucasian,Prophylaxis,97,0
c.99G>A,154250729,p.(Trp33*),Trp14*,Nonsense,Substitution,1,14,A1,Heavy chain,N,X,,,,Severe,Not reported,,2018,293,,0,2,1,Exon,Early,4,8,da5d908f-92e0-446a-b044-465ba6f2581b,3.1,Other,Prophylaxis,36,0
c.144-?_265+?del,154227754_154227875,,,Large structural change (>50 bp),Deletion,2,,A1,single domain,N,X,,,,Severe,Not reported,,2017,283,,0,2,0,Exon,Early,3,6,0422bed4-68a9-416b-b137-707cd3cf49ce,9.6,Caucasian,On-Demand,50,0
c.144-?_265+?dup,154227754_154227875,,,Large structural change (>50 bp),Duplication,2,,A1,single domain,N,X,,,,Severe,No,,2012,232,,0,2,0,Exon,Early,3,6,8c9627fa-1cf8-4e5f-8ca1-5e0f3db46818,3.9,Caucasian,Prophylaxis,53,0
c.144_159del,154227860_154227875,,,Splice site change,Deletion,2,,A1,Heavy Chain,N,X,,,,Severe,No,,2020,319,X,0,2,0,Splice,Early,6,12,1befb77d-3653-4b38-a221-4f9a89b2910a,7,Caucasian,On-Demand,56,0
c.144A>T,154227875,p.(Arg48Ser),Arg29Ser,Missense,Substitution,2,29,A1,Heavy chain,N,,,X,,Mild,Not reported,,2019,315,,0,0,0,Exon,Early,0,0,7c762214-d5d5-4695-948b-bf1f2a27e3bb,6.9,Caucasian,On-Demand,44,1
c.145_156delinsGAAGAATGC,154227863_154227874,p.(Phe49_Arg52delinsGluGluCys),Phe30_Arg33delinsGluGluCys,"Small structural change (in-frame, <50 bp)",Deletion/Insertion,2,49-52,A1,Heavy chain,N,,,X,,Mild,Not reported,,2013,245,,0,0,0,Exon,Early,5,0,f42f5548-73e2-4611-a9f8-17cbc534235a,2,Caucasian,On-Demand,13,0
c.161delC,154227858,p.(Pro54Glnfs*18),Pro35Glnfs*18,Frameshift,Deletion,2,35,A1,Heavy chain,N,X,,,,Severe,Not reported,,2016,280,,0,2,1,Exon,Early,1,2,8b904ea6-333f-4f66-95c5-be991ed0a56d,11.4,Hispanic,Prophylaxis,100,0
c.170_171delTT,154227848_154227849,p.(Phe57Serfs*25),Phe38Serfs*25,Frameshift,Deletion,2,38,A1,Heavy chain,N,X,,,,Severe,Not reported,,2017,283,,0,2,1,Exon,Early,1,2,dc409286-77f8-4dd4-9998-4e13d4184b43,11.2,Other,Prophylaxis,123,0
c.170_179dup,154227840_154227849,p.(Thr61Serfs*25),Thr42Serfs*25,Frameshift,Duplication,2,42,A1,Heavy chain,N,X,,,,Severe,No,,1993,56,,0,2,1,Exon,Early,1,2,f7bcec4c-1480-4199-838d-50354f0b88ac,2.8,Caucasian,Prophylaxis,26,0
c.173delC,154227846,p.(Pro58Hisfs*14),Pro39Hisfs*14,Frameshift,Deletion,2,39,A1,Heavy Chain,N,X,,,,Severe,Not reported,,1999,97,,0,2,1,Exon,Early,1,2,e80ff717-8b0f-4666-b9d9-60426c82b771,8.2,Black,On-Demand,41,1
c.175delT,154227844,p.(Phe59Serfs*13),Phe40Serfs*13,Frameshift,Deletion,2,40,A1,Heavy chain,N,X,,,,Severe,Yes,,2021,337,X,1,2,1,Exon,Early,1,2,34041ff6-7d9f-4811-9364-43b02bac7db7,4,Other,Prophylaxis,29,0
c.185C>G,154227834,p.(Ser62*),Ser43*,Nonsense,Substitution,2,43,A1,Heavy chain,N,X,,,,Severe,Not reported,,2008,181,,0,2,1,Exon,Early,4,8,7a055960-1fee-4e30-ae94-dd9fdfa03aa2,3.5,Caucasian,Prophylaxis,19,0
c.190G>A,154227829,p.(Val64Met),Val45Met,Missense,Substitution,2,45,A1,Heavy chain,N,,,X,,Mild,No,,2007,168,,0,0,0,Exon,Early,0,0,8c06b736-a00b-4002-ade0-d7f787c04c39,27.8,Hispanic,On-Demand,140,0
c.195C>A,154227824,p.(Tyr65*),Tyr46*,Nonsense,Substitution,2,46,A1,Heavy chain,N,X,,,,Severe,No,,1999,101,,0,2,1,Exon,Early,4,8,3f610824-638e-4bc3-a521-70acffaad680,9.7,Caucasian,On-Demand,38,0
c.195C>G,154227824,p.(Tyr65*),Tyr46*,Nonsense,Substitution,2,46,A1,Heavy chain,N,X,,,,Severe,No,,2014,255,,0,2,1,Exon,Early,4,8,8044b731-3b79-4b9d-9550-9bb709a001ee,3.2,Caucasian,Prophylaxis,27,0
c.196A>G,154227823,p.(Lys66Glu),p.Lys47Glu,Missense,Substitution,2,47,A1,Heavy chain,N,,,X,,Mild,Not reported,,2016,280,,0,0,0,Exon,Early,0,0,e0b02914-4b10-4f97-8989-3a3a9d6f02d6,11.6,Hispanic,On-Demand,46,0
c.197A>T,154227822,p.(Lys66Ile),Lys47Ile,Missense,Substitution,2,47,A1,Heavy chain,N,,,X,,Mild,Not reported,,2016,279,,0,0,0,Exon,Early,0,0,3ee1062a-c9c4-4cd4-b9b8-0aa9ef55994d,2,Asian,On-Demand,5,0
c.199_200del,154227819_154227820,p.(Lys67Aspfs*15),Lys48Argfs*15,Frameshift,Deletion,2,48,A1,Heavy chain,Y,X,,,,Severe,No,,1993,56,,0,2,1,Exon,Early,1,2,bdb38b4b-8da6-4e5b-8674-e311e46557ed,8.6,Caucasian,Prophylaxis,85,0
c.199_221del,154227798_154227820,p.(Lys67Glyfs*8),Lys48Glyfs*8,Frameshift,Deletion,2,48,A1,Heavy chain,N,,,,X,Not reported,Not reported,,2007,164,,0,,1,Exon,Early,1,,8ff4f7a9-c255-4013-9ab3-6136731fc6ea,23,Asian,On-Demand,94,0
c.199A>C,154227820,p.(Lys67Gln),Lys48Gln,Missense,Substitution,2,48,A1,Heavy chain,N,,,,X,Not reported,Not reported,,2015,268,,0,,0,Exon,Early,0,,a55b2971-3c5c-4257-81d7-cdb82bb6fe33,14.1,Caucasian,Prophylaxis,129,0
c.199A>G,154227820,p.(Lys67Glu),Lys48Glu,Missense,Substitution,2,48,A1,Heavy chain,N,X,,,,Severe,No,,2002,130,,0,2,0,Exon,Early,0,0,bf14afd6-3a1a-4586-9dac-6bf02d38c3dd,5.3,Caucasian,Prophylaxis,48,0
c.199A>T,154227820,p.(Lys67*),Lys48*,Nonsense,Substitution,2,48,A1,Heavy chain,N,X,,,,Severe,No,,2012,231,,0,2,1,Exon,Early,4,8,a11f4788-5cda-4ae8-86ed-0aa093bbe366,2.7,Caucasian,Prophylaxis,12,0
c.200A>C,154227819,p.(Lys67Thr),Lys48Thr,Missense,Substitution,2,48,A1,Heavy chain,N,X,,,,Severe,Not reported,,2013,249,,0,2,0,Exon,Early,0,0,0ad4364d-955c-418a-85b1-97888df13a73,3.4,Caucasian,Prophylaxis,39,0
c.200dupA,154227819,p.(Thr68Aspfs*15),Thr49Aspfs*15,Frameshift,Duplication,2,49,A1,Heavy chain,Y,X,,,,Severe,Not reported,Poly A Duplication,0,0,,0,2,1,Exon,Early,1,2,ebb6e82f-b738-4bd5-8cf9-01878624c0ce,8,Black,Prophylaxis,88,0
c.201G>C,154227818,p.(Lys67Asn),Lys48Asn,Missense,Substitution,2,48,A1,Heavy chain,N,,,,X,Not reported,No,,2001,123,,0,,0,Exon,Early,0,,0c81a791-c405-46f1-be97-89dc99312f97,8.8,Asian,On-Demand,41,0
c.201G>T,154227818,p.(Lys67Asn),Lys48Asn,Missense,Substitution,2,48,A1,Heavy chain,N,,X,,,Moderate,No,,2008,180,,0,1,0,Exon,Early,0,0,866e6e66-f07d-427e-832e-8769f3393f86,0.7,Asian,Prophylaxis,12,0
c.202_207del,154227812_154227817,p.(Thr68_Leu69del),Thr49_Leu50del,"Small structural change (in-frame, <50 bp)",Deletion,2,49,A1,Heavy chain,N,X,,,,Severe,No,,2001,"116, 118",,0,2,0,Exon,Early,5,10,eb64b133-deaf-4e2d-8d8d-e9458df6d419,4.7,Caucasian,Prophylaxis,30,0
c.202A>C,154227817,p.(Thr68Pro),Thr49Pro,Missense,Substitution,2,49,A1,Heavy chain,N,X,,,,Severe,No,,2005,151,,0,2,0,Exon,Early,0,0,35b3fe69-58de-48ce-a573-896acdb4f12d,4.4,Caucasian,Prophylaxis,37,0
c.202A>G,154227817,p.(Thr68Ala),Thr49Ala,Missense,Substitution,2,49,A1,Heavy chain,N,X,,,,Severe,No,,2005,151,,0,2,0,Exon,Early,0,0,20c48301-046a-4c14-96e0-ce8185d81f5c,1.7,Caucasian,Prophylaxis,16,0
c.203_204insGA,154227815_154227816,p.(Leu69Ilefs*4),Leu50Ilefs*4,Frameshift,Insertion,2,50,A1,Heavy chain,N,X,,,,Severe,Yes,,2003,"0, 136",,1,2,1,Exon,Early,1,2,234b790a-bb44-44c8-9589-8639776cc6e3,9.3,Caucasian,Prophylaxis,82,0
c.203C>A,154227816,p.(Thr68Asn),Thr49Asn,Missense,Substitution,2,49,A1,Heavy chain,N,,X,,,Moderate,No,,2010,207,,0,1,0,Exon,Early,0,0,e517aff3-aa19-4eb8-a672-f22e62dad665,3.4,Caucasian,Prophylaxis,20,0
c.205_206del,154227813_154227814,p.(Leu69Valfs*13),Leu50Valfs*13,Frameshift,Deletion,2,50,A1,Heavy chain,N,X,,,,Severe,No,,2005,"0, 151",,0,2,1,Exon,Early,1,2,adee3d5c-f71a-4995-a97e-f38f36b5cffd,5.5,Caucasian,Prophylaxis,49,0
c.205C>G,154227814,p.(Leu69Val),Leu50Val,Missense,Substitution,2,50,A1,Heavy chain,N,X,,,,Severe,No,,2010,213,,0,2,0,Exon,Early,0,0,a9aa66c2-0843-4cf3-8752-6acf17bd2283,2.1,Caucasian,Prophylaxis,23,0
c.206_207del,154227812_154227813,p.(Phe70Cyfs*12),Phe51Cysfs*12,Frameshift,Deletion,2,51,A1,Heavy chain,,X,,,,Severe,Not reported,,2013,249,X,0,2,1,Exon,Early,1,2,c98b4c59-9730-4490-8519-74bf4a56b95f,3.7,Caucasian,On-Demand,12,0
c.206_209del,154227810_154227813,p.(Phe70*),Phe51*,Frameshift,Deletion,2,51,A1,Heavy chain,,X,,,,Severe,No,,2010,203,X,0,2,1,Exon,Early,1,2,0174783c-8957-4c1b-bc2d-2bc0d10c51de,6.2,Black,Prophylaxis,45,0
c.206dupT,154227813,p.(Phe70Valfs*13),Phe51Valfs*13,Frameshift,Duplication,2,51,A1,Heavy Chain,N,X,,,,Severe,No,,2016,282,,0,2,1,Exon,Early,1,2,53c08328-ccd9-44a1-8e81-efa20a115f1b,5.4,Caucasian,Prophylaxis,37,0
c.206T>C,154227813,p.(Leu69Pro),Leu50Pro,Missense,Substitution,2,50,A1,Heavy chain,N,,,,X,Moderate/Severe,Yes,,2000,105,,1,,0,Exon,Early,0,,c0659968-5b1a-4ff2-8ae7-2f26b756b1d9,15.5,Caucasian,On-Demand,66,0
c.207_208del,154227811_154227812,p.(Phe70Cysfs*12),Phe51Cysfs*12,Frameshift,Deletion,2,51,A1,Heavy chain,N,,,,,Severe,No,,2008,177,,0,2,1,Exon,Early,1,2,e9f85afd-213d-4aff-9d67-15397b79f705,4.6,Asian,Prophylaxis,39,0
c.208_211del,154227808_154227811,p.(Phe70*),Phe51*,Frameshift,Deletion,2,50,A1,Heavy chain,N,X,X,,,Moderate/Severe,Yes,,1996,"0, 72",,1,,1,Exon,Early,1,,77d79522-e3f7-42af-aedc-546557eb0a81,22.6,Caucasian,On-Demand,88,1
c.208T>C,154227811,p.(Phe70Leu),Phe51Leu,Missense,Substitution,2,51,A1,Heavy chain,N,,X,,,Moderate,Not reported,,2018,293,,0,1,0,Exon,Early,0,0,dd2c90dc-c2a9-4ee2-9fc9-45bd5173d363,2.2,Hispanic,On-Demand,14,0
c.209_212del,154227807_154227810,p.(Phe70*),Phe51*,Frameshift,Deletion,2,51,A1,Heavy chain,N,X,,,,Severe,No,,1998,"0, 87",,0,2,1,Exon,Early,1,2,6c18a782-6b65-436d-804d-81713fffbba8,2.5,Caucasian,Prophylaxis,36,0
c.209T>C,154227810,p.(Phe70Ser),Phe51Ser,Missense,Substitution,2,51,A1,Heavy chain,N,X,,,,Severe,No,,2005,154,,0,2,0,Exon,Early,0,0,b5f667e7-c5ba-4035-8027-0a897a0f7c25,4.5,Asian,Prophylaxis,48,0
c.214G>A,154227805,p.(Glu72Lys),Glu53Lys,Missense,Substitution,2,53,A1,Heavy chain,N,,X,,,Moderate,No,,2003,133,,0,1,0,Exon,Early,0,0,baae6d78-78c3-43bc-b3e7-8b6ba53e0172,2.9,Caucasian,On-Demand,26,0
c.214G>C,154227805,p.(Glu72Gln),Glu53Gln,Missense,Substitution,2,53,A1,Heavy chain,N,,,X,,Mild,Not reported,,2008,"183, 186",,0,0,0,Exon,Early,0,0,3677aaa6-d0f2-4483-b24d-748626f2d05a,10.9,Asian,On-Demand,65,0
c.214G>T,154227805,p.(Glu72*),Glu53*,Nonsense,Substitution,2,53,A1,Heavy chain,N,X,,,,Severe,Not reported,,2014,256,,0,2,1,Exon,Early,4,8,39dc6c63-b5ac-4a07-a7a5-7480e94082af,2.1,Asian,Prophylaxis,29,0
c.216A>C,154227803,p.(Glu72Asp),Glu53Asp,Missense,Substitution,2,53,A1,Heavy chain,N,,,X,,Mild,Not reported,,2009,189,,0,0,0,Exon,Early,0,0,42ab84d8-20a0-4c83-8eaa-3149e25a01e0,16,Caucasian,On-Demand,65,0
c.217T>C,154227802,p.(Phe73Leu),Phe54Leu,Missense,Substitution,2,54,A1,Heavy chain,N,,X,,,Severe,No,,0,0,,0,2,0,Exon,Early,0,0,d3b67267-ed28-49b2-8126-d696016a9d53,7.7,Caucasian,Prophylaxis,78,0
c.218T>C,154227801,p.(Phe73Ser),Phe54Ser,Missense,Substitution,2,54,A1,Heavy chain,N,X,,,,Severe,No,,2020,319,X,0,2,0,Exon,Early,0,0,73cf7759-77f3-4f6b-9d6f-18e495af7d3f,4.5,Black,Prophylaxis,45,0
c.219C>A,154227800,p.(Phe73Leu),Phe54Leu,Missense,Substitution,2,54,A1,Heavy chain,N,,X,,,Moderate,Not Reported,,2013,241,,0,1,0,Exon,Early,0,0,2095137b-3878-44b9-aed8-33cc84e7ce1b,2.7,Black,Prophylaxis,24,0
c.222G>A,154227797,p.(=),0,Synonymous,Substitution,2,55,A1,Heavy chain,N,,,X,,Mild,Not reported,Potential splice reported benign  in ref. 253,2015,"273, 315",,0,0,0,Exon,Early,2,0,aaa371a7-bd46-48d0-97aa-0f24db6a4cf0,5.2,Asian,On-Demand,35,0
c.222G>T,154227797,p.(=),0,Synonymous,Substitution,2,55,A1,Heavy chain,N,,,X,,Mild,Not reported,exon skipping,2022,346,X,0,0,0,Exon,Early,2,0,6e2afa01-3a07-47e5-a85e-5a2a9100ef04,24.7,Caucasian,On-Demand,115,1
c.223G>T,154227796,p.(Asp75Tyr),Asp56Tyr,Missense,Substitution,2,56,A1,Heavy chain,N,,,,X,Moderate/Severe,No,,2000,105,,0,,0,Exon,Early,0,,0c6c3185-c493-4da1-81b3-cd9b9dc2e607,2.6,Hispanic,On-Demand,4,0
c.224A>G,154227795,p.(Asp75Gly),Asp56Gly,Missense,Substitution,2,56,A1,Heavy chain,N,,,X,,Mild,Not reported,,2016,280,,0,0,0,Exon,Early,0,0,7073f1aa-5499-4364-87d2-16204991dae6,2,Caucasian,On-Demand,34,0
c.224delA,154227795,p.(Asp75Valfs*17),Asp56Valfs*17,Frameshift,Deletion,2,56,A1,Heavy chain,N,X,,,,Severe,No,,2006,"0, 158",,0,2,1,Exon,Early,1,2,b785c1ad-e19c-448c-ab52-dc0dc5efe699,4.2,Black,Prophylaxis,46,0
c.225T>A,154227794,p.(Asp75Glu),Asp56Glu,Missense,Substitution,2,56,A1,Heavy chain,N,,X,,,Moderate,No,,1995,67,,0,1,0,Exon,Early,0,0,0ea258f9-7598-43f1-adb4-794226e779b7,4.4,Hispanic,Prophylaxis,59,1
c.230T>C,154227789,p.(Leu77Pro),Leu58Pro,Missense,Substitution,2,58,A1,Heavy chain,N,X,,,,Severe,No,,2005,151,,0,2,0,Exon,Early,0,0,d672f542-ef5b-4d48-b23a-cd39173ae62f,2.7,Asian,Prophylaxis,27,0
c.232T>C,154227788,p.(Phe78Leu),Phe59Leu,Missense,Substitution,2,59,A1,Heavy chain,N,,,X,,Mild,Not reported,,2022,344,X,0,0,0,Exon,Early,0,0,dbce9b76-c504-4579-98da-e8d4816bfc14,25.9,Caucasian,Prophylaxis,269,0
c.233delT,154227786,p.(Phe78Serfs*14),Phe59Serfs*14,Frameshift,Deletion,2,59,A1,Heavy chain,N,X,,,,Severe,Yes,,2012,231,,1,2,1,Exon,Early,1,2,0ae296b6-27f3-445c-bb9d-74553f03f325,2.5,Caucasian,Prophylaxis,22,1
c.240C>T,154227779,p.(=),0,Synonymous,Substitution,2,61,A1,Heavy Chain,N,,,X,,Mild,Yes,,2010,210,,1,0,0,Exon,Early,2,0,3ca4ab5f-7047-49cb-b922-3bdaa1b3c282,21.3,Caucasian,On-Demand,103,0
c.241G>T,154227778,p.(Ala81Ser),Ala62Ser,Missense,Substitution,2,62,A1,Heavy chain,N,,,X,,Mild,Not reported,,2016,280,,0,0,0,Exon,Early,0,0,e7fc9181-6e7b-491d-844e-78209eccc039,2,Caucasian,On-Demand,18,0
c.242C>A,154227777,p.(Ala81Asp),Ala62Asp,Missense,Substitution,2,62,A1,Heavy chain,N,,,X,,Mild,No,,2006,158,,0,0,0,Exon,Early,0,0,ca082078-51e6-4d99-b26c-1b6480c25f95,13.4,Caucasian,On-Demand,64,1
c.244A>G,154227775,p.(Lys82Glu),Lys63Glu,Missense,Substitution,2,63,A1,Heavy chain,N,,,X,,Mild,Not reported,,2014,256,,0,0,0,Exon,Early,0,0,09ee9cbb-9de6-4050-9002-9216b6c6dd13,3.9,Black,On-Demand,12,0
c.245delA,154227774,p.(Lys82Serfs*10),Lys63Serfs*10,Frameshift,Deletion,2,63,A1,Heavy chain,N,,,,X,Not reported,Not reported,,2021,332,X,0,,1,Exon,Early,1,,8cd94b1b-48c7-4908-9c25-f08321825ce3,16.5,Caucasian,On-Demand,76,0
c.248C>G,154227771,p.(Pro83Arg),Pro64Arg,Missense,Substitution,2,64,A1,Heavy chain,N,,,X,,Mild,No,,2008,188,,0,0,0,Exon,Early,0,0,04576c93-66bd-4c53-a6a8-09e88a516bf4,9.5,Caucasian,On-Demand,61,0
c.250_255del,154227764_154227769,p.(Arg84_Pro85del),Arg65_Pro66del,"Small structural change (in-frame, <50 bp)",Deletion,2,65,A1,Heavy chain,N,X,,,,Severe,No,,2002,130,,0,2,0,Exon,Early,5,10,9f205f83-acc4-4176-b36b-756a9b714e75,3,Caucasian,On-Demand,11,0
c.250A>G,154227769,p.(Arg84Gly),Arg65Gly,Missense,Substitution,2,65,A1,Heavy chain,N,,X,,,Moderate,No,,2008,180,,0,1,0,Exon,Early,0,0,4e07becf-1078-48db-a60c-809d5233cd62,1.7,Black,Prophylaxis,34,0
c.255_257del,154227764_154227766,p.(Pro85del),Pro67del,"Small structural change (in-frame, <50 bp)",Deletion,2,67,A1,Heavy chain,N,,X,,,Moderate,No,,2002,130,,0,1,0,Exon,Early,5,5,ca111e91-588c-4c0b-a8a1-dce9de269bb8,6.1,Black,Prophylaxis,49,0
c.259delT,154227760,p.(Trp87Glyfs*5),Trp68Glyfs*5,Frameshift,Deletion,2,68,A1,Heavy chain,N,X,,,,Severe,Not reported,,2018,293,,0,2,1,Exon,Early,1,2,949560c4-4997-4b1f-b293-604a7684ec10,1.6,Black,Prophylaxis,23,0
c.260G>A,154227759,p.(Trp87*),Trp68*,Nonsense,Substitution,2,68,A1,Heavy chain,N,,,,X,Not reported,Not reported,,2015,268,,0,,1,Exon,Early,4,,6b06ceb1-f776-4fd8-a4e6-c472a7ca844e,11.4,Caucasian,On-Demand,68,0
c.261G>A,154227758,p.(Trp87*),Trp68*,Nonsense,Substitution,2,68,A1,Heavy chain,N,X,,,,Severe,No,,2012,231,,0,2,1,Exon,Early,4,8,e4eeac9b-6b90-4924-b17b-300504803db5,1.1,Caucasian,Prophylaxis,28,0
c.262A>G,154227757,p.(Met88Val),Met69Val,Missense,Substitution,2,69,A1,Heavy chain,N,X,,,,Severe,No,,2016,280,,0,2,0,Exon,Early,0,0,56a18b77-55b3-4717-a044-108409f86305,8.5,Caucasian,Prophylaxis,67,0
c.265G>A,154227754,p.(Gly89Ser),Gly70Ser,Missense,Substitution,2,70,A1,Heavy chain,N,,,,X,Severe,Not reported,,1997,77,,0,2,0,Exon,Early,0,0,ce4021f5-8259-4f27-8a2e-aa340dacfc72,2.6,Hispanic,Prophylaxis,25,0
c.265G>C,154227754,p.(Gly89Arg),Gly70Arg,Missense,Substitution,2,70,A1,Heavy Chain,N,,X,,,Moderate,Not reported,,2012,224,,0,1,0,Exon,Early,0,0,94b53740-9fe3-4f80-9cca-6da1f15910b9,7.6,Asian,Prophylaxis,79,0
c.266-?_388+?del,154225248_154225370,,,Large structural change (>50 bp),Deletion,3,,A1,single domain,N,X,,,,Severe,No,,1988,11,,0,2,0,Exon,Early,3,6,251c392d-5f63-46de-8529-a1fcc4fa1de8,1.1,Caucasian,Prophylaxis,11,0
c.266G>A,154225370,p.(Gly89Asp),Gly70Asp,Missense,Substitution,3,70,A1,Heavy chain,N,X,X,,,Moderate/Severe,No,,1996,"0, 72",,0,,0,Exon,Early,0,,655e9320-2534-41ef-98d2-ed92c2835180,18.5,Asian,Prophylaxis,168,0
c.266G>C,154225370,p.(Gly89Ala),Gly70Ala,Missense,Substitution,3,70,A1,Heavy chain,N,X,,,,Severe,Yes,,2010,212,,1,2,0,Exon,Early,0,0,b9788cac-0b63-4f43-883f-c1cf941dab80,5.5,Asian,Prophylaxis,71,0
c.266G>T,154225370,p.(Gly89Val),Gly70Val,Missense,Substitution,3,70,A1,Heavy chain,N,X,,,,Severe,Not Reported,,2018,293,,0,2,0,Exon,Early,0,0,325dccc5-5096-4b23-b521-aeae1419f313,9.8,Caucasian,Prophylaxis,101,0
c.269T>C,154225367,p.(Leu90Pro),Leu71Pro,Missense,Substitution,3,71,A1,Heavy chain,N,X,,,,Severe,No,,0,0,,0,2,0,Exon,Early,0,0,4977df83-8985-435f-bc6e-c652c4191b37,4.3,Caucasian,Prophylaxis,35,0
c.269T>G,154225367,p.(Leu90Arg),Leu71Arg,Missense,Substitution,3,71,A1,Heavy chain,N,X,,,,Severe,Not reported,,2014,256,,0,2,0,Exon,Early,0,0,4c42b905-1b9c-4f0f-9a5b-a061932c1d54,1.9,Asian,Prophylaxis,29,1
c.270delG,154225366,p.(Leu91*),Leu72*,Frameshift,Deletion,3,72,A1,Heavy chain,N,,,,X,Moderate/Severe,No,,2000,105,,0,,1,Exon,Early,1,,67ef40bb-0cae-49cf-985e-4b3bc6407a77,6.4,Caucasian,Prophylaxis,71,0
c.274G>A,154225362,p.(Gly92Ser),Gly73Ser,Missense,Substitution,3,73,A1,Heavy chain,N,,X,,,Moderate,Not reported,,2010,200,,0,1,0,Exon,Early,0,0,5d48f9ea-db86-4e1f-9cef-3c8b36784ac6,3.8,Black,Prophylaxis,31,0
c.274G>C,154225362,p.(Gly92Arg),Gly73Arg,Missense,Substitution,3,73,A1,Heavy chain,N,X,,,,Severe,No,,2012,225,,0,2,0,Exon,Early,0,0,2e670e8d-cba1-47b7-9ac0-7373e3ccf6d1,4.3,Caucasian,Prophylaxis,39,0
c.274G>T,154225362,p.(Gly92Cys),Gly73Cys,Missense,Substitution,3,73,A1,Heavy Chain,N,X,,,,Severe,No,,2012,233,,0,2,0,Exon,Early,0,0,5a800887-f6d7-4344-90ed-7272a113c3c1,5.3,Asian,Prophylaxis,58,0
c.275G>A,154225361,p.(Gly92Asp),Gly73Asp,Missense,Substitution,3,73,A1,Heavy chain,N,X,,,,Severe,Not reported,,2008,"183, 186",,0,2,0,Exon,Early,0,0,7c7dfe80-f4e9-4675-8493-db1fcdcf6201,1.5,Black,On-Demand,5,0
c.275G>C,154225361,p.(Gly92Ala),Gly73Ala,Missense,Substitution,3,73,A1,Heavy Chain,N,,,X,,Mild,Yes,,2001,113,,1,0,0,Exon,Early,0,0,b59d84f7-05e4-4468-8826-dfee1b946117,27.9,Caucasian,On-Demand,150,0
c.275G>T,154225361,p.(Gly92Val),Gly73Val,Missense,Substitution,3,73,A1,Heavy chain,N,,,X,,Mild,Not reported,,1992,43,,0,0,0,Exon,Early,0,0,48edd79f-f0fa-49a7-a464-4b0004423f3b,19.3,Asian,On-Demand,98,1
c.277C>T,154225359,p.(Pro93Ser),Pro74Ser,Missense,Substitution,3,74,A1,Heavy chain,N,,X,,,Moderate,No,,2008,177,,0,1,0,Exon,Early,0,0,4277dbdc-f598-4489-944e-8061645b1cc8,5.1,Caucasian,On-Demand,23,0
c.278C>T,154225358,p.(Pro93Leu),Pro74Leu,Missense,Substitution,3,74,A1,Heavy chain,N,X,,,,Severe,Not reported,,2008,181,,0,2,0,Exon,Early,0,0,1a9c9b3c-032e-442b-9780-682c26a2b8fd,2.8,Asian,Prophylaxis,36,0
c.280A>G,154225356,p.(Thr94Ala),Thr75Ala,Missense,Substitution,3,75,A1,Heavy chain,N,,,X,,Mild,No,,2017,284,,0,0,0,Exon,Early,0,0,8da01985-90a8-42f9-a0ce-5cb9ee01e0f0,4.6,Caucasian,On-Demand,35,0
c.280A>T,154225356,p.(Thr94Ser),Thr75Ser,Missense,Substitution,3,75,A1,Heavy chain,N,,,X,,Mild,No,,2008,180,,0,0,0,Exon,Early,0,0,069b0a8b-c993-4dd1-8873-e468a80259f3,29.5,Asian,On-Demand,149,0
c.281C>G,154225355,p.(Thr94Ser),Thr75Ser,Missense,Substitution,3,75,A1,Heavy chain,N,,,X,,Mild,Not reported,,2021,339,X,0,0,0,Exon,Early,0,0,1e3b8fe3-07da-4427-9a21-19dc6e3ee9bd,2,Hispanic,Prophylaxis,25,0
c.284T>A,154225352,p.(Ile95Asn),Ile76Asn,Missense,Substitution,3,76,A1,Heavy chain,N,X,,,,Severe,No,,0,0,,0,2,0,Exon,Early,0,0,3fa1b938-22ba-4c8c-861f-67c7f0fd5a7d,4.1,Other,Prophylaxis,51,0
c.284T>C,154225352,p.(Ile95Thr),Ile76Thr,Missense,Substitution,3,76,A1,Heavy chain,N,X,,,,Severe,No,,2013,240,,0,2,0,Exon,Early,0,0,e3cb7c24-45df-4d1b-8229-a7af373b281e,2.7,Hispanic,Prophylaxis,41,1
c.284T>G,154225352,p.(Ile95Ser),Ile76Ser,Missense,Substitution,3,76,A1,Heavy chain,N,,,X,,Mild,No,,2007,161,,0,0,0,Exon,Early,0,0,b9de9983-1be5-40a7-b390-18de75a7d6de,10.5,Black,On-Demand,67,0
c.286C>T,154225350,p.(Gln96*),Gln77*,Nonsense,Substitution,3,77,A1,Heavy chain,N,X,,,,Severe,Not reported,,2013,249,,0,2,1,Exon,Early,4,8,6a184e73-5167-481e-aa5f-0a75dbf3e092,3.1,Caucasian,Prophylaxis,22,0
c.287A>C,154225349,p.(Gln96Pro),Gln77Pro,Missense,Substitution,3,77,A1,Heavy chain,N,X,,,,Severe,Not reported,,2019,314,,0,2,0,Exon,Early,0,0,195259f0-5156-4e3b-a6af-5b051686ada0,0.9,Hispanic,Prophylaxis,1,0
c.288_293del,154225343_154225348,p.(Ala97_Glu98del),Ala78_Glu79del,"Small structural change (in-frame, <50 bp)",Deletion,3,78,A1,Heavy chain,N,X,,,,Severe,Not reported,,2008,"183, 186",,0,2,0,Exon,Early,5,10,821217bc-1e72-408c-90e7-eb8c0c1eac0e,3.4,Caucasian,On-Demand,8,0
c.289G>C,154225347,p.(Ala97Pro),Ala78Pro,Missense,Substitution,3,78,A1,Heavy chain,N,,X,,,Severe,Yes,,2002,132,,1,2,0,Exon,Early,0,0,6e7590fd-f4e6-4ab9-90f5-783abf4d6e9d,7.8,Caucasian,Prophylaxis,94,0
c.292G>A,154225344,p.(Glu98Lys),Glu79Lys,Missense,Substitution,3,79,A1,Heavy chain,N,X,,,,Severe,No,,1998,87,,0,2,0,Exon,Early,0,0,f629c86c-2793-4f97-9094-666d16d6f782,5.5,Other,Prophylaxis,48,0
c.293A>G,154225343,p.(Glu98Gly),Glu79Gly,Missense,Substitution,3,79,A1,Heavy chain,N,,X,,,Moderate,No,,2010,201,,0,1,0,Exon,Early,0,0,6a08d847-43db-4b00-b138-aa1615a93801,3,Caucasian,Prophylaxis,18,0
c.293A>T,154225343,p.(Glu98Val),Glu79Val,Missense,Substitution,3,79,A1,Heavy chain,N,,X,,,Moderate,No,,2010,"0, 210",,0,1,0,Exon,Early,0,0,969165f8-436b-409a-a38d-b8fedd1d966a,2.3,Asian,Prophylaxis,15,0
c.295G>T,154225341,p.(Val99Phe),Val80Phe,Missense,Substitution,3,80,A1,Heavy Chain,N,X,,,,Severe,No,1 stage-2 stage assay discrepancy,2012,233,,0,2,0,Exon,Early,0,0,2889d6fc-8a07-4f72-9d31-937d550055b3,3,Other,On-Demand,20,0
c.296T>A,154225340,p.(Val99Asp),Val80Asp,Missense,Substitution,3,80,A1,Heavy chain,N,X,,,,Severe,Not reported,,1996,72,,0,2,0,Exon,Early,0,0,acd687ba-7e38-4396-a88f-8d32166e5127,5.4,Caucasian,Prophylaxis,64,0
c.296T>C,154225340,p.(Val99Ala),Val80Ala,Missense,Substitution,3,80,A1,Heavy chain,N,,,X,,Mild,No,,2012,231,,0,0,0,Exon,Early,0,0,84e3c08c-6d64-4a0f-975a-db05f46c8108,23.8,Caucasian,On-Demand,109,0
c.299delA,154225337,p.(Tyr100Leufs*61),Tyr81Leufs*61,Frameshift,Deletion,3,81,A1,Heavy chain,N,,,,X,Not reported,Not reported,,2021,332,X,0,,1,Exon,Early,1,,663339c2-add2-418d-8e4a-ca670edce55b,9.8,Caucasian,On-Demand,51,0
c.300T>G,154225336,p.(Tyr100*),Tyr81*,Nonsense,Substitution,3,81,A1,Heavy chain,N,X,,,,Severe,Yes,,2010,212,,1,2,1,Exon,Early,4,8,8272cbe4-4994-4765-afa1-f9ced416d6f8,8,Asian,Prophylaxis,83,0
c.301G>C,154225335,p.(Asp101His),Asp82His,Missense,Substitution,3,82,A1,Heavy chain,N,,,,X,Severe,Not reported,,2001,118,,0,2,0,Exon,Early,0,0,9708ac12-49d0-4b0a-8d59-71b4d5702ac9,4.5,Hispanic,On-Demand,25,0
c.302A>G,154225334,p.(Asp101Gly),Asp82Gly,Missense,Substitution,3,82,A1,Heavy chain,N,X,,,,Severe,No,,1998,87,,0,2,0,Exon,Early,0,0,48dbfb0f-d02c-400e-af92-f2caf7ed3bfc,5.3,Black,Prophylaxis,61,0
c.302A>T,154225334,p.(Asp101Val),Asp82Val,Missense,Substitution,3,82,A1,Heavy chain,N,X,,,,Severe,Not reported,,1996,72,,0,2,0,Exon,Early,0,0,23c8b349-ea0f-4f4b-afbf-88435926bd83,3,Black,Prophylaxis,21,0
c.304A>C,154225332,p.(Thr102Pro),Thr83Pro,Missense,Substitution,3,83,A1,Heavy chain,N,X,,,,Severe,No,,2020,320,X,0,2,0,Exon,Early,0,0,b240bf70-9885-4648-a3ab-230a715b6a27,3.3,Other,Prophylaxis,33,0
c.304dupA,154225332,p.(Thr102Asnfs*7),Thr83Asnfs*7,Frameshift,Duplication,3,83,A1,Heavy chain,N,X,,,,Severe,Not reported,,2017,286,,0,2,1,Exon,Early,1,2,4105403b-305c-41af-9b73-bf36f70a7a2b,6.2,Caucasian,Prophylaxis,48,0
c.305_306insTGAGATTTATGTTCTTA,154225330_154225331,p.(Val103Glufs*64),Val84Glufs*64,Frameshift,Insertion,3,84,A1,Heavy chain,N,,X,,,Severe,No,,2006,157,,0,2,1,Exon,Early,1,2,dc2e8d58-b03b-4843-bcd0-f92497841395,5.4,Hispanic,Prophylaxis,54,0
c.308T>A,154225328,p.(Val103Glu),Val84Glu,Missense,Substitution,3,84,A1,Heavy chain,N,X,,,,Severe,Not reported,,2008,"183, 186",,0,2,0,Exon,Early,0,0,1c79bca7-5108-44cb-b8c5-2654f23062de,4.3,Black,Prophylaxis,47,0
c.308T>C,154225328,p.(Val103Ala),Val84Ala,Missense,Substitution,3,84,A1,Heavy chain,N,,,X,,Mild,No,,2008,180,,0,0,0,Exon,Early,0,0,26e1ba88-b686-4cd5-b5c0-b5af8b2bffd9,2,Caucasian,On-Demand,19,0
c.310delG,154225326,p.(Val104Serfs*57),Val85Serfs*57,Frameshift,Deletion,3,85,A1,Heavy chain,N,,,,X,Not reported,Not reported,,2021,332,X,0,,1,Exon,Early,1,,a53a5e9a-bd34-44a9-a75e-e3537a186db1,9.4,Caucasian,On-Demand,50,0
c.311T>A,154225325,p.(Val104Asp),Val85Asp,Missense,Substitution,3,85,A1,Heavy chain,N,,X,X,,Mild,Not reported,,1992,43,,0,0,0,Exon,Early,0,0,d7940fd1-a59e-49d3-8b37-5d1ad097abec,13.7,Asian,On-Demand,48,0
c.311T>C,154225325,p.(Val104Ala),Val85Ala,Missense,Substitution,3,85,A1,Heavy chain,N,,,X,,Mild,No,,2010,203,,0,0,0,Exon,Early,0,0,a1cc902e-5038-40bc-beb1-cdb5f99f1fe6,2,Black,On-Demand,1,0
c.311T>G,154225325,p.(Val104Gly),Val85Gly,Missense,Substitution,3,85,A1,Heavy chain,N,X,,,,Severe,Not reported,,2016,280,,0,2,0,Exon,Early,0,0,1c59ba95-70ac-4b17-a12f-c459f9f18478,7.6,Caucasian,On-Demand,51,0
c.313A>T,154225323,p.(Ile105Phe),Ile86Phe,Missense,Substitution,3,86,A1,Heavy chain,N,,,,X,Not reported,Not reported,,2021,332,X,0,,0,Exon,Early,0,,4e069ca3-1ebb-4b35-af7b-c6ea9f8828d4,13.9,Caucasian,On-Demand,75,0
c.316A>G,154225320,p.(Thr106Ala),Thr87Ala,Missense,Substitution,3,87,A1,Heavy chain,N,,,X,,Mild,No,,2013,239,,0,0,0,Exon,Early,0,0,51475739-4583-46a0-aebb-dc3286e4f393,14.5,Caucasian,On-Demand,74,0
c.319C>T,154225317,p.(Leu107Phe),Leu88Phe,Missense,Substitution,3,88,A1,Heavy chain,N,,,X,,Mild,No,,2008,180,,0,0,0,Exon,Early,0,0,3e0db846-54bd-49db-bf6c-c352ccf94488,15.7,Hispanic,On-Demand,76,0
c.322A>G,154225314,p.(Lys108Glu),Lys89Glu,Missense,Substitution,3,89,A1,Heavy chain,N,,,X,,Mild,Not reported,,2022,344,X,0,0,0,Exon,Early,0,0,2b4ff991-fb05-4069-ac6c-d991cf05825b,18.4,Black,On-Demand,96,0
c.322A>T,154225314,p.(Lys108*),Lys89*,Nonsense,Substitution,3,89,A1,Heavy chain,N,X,,,,Severe,Yes,,2014,254,,1,2,1,Exon,Early,4,8,09e66783-b6e8-4005-9667-2b011e635692,1.9,Asian,On-Demand,12,1
c.323A>C,154225313,p.(Lys108Thr),Lys89Thr,Missense,Substitution,3,89,A1,Heavy chain,N,,,,X,Mild/Moderate,Not reported,,1991,36,,0,,0,Exon,Early,0,,30e9998a-3ba3-46b0-b636-460196ca2448,4.7,Asian,On-Demand,23,0
c.325A>C,154225311,p.(Asn109His),Asn90His,Missense,Substitution,3,90,A1,Heavy chain,N,,,,X,Not reported,Not reported,,0,0,,0,,0,Exon,Early,0,,d91de9a5-4650-4bdd-a7e2-51616e8833a2,14.6,Asian,Prophylaxis,131,0
c.325A>G,154225311,p.(Asn109Asp),Asn90Asp,Missense,Substitution,3,90,A1,Heavy chain,N,X,,,,Severe,Not reported,,2016,280,,0,2,0,Exon,Early,0,0,a95b658e-ca6f-4c67-9f4a-0351ac72c4bf,2.4,Caucasian,Prophylaxis,33,0
c.325A>T,154225311,p.(Asn109Tyr),Asn90Tyr,Missense,Substitution,3,90,A1,Heavy chain,N,X,,,,Severe,No,,2013,240,,0,2,0,Exon,Early,0,0,bcc0c2cd-cc3e-4ac6-8e35-93299331a1dc,15.2,Hispanic,Prophylaxis,147,0
c.326A>G,154225310,p.(Asn109Ser),Asn90Ser,Missense,Substitution,3,90,A1,Heavy chain,N,X,,,,Severe,Not reported,,2018,"293, 308",,0,2,0,Exon,Early,0,0,fdb10eae-61f9-4d4e-81c2-35a9ffbc2e20,3.8,Other,Prophylaxis,32,0
c.328A>G,154225308,p.(Met110Val),Met91Val,Missense,Substitution,3,91,A1,Heavy chain,N,,,,X,Mild/Moderate,Not reported,,1991,36,,0,,0,Exon,Early,0,,2ab90145-cc7f-47a1-ae37-42214edcd346,39,Asian,On-Demand,194,0
c.330_331delinsTA,154225305_154225306,p.(Met110_Ala111delinsIleThr),Met91_Ala111delinsIleThr,"Small structural change (in-frame, <50 bp)",Deletion/Insertion,3,91,A1,Heavy chain,N,,X,,,Moderate,Not reported,,2018,293,,0,1,0,Exon,Early,5,5,25b9d61a-b0f4-4226-9709-93cfa8f22135,4.4,Caucasian,Prophylaxis,23,0
c.330G>A,154225306,p.(Met110Ile),Met91Ile,Missense,Substitution,3,91,A1,Heavy chain,N,,,X,,Mild,Not reported,,2016,280,,0,0,0,Exon,Early,0,0,28b94312-33fd-42f6-857c-701ca449e936,5,Asian,On-Demand,22,0
c.331G>A,154225305,p.(Ala111Thr),Ala92Thr,Missense,Substitution,3,92,A1,Heavy chain,N,X,,,,Severe,No,,2005,149,,0,2,0,Exon,Early,0,0,66f93329-0d70-4eca-ba1a-2dd143144313,2.7,Black,Prophylaxis,22,0
c.331G>C,154225305,p.(Ala111Pro),Ala92Pro,Missense,Substitution,3,92,A1,Heavy chain,N,X,,,,Severe,Not reported,,2016,280,,0,2,0,Exon,Early,0,0,f72f8d80-54e8-46c0-9188-72094f70fe68,11,Black,Prophylaxis,113,0
c.331G>T,154225305,p.(Ala111Ser),Ala92Ser,Missense,Substitution,3,92,A1,Heavy chain,N,,X,,,Moderate,Not reported,,2016,280,,0,1,0,Exon,Early,0,0,2683726e-1bda-4114-8591-1926378a987e,4.1,Asian,Prophylaxis,50,0
c.332C>G,154225304,p.(Ala111Gly),Ala92Gly,Missense,Substitution,3,92,A1,Heavy chain,N,,,X,,Mild,Not reported,,2016,280,,0,0,0,Exon,Early,0,0,ba92dbe5-2078-4899-8fef-4cf2607a7b00,11.3,Caucasian,Prophylaxis,115,0
c.332C>T,154225304,p.(Ala111Val),Ala92Val,Missense,Substitution,3,92,A1,Heavy chain,N,,X,,,Moderate,Not reported,,2002,127,,0,1,0,Exon,Early,0,0,433c412c-1cac-4466-86ed-3a62f965faf1,3.1,Caucasian,Prophylaxis,35,0
c.335C>T,154225301,p.(Ser112Phe),Ser93Phe,Missense,Substitution,3,93,A1,Heavy chain,N,,,X,,Mild,Not reported,,2013,249,,0,0,0,Exon,Early,0,0,6eda2b35-36ce-47db-a486-9fc747413d63,14.8,Black,On-Demand,95,0
c.337C>T,154225299,p.(His113Tyr),His94Tyr,Missense,Substitution,3,94,A1,Heavy chain,N,,,X,,Mild,Not reported,,1999,101,,0,0,0,Exon,Early,0,0,bd152d31-2d84-42ae-94d2-36dfb90a5803,3.7,Caucasian,On-Demand,24,0
c.338_341dup,154225295_154225298,p.(Val115Serfs*16),Val96Serfs*16,Frameshift,Duplication,3,96,A1,Heavy chain,N,,X,,,Moderate,Not reported,,2008,181,,0,1,1,Exon,Early,1,1,30dbdc15-583e-4b69-b50f-f1b415cd28a6,3.2,Black,Prophylaxis,15,0
c.338A>G,154225298,p.(His113Arg),His94Arg,Missense,Substitution,3,94,A1,Heavy chain,N,,,X,,Mild,No,,1995,66,,0,0,0,Exon,Early,0,0,713d29ce-46e6-4344-a917-2035b8d37951,2.7,Caucasian,On-Demand,1,0
c.339T>A,154225297,p.(His113Gln),His94Gln,Missense,Substitution,3,94,A1,Heavy chain,N,X,,,,Severe,Not reported,,2008,"183, 186",,0,2,0,Exon,Early,0,0,54110cd1-0555-43de-8e33-451f98ea3944,1.2,Hispanic,Prophylaxis,32,1
c.341C>A,154225295,p.(Pro114His),Pro95His,Missense,Substitution,3,95,A1,Heavy chain,N,,,X,,Mild,Not reported,,2015,275,,0,0,0,Exon,Early,0,0,0d478542-8950-448d-982d-1a9a9332af3e,2,Hispanic,On-Demand,4,0
c.341C>T,154225295,p.(Pro114Leu),Pro95Leu,Missense,Substitution,3,95,A1,Heavy chain,N,,X,,,Moderate,Not reported,,2008,"183, 186",,0,1,0,Exon,Early,0,0,237f1672-dd9c-416e-9dca-79f250a8cc57,9.3,Black,Prophylaxis,106,1
c.343G>C,154225293,p.(Val115Leu),Val96Leu,Missense,Substitution,3,96,A1,Heavy chain,N,X,,,,Severe,Not reported,,2016,280,,0,2,0,Exon,Early,0,0,ab425e86-0d95-4cc5-b339-945baf33f517,2.6,Hispanic,Prophylaxis,19,0
c.343G>T,154225293,p.(Val115Phe),Val96Phe,Missense,Substitution,3,96,A1,Heavy chain,N,X,,,,Severe,No,,2006,160,,0,2,0,Exon,Early,0,0,db7ed380-85cb-4c0d-8539-68b01cedb936,5.4,Caucasian,Prophylaxis,50,0
c.344T>C,154225292,p.(Val115Ala),Val96Ala,Missense,Substitution,3,96,A1,Heavy chain,N,,X,,,Moderate,No,,2012,231,,0,1,0,Exon,Early,0,0,76286e31-57fa-41cd-aae4-0265599b52de,3,Asian,Prophylaxis,18,0
c.344T>G,154225292,p.(Val115Gly),Val96Gly,Missense,Substitution,3,96,A1,Heavy chain,N,,X,,,Moderate,Not reported,,2008,"183, 186",,0,1,0,Exon,Early,0,0,d86dfc8b-e665-4b11-aa4c-ccad2fd9f00a,2.8,Caucasian,Prophylaxis,31,0
c.347_353del,154225283_154225289,p.(Ser116Metfs*43),Ser97Metfs*43,Frameshift,Deletion,3,97,A1,Heavy chain,N,X,,,,Severe,Yes,,2007,170,,1,2,1,Exon,Early,1,2,b02e5631-1d1b-4953-ae3a-3da53aa06e9e,4,Caucasian,Prophylaxis,27,0
c.347G>T,154225289,p.(Ser116Ile),Ser97Ile,Missense,Substitution,3,97,A1,Heavy chain,N,X,,,,Severe,Not reported,,2014,256,,0,2,0,Exon,Early,0,0,116a9255-0ee1-4c30-a71b-edf548952a49,9.4,Caucasian,Prophylaxis,102,0
c.348T>G,154225288,p.(Ser116Arg),Ser97Arg,Missense,Substitution,3,97,A1,Heavy chain,N,X,,,,Severe,Not reported,,2008,185,,0,2,0,Exon,Early,0,0,9f830390-bfc9-41c3-9906-f4d1eeaca04e,3.1,Asian,Prophylaxis,51,0
c.349_350insGT,154225286_154225287,p.(Leu117Argfs*45),Leu98Argfs*45,Frameshift,Insertion,3,98,A1,Heavy chain,N,X,,,,Severe,Not reported,,2008,180,,0,2,1,Exon,Early,1,2,7de509cb-171f-435d-9041-d1d5e67e46e2,3.2,Asian,Prophylaxis,30,1
c.349C>T,154225287,p.(Leu117Phe),Leu98Phe,Missense,Substitution,3,98,A1,Heavy chain,N,,,X,,Mild,No,,2001,123,,0,0,0,Exon,Early,0,0,a8b2c733-737c-4b8d-97c0-26eaa1049f6e,22.3,Asian,On-Demand,110,0
c.350T>C,154225286,p.(Leu117Pro),Leu98Pro,Missense,Substitution,3,98,A1,Heavy chain,N,X,,,,Severe,Not reported,,2008,"183, 186",,0,2,0,Exon,Early,0,0,25bcb41f-a07b-4572-963d-ecd7299da80f,4.2,Asian,Prophylaxis,46,0
c.350T>G,154225286,p.(Leu117Arg),Leu98Arg,Missense,Substitution,3,98,A1,Heavy chain,N,X,,,,Severe,Not reported,,1996,72,,0,2,0,Exon,Early,0,0,207c6959-5104-4157-88fa-c82162d9d0a9,2.1,Black,Prophylaxis,25,0
c.352delC,154225284,p.(His118Metfs*43),His99Metfs*43,Frameshift,Deletion,3,99,A1,Heavy Chain,N,X,,,,Severe,No,,2016,282,,0,2,1,Exon,Early,1,2,dc7f3f79-72dc-4c78-a644-b1bb4ef51d6b,4.6,Caucasian,On-Demand,16,0
c.353A>C,154225283,p.(His118Pro),His99Pro,Missense,Substitution,3,99,A1,Heavy chain,N,X,,,,Severe,Not reported,,2018,293,,0,2,0,Exon,Early,0,0,04be981e-ca2d-4ce3-9afe-fdaca45bb720,3.8,Asian,On-Demand,39,0
c.353A>G,154225283,p.(His118Arg),His99Arg,Missense,Substitution,3,99,A1,Heavy chain,N,,X,,,Moderate,No,,2007,168,,0,1,0,Exon,Early,0,0,27e2ae42-a19d-48e7-90ef-eb24e0488bef,4.4,Asian,Prophylaxis,48,0
c.355G>C,154225281,p.(Ala119Pro),Ala100Pro,Missense,Substitution,3,100,A1,Heavy Chain,N,,,X,,Mild,Not reported,,2010,211,,0,0,0,Exon,Early,0,0,c040eb50-2017-42b7-8635-ec2d4b9838a3,7.3,Other,On-Demand,39,0
c.358delinsTT,154225278,p.(Val120Phefs*10),Val101Phefs*10,Frameshift,Deletion/Insertion,3,101,A1,Heavy chain,N,,X,,,Moderate/Severe,No,,2003,136,,0,,1,Exon,Early,1,,765e4918-b02f-477a-97ee-a1b1482a5968,14.4,Black,On-Demand,75,0
c.359T>A,154225277,p.(Val120Asp),Val101Asp,Missense,Substitution,3,101,A1,Heavy chain,N,,,X,,Mild,No,,2007,161,,0,0,0,Exon,Early,0,0,6316c986-48f8-47f2-be90-19ea61c37068,20.6,Caucasian,On-Demand,106,0
c.359T>C,154225277,p.(Val120Ala),Val101Ala,Missense,Substitution,3,101,A1,Heavy chain,N,,,,X,Not reported ,No,,0,0,,0,,0,Exon,Early,0,,178c1a8d-7bdd-44ce-aa9e-aa0111a03ae5,21,Caucasian,On-Demand,112,0
c.360delT,154225276,p.(Gly121Valfs*40),Gly102Valfs*40,Frameshift,Deletion,3,102,A1,Heavy chain,N,X,,,,Severe,No,,1998,87,,0,2,1,Exon,Early,1,2,e6e54a21-ceee-4714-86b1-1661bf91858b,4.2,Caucasian,Prophylaxis,31,0
c.361G>A,154225275,p.(Gly121Ser),Gly102Ser,Missense,Substitution,3,102,A1,Heavy chain,N,,X,,,Moderate,No,,1999,101,,0,1,0,Exon,Early,0,0,ea7f2b68-6877-428d-a68b-1d36b2ceae28,2,Caucasian,Prophylaxis,35,0
c.361G>C,154225275,p.(Gly121Arg),Gly102Arg,Missense,Substitution,3,102,A1,Heavy chain,N,X,,,,Severe,No,,0,0,,0,2,0,Exon,Early,0,0,c414767c-d77d-4b44-85eb-35d89a9a5d3e,4.3,Caucasian,Prophylaxis,35,0
c.361G>T,154225275,p.(Gly121Cys),Gly102Cys,Missense,Substitution,3,102,A1,Heavy chain,N,,X,,,Moderate,No,,2008,182,,0,1,0,Exon,Early,0,0,68d1d396-d455-4c3d-9770-0fc517a69465,4,Caucasian,Prophylaxis,51,0
c.362G>A,154225274,p.(Gly121Asp),Gly102Asp,Missense,Substitution,3,102,A1,Heavy chain,N,X,,,,Severe,No,,2021,334,X,0,2,0,Exon,Early,0,0,d2982c79-5de7-4a01-ac31-fdd61a443727,9.1,Black,Prophylaxis,72,0
c.362G>C,154225274,p.(Gly121Ala),Gly102Ala,Missense,Substitution,3,102,A1,Heavy chain,N,X,,,,Severe,Yes,,2007,170,,1,2,0,Exon,Early,0,0,0e0fc706-732f-4b90-9b9f-70b58c117310,3.2,Hispanic,Prophylaxis,35,0
c.362G>T,154225274,p.(Gly121Val),Gly102Val,Missense,Substitution,3,102,A1,Heavy chain,N,X,,,,Severe,No,,2005,154,,0,2,0,Exon,Early,0,0,a45e79c7-1337-4f07-9041-7d8dbc45d966,3.7,Caucasian,Prophylaxis,27,0
c.364_365del,154225271_154225272,p.(Val122Ilefs*7),Val103Ilefs*7,Frameshift,Deletion,3,103,A1,Heavy chain,N,X,,,,Severe,No,,1994,65,,0,2,1,Exon,Early,1,2,4788b6cc-e34f-4012-9d2b-724eb473848b,0.9,Caucasian,Prophylaxis,12,0
c.367T>C,154225269,p.(Ser123Pro),Ser104Pro,Missense,Substitution,3,104,A1,Heavy chain,N,,X,,,Moderate,No,,2005,154,,0,1,0,Exon,Early,0,0,c515595c-aaf4-4ffa-854f-184a0f7ece48,3.5,Asian,Prophylaxis,33,0
c.368C>G,154225268,p.(Ser123Cys),Ser104Cys,Missense,Substitution,3,104,A1,Heavy chain,N,X,,,,Severe,Not reported,,2008,186,,0,2,0,Exon,Early,0,0,64996cde-6d74-4eb4-9d4a-2447fa22c1e6,4.3,Caucasian,On-Demand,12,0
c.372C>G,154225264,p.(Tyr124*),Tyr105*,Nonsense,Substitution,3,105,A1,Heavy chain,N,X,,,,Severe,Not reported,,2016,280,,0,2,1,Exon,Early,4,8,692970cf-f266-4fd1-b9e2-4ff5350b92a3,2.6,Asian,On-Demand,13,0
c.374G>A,154225262,p.(Trp125*),Trp106*,Nonsense,Substitution,3,106,A1,Heavy chain,N,X,,,,Severe,No,,2020,320,X,0,2,1,Exon,Early,4,8,251d77f5-d10d-4b77-895f-14f1418a5c16,3.2,Caucasian,Prophylaxis,36,0
c.377A>C,154225259,p.(Lys126Thr),Lys107Thr,Missense,Substitution,3,107,A1,Heavy chain,N,X,,,,Severe,No,,0,0,,0,2,0,Exon,Early,0,0,57dd6ba5-cf7b-4519-9c8a-fcc06982883f,3.2,Caucasian,Prophylaxis,39,0
c.377A>G,154225259,p.(Lys126Arg),Lys107Arg,Missense,Substitution,3,107,A1,Heavy chain,N,X,,,,Severe,Not reported,,2013,249,,0,2,0,Exon,Early,0,0,34099892-2c01-4ce0-8ce7-a5c6170dc3d5,11.1,Caucasian,Prophylaxis,102,0
c.379delG,154225257,p.(Ala127Leufs*34),Ala108Leufs*34,Frameshift,Deletion,3,108,A1,Heavy chain,N,X,,,,Severe,No,,2010,203,,0,2,1,Exon,Early,1,2,2fb96c04-0c72-45ed-bcbf-8d141e0b4d10,5.4,Caucasian,Prophylaxis,46,0
c.382T>C,154225254,p.(Ser128Pro),Ser109Pro,Missense,Substitution,3,109,A1,Heavy chain,N,X,,,,Severe,No,,2013,240,,0,2,0,Exon,Early,0,0,dc3b1635-332e-4e23-8fb3-0ce5db8426b9,8.1,Caucasian,Prophylaxis,97,0
c.385G>A,154225251,p.(Glu129Lys),Glu110Lys,Missense,Substitution,3,110,A1,Heavy chain,N,X,,,,Severe,No,,2010,209,,0,2,0,Exon,Early,0,0,c539b8da-33ee-4850-b6a8-2f7877d3e579,4.7,Caucasian,Prophylaxis,46,0
c.385G>C,154225251,p.(Glu129Gln),Glu110Gln,Missense,Substitution,3,110,A1,Heavy chain,N,X,,,,Severe,Not reported,,2021,333,X,0,2,0,Exon,Early,0,0,d28fb183-6c11-4e3a-8b19-3e09cc32d6bd,7,Caucasian,Prophylaxis,81,0
c.386A>G,154225250,p.(Glu129Gly),Glu110Gly,Missense,Substitution,3,110,A1,Heavy chain,N,X,,,,Severe,Yes,,2013,251,,1,2,0,Exon,Early,0,0,1aab0234-8d62-4a0a-969f-3a9ca9a85ca7,1.2,Hispanic,Prophylaxis,17,0
c.386A>T,154225250,p.(Glu129Val),Glu110Val,Missense,Substitution,3,110,A1,Heavy chain,N,X,,,,Severe,Not reported,,1998,88,,0,2,0,Exon,Early,0,0,f81cc7a3-aaa5-4101-8c1a-d9ef755e64ee,1.7,Asian,Prophylaxis,9,0
c.387G>C,154225249,p.(Glu129Asp),Gly110Asp,Missense,Substitution,3,110,A1,Heavy chain,N,X,,,,Severe,Not reported,,2016,280,,0,2,0,Exon,Early,0,0,f5af2533-a195-4d39-9eeb-7fca293abccf,2.5,Asian,On-Demand,19,0
c.387G>T,154225249,p.(Glu129Asp),Glu110Asp,Missense,Substitution,3,110,A1,Heavy chain,N,X,,,,Severe,No,,2011,218,,0,2,0,Exon,Early,0,0,ecdbcf06-c924-45ad-83d3-7b4bb3682183,1.6,Asian,On-Demand,1,0
c.388_388+2delGTG,154225246_154225248,,,Splice site change,Deletion,3,111,A1,Heavy chain,N,,,,X,Not reported,Not reported,,2021,332,X,0,,0,Splice,Early,6,,231a0e9c-262f-49fd-bdc7-4584b2f6b4cb,12.4,Asian,Prophylaxis,141,1
c.388G>A,154225248,p.(Gly130Arg),Gly111Arg,Missense,Substitution,3,111,A1,Heavy Chain,N,X,,,,Severe,Yes,,2009,199,,1,2,0,Exon,Early,0,0,9454c478-ddfd-4f25-8517-03725003ed4c,5.4,Caucasian,Prophylaxis,44,0
c.388G>C,154225248,p.(Gly130Arg),Gly111Arg,Missense,Substitution,3,111,A1,Heavy chain,N,X,X,,,Moderate/Severe,No,,1993,"0, 56",,0,,0,Exon,Early,0,,444169b0-08b0-452b-aa64-52223b18174e,7.6,Black,On-Demand,50,1
c.388G>T,154225248,p.(Gly130*),Gly111*,Nonsense,Substitution,3,111,A1,Heavy chain,N,X,,,,Severe,No,,2018,301,,0,2,1,Exon,Early,4,8,64272c05-7a78-4278-b8a5-27ad49697047,2.6,Hispanic,On-Demand,1,0
c.389-?_601+?del,154221211_154221423,,,Large structural change (>50 bp),Deletion,4,,A1,single domain,N,X,,,,Severe,No,,2005,151,,0,2,0,Exon,Early,3,6,e8cba352-e99f-4188-a223-c521ffdabb14,4,Black,Prophylaxis,52,0
c.389G>A,154221423,p.(Gly130Glu),Gly111Glu,Missense,Substitution,4,111,A1,Heavy chain,N,,,,X,Not reported,Not reported,,2021,332,X,0,,0,Exon,Early,0,,f11e21df-368e-4960-86b3-538b8be29dab,20,Caucasian,On-Demand,105,0
c.394G>T,154221418,p.(Glu132*),Glu113*,Nonsense,Substitution,4,113,A1,Heavy chain,N,X,,,,Severe,Not reported,,2018,293,,0,2,1,Exon,Early,4,8,7731ffde-cf24-405f-ac6d-0d4fd838bed9,2.2,Asian,On-Demand,1,0
c.395A>C,154221417,p.(Glu132Ala),Glu113Ala,Missense,Substitution,4,113,A1,Heavy chain,N,,,X,,Mild,No,,2007,168,,0,0,0,Exon,Early,0,0,3f9a52be-d8ac-4cdc-8c9a-1a63c5efab9c,4,Asian,On-Demand,1,1
c.396dupA,154221416,p.(Tyr133Ilefs*2),Tyr114Ilefs*2,Frameshift,Duplication,4,114,A1,Heavy Chain,Y,X,,,,Severe,Not reported,,2010,213,,0,2,1,Exon,Early,1,2,f16db7f5-ba66-4434-98e6-55fc854a5593,4.5,Hispanic,Prophylaxis,44,0
c.397T>C,154221415,p.(Tyr133His),Tye114His,Missense,Substitution,4,114,A1,Heavy chain,N,X,,,,Severe,Not reported,,2016,280,,0,2,0,Exon,Early,0,0,8aa3ae36-adaf-4739-b621-fa16a079e0c8,2.8,Black,On-Demand,25,0
c.398A>C,154221414,p.(Tyr133Ser),Tyr114Ser,Missense,Substitution,4,114,A1,Heavy chain,N,,,X,,Mild,No,,1998,87,,0,0,0,Exon,Early,0,0,90be745a-fac1-4bfb-9bcb-548b6b22d057,9.9,Caucasian,On-Demand,47,0
c.398A>G,154221414,p.(Tyr133Cys),Tyr114Cys,Missense,Substitution,4,114,A1,Heavy chain,N,,,X,,Mild,Not reported,,1998,91,,0,0,0,Exon,Early,0,0,dc9994ac-0831-41d3-9489-154403458d1a,15.3,Black,On-Demand,76,0
c.399T>A,154221413,p.(Tyr133*),Tyr114*,Nonsense,Substitution,4,114,A1,Heavy chain,N,X,,,,Severe,No,,2018,305,,0,2,1,Exon,Early,4,8,f4d185ba-6308-4eea-81ff-0f7497a261f8,15.1,Asian,Prophylaxis,147,0
c.403G>A,154221409,p.(Asp135Asn),Asp116Asn,Missense,Substitution,4,116,A1,Heavy chain,N,X,,,,Severe,Not reported,,2008,181,,0,2,0,Exon,Early,0,0,d29b6642-1e2a-4d49-a9d4-141bccce4c3b,3,Caucasian,Prophylaxis,20,1
c.403G>C,154221409,p.(Asp135His),Asp116His,Missense,Substitution,4,116,A1,Heavy chain,N,,X,,,Moderate,Not reported,,2018,293,,0,1,0,Exon,Early,0,0,8e329120-6793-44b5-beeb-6415749ac6f5,5.3,Asian,Prophylaxis,53,0
c.403G>T,154221409,p.(Asp135Tyr),Asp116Tyr,Missense,Substitution,4,116,A1,Heavy chain,N,,,,X,Severe,Not reported,,2001,118,,0,2,0,Exon,Early,0,0,448d0964-79e4-4d43-af3d-6f99a20a835a,4.6,Asian,Prophylaxis,38,0
c.404A>G,154221408,p.(Asp135Gly),Asp116Gly,Missense,Substitution,4,116,A1,Heavy chain,N,X,,,,Severe,Not reported,,1996,72,,0,2,0,Exon,Early,0,0,5ddc8813-84b8-40de-92a7-9a7630741e9e,2.4,Asian,Prophylaxis,23,1
c.405T>A,154221407,p.(Asp135Glu),Asp116Glu,Missense,Substitution,4,116,A1,Heavy chain,N,X,,,,Severe,No,,2005,151,,0,2,0,Exon,Early,0,0,d80fc935-c42e-441e-af7a-dec8dde9491b,2.6,Caucasian,Prophylaxis,21,0
c.406C>T,154221406,p.(Gln136*),Gln117*,Nonsense,Substitution,4,117,A1,Heavy chain,N,X,,,,Severe,Yes,,1998,87,,1,2,1,Exon,Early,4,8,970b9af7-36cf-4e55-92eb-8350f28c7cec,3.9,Asian,Prophylaxis,31,0
c.407A>C,154221405,p.(Gln136Pro),Gln117Pro,Missense,Substitution,4,117,A1,Heavy chain,N,X,,,,Severe,No,,2006,160,,0,2,0,Exon,Early,0,0,8506b6de-658c-4c54-96d5-91b362a25edb,5.3,Hispanic,Prophylaxis,75,0
c.409A>C,154221403,p.(Thr137Pro),Thr118Pro,Missense,Substitution,4,118,A1,Heavy chain,N,X,,,,Severe,Not reported,,2008,173,,0,2,0,Exon,Early,0,0,5629caad-26ff-4b33-bdfe-4c35af1c37e6,2.7,Black,Prophylaxis,15,0
c.409A>G,154221403,p.(Thr137Ala),Thr118Ala,Missense,Substitution,4,118,A1,Heavy chain,N,X,,,,Severe,No,,2001,123,,0,2,0,Exon,Early,0,0,2ff20605-b3bc-4bb3-8844-009783180e50,3.8,Caucasian,Prophylaxis,36,0
c.410C>A,154221402,p.(Thr137Asn),Thr118Asn,Missense,Substitution,4,118,A1,Heavy Chain,N,,,X,,Mild,Not reported,,2019,308,,0,0,0,Exon,Early,0,0,e580436e-f2f0-46f4-956d-041a543dfddb,16.1,Caucasian,On-Demand,69,0
c.410C>T,154221402,p.(Thr137Ile),Thr118Ile,Missense,Substitution,4,118,A1,Heavy chain,N,,X,,,Moderate,No,,1995,71,,0,1,0,Exon,Early,0,0,8072421a-c34e-44a6-aece-7d79abacf525,3.8,Caucasian,Prophylaxis,43,0
c.411_412del,154221400_154221401,p.(Gln139Lysfs*6),Gln120Lysfs*6,Frameshift,Deletion,4,120,A1,Heavy chain,N,,,,X,Not reported,Not reported,,2019,309,,0,,1,Exon,Early,1,,c48e42cd-f1ae-4616-825a-c44761d8bbc1,14.7,Caucasian,On-Demand,64,0
c.412delA,154221400,p.(Ser138Valfs*23),Ser119Valfs*23,Frameshift,Deletion,4,119,A1,Heavy chain,N,,,,X,Not reported,Not reported,,2022,345,X,0,,1,Exon,Early,1,,34aa3c33-97db-46fb-8968-3ea9de9c5257,2,Caucasian,On-Demand,5,0
c.414T>G,154221398,p.(Ser138Arg),Ser119Arg,Missense,Substitution,4,119,A1,Heavy chain,N,,,X,,Mild,Not reported,,2002,127,,0,0,0,Exon,Early,0,0,41ecb4aa-11d2-4b6b-a350-8e44a8975918,8.3,Caucasian,On-Demand,51,0
c.415C>T,154221397,p.(Gln139*),Gln120*,Nonsense,Substitution,4,120,A1,Heavy chain,N,X,,,,Severe,No,,0,0,,0,2,1,Exon,Early,4,8,65f83e18-5aa3-4e06-8230-4a5830fe13be,3.6,Hispanic,Prophylaxis,45,0
c.415dupC,154221397,p.(Gln139Profs*7),Gln120Profs*7,Frameshift,Duplication,4,120,A1,Heavy chain,N,X,,,,Severe,No,,2016,282,,0,2,1,Exon,Early,1,2,2c1d6a96-688b-47ab-98b4-902d5184b150,2.4,Black,Prophylaxis,25,0
c.421delG,154221391,p.(Glu141Argfs*20),Glu122Argfs*20,Frameshift,Deletion,4,122,A1,Heavy chain,N,,,,X,Not reported,Not reported,,2021,332,X,0,,1,Exon,Early,1,,44c590b7-03d2-4e47-bcbb-9f5a1bc64f5a,12.7,Black,Prophylaxis,127,0
c.421G>A,154221391,p.(Glu141Lys),Glu122Lys,Missense,Substitution,4,122,A1,Heavy chain,N,X,X,,,Severe,No,,0,0,,0,2,0,Exon,Early,0,0,1d8ae1d0-8bed-4b8f-a941-c94967474f17,1.4,Asian,Prophylaxis,4,0
c.421G>T,154221391,p.(Glu141*),Glu122*,Nonsense,Substitution,4,122,A1,Heavy chain,N,X,,,,Severe,No,,1998,87,,0,2,1,Exon,Early,4,8,390c5664-df77-4326-b2e0-c067fecf7113,7.9,Caucasian,Prophylaxis,86,1
c.422A>G,154221390,p.(Glu141Gly),Glu122Gly,Missense,Substitution,4,122,A1,Heavy chain,N,,,X,,Mild,No,,2017,288,,0,0,0,Exon,Early,0,0,9811388e-12cf-4983-ab75-a564039831bc,25,Caucasian,On-Demand,117,0
c.424A>G,154221388,p.(Lys142Glu),Lys123Glu,Missense,Substitution,4,123,A1,Heavy chain,N,,,X,,Mild,No,,2020,319,X,0,0,0,Exon,Early,0,0,170b6b9e-25f1-488b-a21e-dcf23554886d,17.8,Asian,On-Demand,79,0
c.426dupA,154221386,p.(Glu143Argfs*3),Glu124Argfs*3,Frameshift,Duplication,4,124,A1,Heavy chain,N,,X,,,Moderate,Not reported,,2018,293,,0,1,1,Exon,Early,1,1,e9a8ba84-e176-4d1a-93ae-1506aa72d4b1,2.4,Asian,Prophylaxis,33,0
c.427_428del,154221384_154221385,p.(Glu143Argfs*2),Glu124Argfs*2,Frameshift,Deletion,4,124,A1,Heavy chain,N,X,,,,Severe,Not reported,,2008,"183, 186",,0,2,1,Exon,Early,1,2,1cfc7914-9215-4f02-a3ac-f8d1b27c4d5e,5.4,Hispanic,Prophylaxis,64,0
c.430G>A,154221382,p.(Asp144Asn),Asp125Asn,Missense,Substitution,4,125,A1,Heavy chain,N,X,,,,Severe,No,,2010,"0, 210",,0,2,0,Exon,Early,0,0,0918c5ca-ea20-4975-93a3-76cf9d9f2b52,1.8,Hispanic,Prophylaxis,1,0
c.430G>T,154221382,p.(Asp144Tyr),Asp125Tyr,Missense,Substitution,4,125,A1,Heavy chain,N,,X,,,Moderate,No,,0,0,,0,1,0,Exon,Early,0,0,d6743166-1dc6-4ced-a9db-6d47d36715ea,3.3,Caucasian,Prophylaxis,30,0
c.431A>C,154221381,p.(Asp144Ala),Asp125Ala,Missense,Substitution,4,125,A1,Heavy chain,N,,,,X,Not reported,Not reported,,2005,145,,0,,0,Exon,Early,0,,fde17496-90ae-4fe7-994a-f058f586eb3e,13.3,Caucasian,On-Demand,69,0
c.433G>C,154221379,p.(Asp145His),Asp126His,Missense,Substitution,4,126,A1,Heavy chain,N,,X,,,Moderate,No,,1998,87,,0,1,0,Exon,Early,0,0,5c47739d-7c8f-44b6-8a34-27a85c7122e6,6.7,Asian,Prophylaxis,74,1
c.433G>T,154221379,p.(Asp145Tyr),Asp126Tyr,Missense,Substitution,4,126,A1,Heavy chain,N,,,,,Severe,No,,2006,158,,0,2,0,Exon,Early,0,0,7fa8070a-af7d-45ea-82bd-92804c35faa8,3.6,Caucasian,Prophylaxis,35,0
c.434A>T,154221378,p.(Asp145Val),Asp126Val,Missense,Substitution,4,126,A1,Heavy chain,N,X,,,,Severe,Not reported,,2018,293,,0,2,0,Exon,Early,0,0,558372b4-4a61-4470-af25-c841bf4f9d62,5.3,Asian,Prophylaxis,60,0
c.435_436insTTT,154221376_154221377,p.(Asp145_Lys146insPhe),Asp126_Lys127insPhe,"Small structural change (in-frame, <50 bp)",Insertion,4,126,A1,Heavy chain,N,X,,,,Severe,No,,2007,169,,0,2,0,Exon,Early,5,10,28c68bdb-526f-4165-8a18-f6ee25df23d7,11,Black,Prophylaxis,116,0
c.436A>G,154221376,p.(Lys146Glu),Lys127Glu,Missense,Substitution,4,127,A1,Heavy chain,N,,,X,,Mild,No,,0,0,,0,0,0,Exon,Early,0,0,03d2e456-cc9d-44d8-a556-7ca6d54a2541,12.5,Black,On-Demand,62,1
c.436A>T,154221376,p.(Lys146*),Lys127*,Nonsense,Substitution,4,127,A1,Heavy chain,N,X,,,,Severe,Not reported,,2008,"183, 186",,0,2,1,Exon,Early,4,8,0dc41327-1fa8-4260-954e-d322f905b182,3.3,Asian,Prophylaxis,24,0
c.437_438del,154221374_154221375,p.(Lys146Serfs*23),Lys127Serfs*23,Frameshift,Deletion,4,127,A1,Heavy chain,N,X,,,,Severe,No,,2020,319,X,0,2,1,Exon,Early,1,2,1897bcf3-51f5-4bc7-ad11-80304079481a,1.6,Asian,Prophylaxis,20,0
c.437A>C,154221375,p.(Lys146Thr),Lys127Thr,Missense,Substitution,4,127,A1,Heavy Chain,N,X,,X,,Mild/Severe,No,,2009,199,,0,,0,Exon,Early,0,,765b7759-35d3-4373-b6e2-3ec689012474,7.2,Caucasian,On-Demand,42,0
c.438del,154221374,p.(Val147Serfs*14),Val128Serfs*14,Frameshift,Deletion,4,128,A1,Heavy chain,N,X,,,,Severe,Not reported,,2021,330,X,0,2,1,Exon,Early,1,2,b1d7f9a9-c11a-43a6-8993-907273bf1617,2.8,Caucasian,On-Demand,5,0
c.439G>T,154221373,p.(Val147Phe),Val128Phe,Missense,Substitution,4,128,A1,Heavy chain,N,X,,,,Severe,Not reported,,2016,280,,0,2,0,Exon,Early,0,0,f0bd7dbe-6ee9-43d3-835e-e53a19e7e42f,5.6,Caucasian,Prophylaxis,59,0
c.440_448dup,154221364_154221372,p.(Val147_Pro149dup),Val128_Pro130dup,"Small structural change (in-frame, <50 bp)",Duplication,4,128,A1,Heavy chain,N,,X,,,Moderate,No,,0,0,,0,1,0,Exon,Early,5,5,f69694a5-4174-4657-ba6d-bb20a6e9f6bb,7.8,Caucasian,Prophylaxis,72,0
c.440T>A,154221372,p.(Val147Asp),Val128Asp,Missense,Substitution,4,128,A1,Heavy chain,N,,,,X,Severe,No,,2002,129,,0,2,0,Exon,Early,0,0,bfb55b26-fdd0-4869-9189-4395aab1dc08,4.2,Asian,Prophylaxis,35,0
c.440T>G,154221372,p.(Val147Gly),Val128Gly,Missense,Substitution,4,128,A1,Heavy chain,N,X,,,,Severe,No,,2020,319,X,0,2,0,Exon,Early,0,0,9061bd9a-4630-4d1b-9322-ac97cbd71bd5,2.5,Caucasian,Prophylaxis,33,0
c.446C>G,154221366,p.(Pro149Arg),Pro130Arg,Missense,Substitution,4,130,A1,Heavy chain,N,,,X,,Mild,No,,2005,150,,0,0,0,Exon,Early,0,0,2517dd6d-c9ea-4bfa-a0cd-997fe6ad6af2,26.2,Black,On-Demand,124,0
c.446C>T,154221366,p.(Pro149Leu),Pro130Leu,Missense,Substitution,4,130,A1,Heavy chain,N,X,,,,Severe,Not reported,1 stage-2 stage assay discrepancy,2008,"183, 186",,0,2,0,Exon,Early,0,0,44c20718-5496-4fae-a166-b8f428c1099a,1.7,Caucasian,Prophylaxis,15,0
c.446delC,154221366,p.(Pro149Leufs*12),Pro130Leufs*12,Frameshift,Deletion,4,130,A1,Heavy chain,N,X,,,,Severe,No,,2009,198,,0,2,1,Exon,Early,1,2,eab7ede7-6635-42ea-94b7-44a3859d54e6,5.7,Black,Prophylaxis,75,0
c.448G>T,154221364,p.(Gly150Cys),Gly131Cys,Missense,Substitution,4,131,A1,Heavy chain,N,,X,,,Moderate,Not reported,,2018,293,,0,1,0,Exon,Early,0,0,86cc0d9a-5dbc-49e4-8a48-0cf6da95d5b1,1.8,Asian,Prophylaxis,29,0
c.450dupT,154221362,p.(Gly151Trpfs*19),Gly132Trpfs*19,Frameshift,Duplication,4,132,A1,Heavy chain,N,X,,,,Severe,Not reported,,2008,"183, 186",,0,2,1,Exon,Early,1,2,64c71b77-d42f-417d-b9b4-f0a793748ebf,0.9,Asian,Prophylaxis,3,0
c.457delC,154221355,p.(His153Ilefs*8),His134Ilefs*8,Frameshift,Deletion,4,134,A1,Heavy chain,N,X,,,,Severe,Not reported,,2016,280,,0,2,1,Exon,Early,1,2,f46726c9-01ca-46e0-91c1-eaceab90b26b,6.2,Black,Prophylaxis,72,0
c.459_465del,154221347_154221353,p.(His153Glnfs*6),His134Glnfs*6,Frameshift,Deletion,4,134,A1,Heavy Chain,N,X,,,,Severe,No,,2012,233,,0,2,1,Exon,Early,1,2,e4c8d7d5-c523-4bf7-a4a3-8ab791290331,3.4,Caucasian,Prophylaxis,22,0
c.460A>C,154221352,p.(Thr154Pro),Thr135Pro,Missense,Substitution,4,135,A1,Heavy chain,N,,,X,,Mild,Not reported,,0,0,,0,0,0,Exon,Early,0,0,401a8ab8-b34f-44da-ba80-59d90330bb07,14.5,Black,On-Demand,89,0
c.460A>G,154221352,p.(Thr154Ala),Thr135Ala,Missense,Substitution,4,135,A1,Heavy chain,N,,,X,,Mild,No,,2006,158,,0,0,0,Exon,Early,0,0,cd73d34f-a4b8-4366-94e8-46e5bd4e5931,10.4,Asian,On-Demand,55,1
c.461C>A,154221351,p.(Thr154Lys),Thr135Lys,Missense,Substitution,4,135,A1,Heavy chain,N,,,X,,Mild,Not reported,,2013,249,,0,0,0,Exon,Early,0,0,3d17d52f-84a7-4936-a9bf-46292ea4ccc5,9.3,Caucasian,Prophylaxis,91,0
c.463_473del,154221339_154221349,p.(Tyr155Glyfs*11),Tyr136Glyfs*11,Frameshift,Deletion,4,136,A1,Heavy chain,N,,X,,,Moderate,Not reported,,2016,280,,0,1,1,Exon,Early,1,1,f2dbc1f8-16c0-44fe-915f-6f477ca8767e,3.3,Caucasian,Prophylaxis,42,0
c.463T>A,154221349,p.(Tyr155Asn),Tyr136Asn,Missense,Substitution,4,136,A1,Heavy Chain,N,X,,,,Severe,No,,2012,229,,0,2,0,Exon,Early,0,0,805ecc18-b097-4341-92f2-94cb3ee5160e,2.2,Caucasian,Prophylaxis,1,0
c.463T>C,154221349,p.(Tyr155His),Tyr136His,Missense,Substitution,4,136,A1,Heavy chain,N,,X,,,Moderate,No,,2003,133,,0,1,0,Exon,Early,0,0,d0fc735f-cec1-44c9-9321-8cae500d8e66,6.7,Hispanic,Prophylaxis,67,0
c.464A>C,154221348,p.(Tyr155Ser),Tyr136Ser,Missense,Substitution,4,136,A1,Heavy chain,N,,X,,,Moderate,No,,2014,"259, 260",,0,1,0,Exon,Early,0,0,40eaa5be-9c65-4b5c-9132-31d7cb5c2e89,5.4,Caucasian,Prophylaxis,61,0
c.464A>G,154221348,p.(Tyr155Cys),Tyr136Cys,Missense,Substitution,4,136,A1,Heavy chain,N,,X,,,Moderate,Not reported,1 stage-2 stage assay discrepancy,2021,340,X,0,1,0,Exon,Early,0,0,b1b5c10c-37d9-4792-8a8f-45170aadeba8,1.5,Caucasian,On-Demand,1,0
c.467delT,154221345,p.(Val156Alafs*5),Val137Alafs*5,Frameshift,Deletion,4,137,A1,Heavy chain,N,X,,,,Severe,Not reported,,2018,293,,0,2,1,Exon,Early,1,2,40bce9a4-2d8f-4c2c-aa06-e560cf14e94d,7.8,Asian,Prophylaxis,80,0
c.467T>A,154221345,p.(Val156Asp),Val137Asp,Missense,Substitution,4,137,A1,Heavy chain,N,,X,,,Moderate,Not reported,,2018,293,,0,1,0,Exon,Early,0,0,ba175d51-9b04-46d0-a741-f6b87ba05b10,7.8,Asian,Prophylaxis,79,0
c.470G>A,154221342,p.(Trp157*),Trp138*,Nonsense,Substitution,4,138,A1,Heavy chain,N,X,,,,Severe,Not reported,,2016,280,,0,2,1,Exon,Early,4,8,03a65b8f-5e5c-4885-b212-306d351388d5,3,Caucasian,Prophylaxis,34,0
c.471G>A,154221341,p.(Trp157*),Trp138*,Nonsense,Substitution,4,138,A1,Heavy chain,N,X,,,,Severe,No,,0,0,,0,2,1,Exon,Early,4,8,f414b20d-5f8b-48b6-83c1-61f337727138,6.8,Black,Prophylaxis,68,0
c.471G>C,154221341,p.(Trp157Cys),Trp138Cys,Missense,Substitution,4,138,A1,Heavy Chain,N,X,,,,Severe,No,,2012,229,,0,2,0,Exon,Early,0,0,0a8c4f0e-a9f0-4eea-9201-836126b95325,2.3,Caucasian,Prophylaxis,16,0
c.472C>T,154221340,p.(Gln158*),Gln139*,Nonsense,Substitution,4,139,A1,Heavy chain,N,X,,,,Severe,Not reported,,1996,72,,0,2,1,Exon,Early,4,8,0c547d09-3f90-4781-8b49-94da3a8d1dd9,2.2,Hispanic,Prophylaxis,25,0
c.476T>C,154221336,p.(Val159Ala),Val140Ala,Missense,Substitution,4,140,A1,Heavy chain,N,,X,,,Moderate,No,,1998,87,,0,1,0,Exon,Early,0,0,bb1d6c1f-4d81-492a-8912-e6dd91c39aa8,3.2,Asian,Prophylaxis,40,0
c.484G>A,154221328,p.(Glu162Lys),Glu143Lys,Missense,Substitution,4,143,A1,Heavy chain,N,,,X,,Mild,No,,2005,154,,0,0,0,Exon,Early,0,0,ed1e7c56-c204-4458-8d5c-b1323f49f1d5,14.2,Caucasian,On-Demand,81,0
c.486_487del,154221325_154221326,p.(Asn163Trpfs*6),Asn144Trpfs*65,Frameshift,Deletion,4,144,A1,Heavy chain,N,X,,,,Severe,Not reported,,2008,"183, 186",,0,2,1,Exon,Early,1,2,7c7df6ec-0ca3-4b9a-a17a-a4fdbf87d28a,5.3,Black,Prophylaxis,34,0
c.488delA,154221324,p.(Asn163Metfs*22),Asn144Metfs*22,Frameshift,Deletion,4,144,A1,Heavy chain,N,,X,,,Moderate,Not reported,,2016,280,,0,1,1,Exon,Early,1,1,3c7b5949-fbfa-44bb-90e4-396c64aede84,4.4,Asian,Prophylaxis,51,0
c.489T>A,154221323,p.(Asn163Lys),Asn144Lys,Missense,Substitution,4,144,A1,Heavy chain,N,,X,,,Moderate,No,,1998,87,,0,1,0,Exon,Early,0,0,c9863049-a0f1-46bc-aaa8-c91a494c48a3,3.4,Hispanic,Prophylaxis,42,0
c.490G>A,154221322,p.(Gly164Ser),Gly145Ser,Missense,Substitution,4,145,A1,Heavy chain,N,,,X,,Mild,No,,2008,182,,0,0,0,Exon,Early,0,0,1baaa4b4-4a75-46d8-b05e-71cba1ede26e,10.7,Caucasian,On-Demand,50,0
c.490G>T,154221322,p.(Gly164Cys),Gly145Cys,Missense,Substitution,4,145,A1,Heavy chain,N,,X,,,Moderate,Not reported,,2018,293,,0,1,0,Exon,Early,0,0,47036ccd-5712-4f22-bc67-646ea3a19058,2.9,Caucasian,Prophylaxis,49,0
c.491G>A,154221321,p.(Gly164Asp),Gly145Asp,Missense,Substitution,4,145,A1,Heavy chain,N,,X,,,Moderate,No,,1998,87,,0,1,0,Exon,Early,0,0,f899b8f4-b426-429a-8ec6-d1cf956b8bce,1.8,Other,Prophylaxis,17,0
c.491G>T,154221321,p.(Gly164Val),Gly145Val,Missense,Substitution,4,145,A1,Heavy chain,N,,,X,,Mild,Not reported,,1992,43,,0,0,0,Exon,Early,0,0,a2bdca27-3d2c-4db8-9a96-13755f83aeae,19.5,Caucasian,On-Demand,85,0
c.493C>A,154221319,p.(Pro165Thr),Pro146Thr,Missense,Substitution,4,146,A1,Heavy chain,N,X,,,,Severe,No,,2018,301,,0,2,0,Exon,Early,0,0,3ea20721-819a-408f-af36-95fdc307d9c2,3.2,Hispanic,Prophylaxis,23,0
c.493C>T,154221319,p.(Pro165Ser),Pro146Ser,Missense,Substitution,4,146,A1,Heavy chain,N,X,,,,Severe,No,,1993,56,,0,2,0,Exon,Early,0,0,bc3136b7-3f3a-4fa2-9a55-3e1f7cacc887,5.6,Black,Prophylaxis,52,0
c.494C>A,154221318,p.(Pro165Gln),Pro146Gln,Missense,Substitution,4,146,A1,Heavy chain,N,X,,,,Severe,Not reported,,2018,293,,0,2,0,Exon,Early,0,0,cb557904-cd19-4dc9-b5b8-4befe2fbe82b,0.9,Caucasian,Prophylaxis,4,0
c.494C>T,154221318,p.(Pro165Leu),Pro146Leu,Missense,Substitution,4,146,A1,Heavy chain,N,X,,,,Severe,No,,0,0,,0,2,0,Exon,Early,0,0,edb5f88f-0a27-4284-813f-75c2605af62d,7.1,Caucasian,Prophylaxis,65,0
c.496A>G,154221316,p.(Met166Val),Met147Val,Missense,Substitution,4,147,A1,Heavy chain,N,,,X,,Mild,No,,2010,209,,0,0,0,Exon,Early,0,0,9891f1f0-1306-4596-b934-ad44e614f05e,10.9,Caucasian,On-Demand,66,0
c.498G>A,154221314,p.(Met166Ile),Met147Ile,Missense,Substitution,4,147,A1,Heavy chain,N,,,X,,Mild,Not reported,,2008,180,,0,0,0,Exon,Early,0,0,179901ab-5725-48d8-ad4c-56d5b0f2462e,30.2,Caucasian,On-Demand,151,0
c.505G>A,154221307,p.(Asp169Asn),Asp150Asn,Missense,Substitution,4,150,A1,Heavy chain,N,,,X,,Mild,Not reported,,2018,293,,0,0,0,Exon,Early,0,0,c4ffd0e5-e25e-45e3-aa9a-6e4ec713ca79,16.4,Caucasian,On-Demand,77,0
c.508C>T,154221304,p.(Pro170Ser),Pro151Ser,Missense,Substitution,4,151,A1,Heavy chain,N,,,X,,Mild,Not reported,,2008,180,,0,0,0,Exon,Early,0,0,92877d9b-e157-4af8-9838-e8ae7b9eb95b,17,Asian,On-Demand,79,0
c.514_515insTCAAGATA,154221297_154221298,p.(Cys172Phefs*16),Cys153Phefs*16,Frameshift,Insertion,4,153,A1,Heavy chain,N,X,,,,Severe,No,,2001,123,,0,2,1,Exon,Early,1,2,b86e4f64-f465-4d44-b5a2-7a01fee8d40f,6.3,Hispanic,Prophylaxis,73,0
c.514T>C,154221298,p.(Cys172Arg),Cys153Arg,Missense,Substitution,4,153,A1,Heavy chain,N,,,,X,Severe,Not reported,Loss of conserved disulphide link,2007,167,,0,2,0,Exon,Early,0,0,cbe9e7e7-96de-4f01-8c7a-919d2fa4b19e,1.5,Hispanic,Prophylaxis,2,0
c.515G>A,154221297,p.(Cys172Tyr),Cys153Tyr,Missense,Substitution,4,153,A1,Heavy chain,N,,X,,,Moderate,Not reported,,2013,249,,0,1,0,Exon,Early,0,0,c78eeb8d-2458-4bc0-aac3-779e07e39245,6.5,Hispanic,Prophylaxis,47,0
c.515G>C,154221297,p.(Cys172Ser),Cys153Ser,Missense,Substitution,4,153,A1,Heavy chain,N,,X,,,Moderate,Not reported,,2018,293,,0,1,0,Exon,Early,0,0,b22e64bc-e31f-45e9-9069-c49d5b0f12e0,0.7,Caucasian,On-Demand,1,0
c.515G>T,154221297,p.(Cys172Phe),Cys153Phe,Missense,Substitution,4,153,A1,Heavy chain,N,X,,,,Severe,No,,2005,"0, 152",,0,2,0,Exon,Early,0,0,67f0f2ef-5cbc-4fbc-ab46-9e19cdad359f,1.9,Hispanic,Prophylaxis,14,0
c.516C>A,154221296,p.(Cys172*),Cys153*,Nonsense,Substitution,4,153,A1,Heavy chain,N,X,,,,Severe,No,,2012,231,,0,2,1,Exon,Early,4,8,78e057bf-cdfe-46ec-ab95-8236e35898d9,6.2,Caucasian,Prophylaxis,70,0
c.516C>G,154221296,p.(Cys172Trp),Cys153Trp,Missense,Substitution,4,153,A1,Heavy chain,N,X,,,,Severe,No,,1999,101,,0,2,0,Exon,Early,0,0,4ae43a55-e027-4a5d-877f-a72f74844cc2,2.6,Caucasian,Prophylaxis,16,0
c.517C>G,154221295,p.(Leu173Val),Leu154Val,Missense,Substitution,4,154,A1,Heavy Chain,N,,,X,,Mild,No,1 stage-2 stage assay discrepancy,2012,233,,0,0,0,Exon,Early,0,0,92a4a909-f96c-41ca-acd8-ed2e63fabadd,15.9,Caucasian,On-Demand,87,0
c.517C>T,154221295,p.(Leu173Phe),Leu154Phe,Missense,Substitution,4,154,A1,Heavy chain,N,,,X,,Mild,Yes,,2008,180,,1,0,0,Exon,Early,0,0,0e63afb0-871f-40b6-965e-3c48b6ff01ff,2,Asian,On-Demand,14,1
c.518T>G,154221294,p.(Leu173Arg),Leu154Arg,Missense,Substitution,4,154,A1,Heavy chain,N,,,X,,Mild,Not reported,,2008,"183, 186",,0,0,0,Exon,Early,0,0,d6fd7c8b-02b9-4afa-b145-0842408cf850,24,Black,On-Demand,118,0
c.519_523del,154221289_154221293,p.(Thr174Leufs*24),Thr155leufs*24,Frameshift,Deletion,4,155,A1,Heavy chain,N,,X,,,Severe,Not reported,,1994,61,,0,2,1,Exon,Early,1,2,fbe0184a-b5ed-44f1-a4e2-65165c84c137,3.4,Caucasian,On-Demand,17,0
c.520A>G,154221292,p.(Thr174Ala),Thr155Ala,Missense,Substitution,4,155,A1,Heavy chain,N,,,X,,Mild,No,,2008,"180, 182",,0,0,0,Exon,Early,0,0,1e0def0a-1a6d-4eb1-a75a-a383edfe30d8,26.6,Black,On-Demand,135,0
c.521C>A,154221291,p.(Thr174Asn),Thr155Asn,Missense,Substitution,4,155,A1,Heavy chain,N,X,,,,Severe,No,,2011,218,,0,2,0,Exon,Early,0,0,a58b130d-89eb-4f5f-a266-a9a7913bb035,5.8,Caucasian,Prophylaxis,39,0
c.521C>T,154221291,p.(Thr174Ile),Thr155Ile,Missense,Substitution,4,155,A1,Heavy chain,N,,,X,,Mild,Not reported,,2018,293,,0,0,0,Exon,Early,0,0,81cfa3a9-2e8f-4dbb-85a0-2d62d9147d5a,8.1,Asian,On-Demand,39,0
c.523T>C,154221289,p.(Tyr175His),Tyr156His,Missense,Substitution,4,156,A1,Heavy Chain,N,,,X,,Mild,Not reported,,2010,211,,0,0,0,Exon,Early,0,0,39cf22b6-cfcc-46a4-8e7a-167ca8d42101,24.5,Asian,On-Demand,112,0
c.523T>G,154221289,p.(Tyr175Asp),Tyr156Asp,Missense,Substitution,4,156,A1,Heavy Chain,N,,,,X,Not reported,Not reported,,2021,332,X,0,,0,Exon,Early,0,,7426388f-314d-406e-b7f9-a8eae2452bc0,22.8,Other,On-Demand,135,0
c.524A>C,154221288,p.(Tyr175Ser),Tyr156Ser,Missense,Substitution,4,156,A1,Heavy chain,N,,,X,,Mild,Not reported,,2013,"245, 249",,0,0,0,Exon,Early,0,0,49ce4591-4334-45aa-bc59-726deb78ce8d,13.2,Caucasian,On-Demand,88,0
c.524A>G,154221288,p.(Tyr175Cys),Tyr156Cys,Missense,Substitution,4,156,A1,Heavy chain,N,,X,,,Moderate,Not reported,,2008,"183, 186",,0,1,0,Exon,Early,0,0,256dea2f-aacb-41d0-8d0a-a0958f6346a2,4.1,Caucasian,Prophylaxis,38,0
c.525C>A,154221287,p.(Tyr175*),Tyr156*,Nonsense,Substitution,4,156,A1,Heavy chain,N,X,,,,Severe,Not reported,,1996,72,,0,2,1,Exon,Early,4,8,cc6bfada-1a87-4f12-88f8-bb0659725faf,0.8,Caucasian,Prophylaxis,5,0
c.526T>C,154221286,p.(Ser176Pro),Ser157Pro,Missense,Substitution,4,157,A1,Heavy chain,N,,,X,,Mild,No,,1999,101,,0,0,0,Exon,Early,0,0,9e53fa17-e00d-41e3-931f-707337c02306,15.1,Black,Prophylaxis,147,0
c.527C>G,154221285,p.(Ser176*),Ser157*,Nonsense,Substitution,4,157,A1,Heavy chain,N,X,,,,Severe,Not reported,,2021,333,X,0,2,1,Exon,Early,4,8,af549dfe-9345-4ec3-9990-6c811e702b4d,2.2,Caucasian,Prophylaxis,20,0
c.529T>A,154221283,p.(Tyr177Asn),Tyr158Asn,Missense,Substitution,4,158,A1,Heavy chain,N,X,,,,Severe,No,,2020,320,X,0,2,0,Exon,Early,0,0,2e753a7b-343a-4a95-846e-4006bc707860,5.9,Caucasian,Prophylaxis,69,0
c.529T>C,154221283,p.(Tyr177His),Tyr158His,Missense,Substitution,4,158,A1,Heavy chain,N,,,,X,Not reported,Not reported,,2021,332,X,0,,0,Exon,Early,0,,23c6f0ac-0372-4675-98e5-d1c542d24aa1,15.2,Caucasian,On-Demand,72,0
c.530A>C,154221282,p.(Tyr177Ser),Tyr158Ser,Missense,Substitution,4,158,A1,Heavy chain,N,X,,,,Severe,Not reported,,2015,275,,0,2,0,Exon,Early,0,0,9fdf8601-0d77-4df8-ac5a-9bac74517457,2.4,Caucasian,On-Demand,19,0
c.530A>G,154221282,p.(Tyr177Cys),Tyr158Cys,Missense,Substitution,4,158,A1,Heavy chain,N,X,,,,Severe,No,,2006,160,,0,2,0,Exon,Early,0,0,21527e51-e538-4557-bad9-6241976ebc24,9.6,Asian,Prophylaxis,97,0
c.532C>G,154221280,p.(Leu178Val),Leu159Val,Missense,Substitution,4,159,A1,Heavy chain,N,X,,,,Severe,Not reported,,2008,181,,0,2,0,Exon,Early,0,0,62e88d95-f2d4-4444-996a-a2e8c17b79c8,2.5,Caucasian,Prophylaxis,16,0
c.533T>C,154221279,p.(Leu178Pro),Leu159Pro,Missense,Substitution,4,159,A1,Heavy chain,N,X,,,,Severe,Not reported,,2017,283,,0,2,0,Exon,Early,0,0,109c594a-eff9-4ba2-9d87-b8b8e08c6b19,3.1,Asian,Prophylaxis,36,0
c.535T>C,154221277,p.(Ser179Pro),Ser160Pro,Missense,Substitution,4,160,A1,Heavy chain,N,,,,X,Moderate,No,,1998,87,,0,1,0,Exon,Early,0,0,bf52b3ad-8429-4676-aa3d-bef1fc1bb5a6,3.4,Hispanic,Prophylaxis,36,0
c.536C>G,154221276,p.(Ser179Cys),Ser160Cys,Missense,Substitution,4,160,A1,Heavy chain,N,,X,,,Moderate,No,,2014,255,,0,1,0,Exon,Early,0,0,a5d41596-af77-44aa-a396-5623e76d99ba,6.2,Caucasian,On-Demand,31,0
c.536C>T,154221276,p.(Ser179Phe),Ser160Phe,Missense,Substitution,4,160,A1,Heavy chain,N,,,,,Severe,No,,2006,158,,0,2,0,Exon,Early,0,0,7fe83bd6-307c-4550-a3ca-60f87c9bcfe0,2.3,Caucasian,Prophylaxis,49,0
c.538C>T,154221274,p.(His180Tyr),His161Tyr,Missense,Substitution,4,161,A1,Heavy chain,N,,,,X,Mild/Moderate,No,,2005,"0, 152",,0,,0,Exon,Early,0,,0bd3c8ee-bb00-461b-b38d-b1cdb0a87ac1,10.1,Asian,On-Demand,63,0
c.541_575del,154221237_154221271,p.(Val181Trpfs*7),Val162Trp*7,Frameshift,Deletion,4,162,A1,Heavy chain,N,X,,,,Severe,Not reported,,2018,293,,0,2,1,Exon,Early,1,2,3896d380-49b8-4fc9-9534-08b94adf9941,2.1,Caucasian,Prophylaxis,9,0
c.541G>A,154221271,p.(Val181Met),Val162Met,Missense,Substitution,4,162,A1,Heavy chain,N,,X,X,,Mild/Moderate,Not reported,,1992,43,,0,,0,Exon,Early,0,,e28a4616-8ba7-4955-b218-5ed226aaa430,24.2,Hispanic,On-Demand,126,1
c.542T>A,154221270,p.(Val181Glu),Val162Glu,Missense,Substitution,4,162,A1,Heavy chain,N,,,X,,Mild,No,,2003,133,,0,0,0,Exon,Early,0,0,49702fca-4c3b-49b6-8a0d-aa6364290855,19.9,Caucasian,On-Demand,107,0
c.544delG,154221268,p.(Asp182Thrfs*3),Asp163Thrfs*3,Frameshift,Deletion,4,163,A1,Heavy chain,N,,,,X,Not reported,Not reported,,2015,268,,0,,1,Exon,Early,1,,6b46961d-ea02-4044-9dc2-9a5fca3d652a,2,Caucasian,On-Demand,1,0
c.544G>T,154221268,p.(Asp182Tyr),Asp163Tyr,Missense,Substitution,4,163,A1,Heavy chain,N,,,X,,Mild,Not reported,,2014,256,,0,0,0,Exon,Early,0,0,fe87aeb6-f678-49bb-a5aa-decd6ff68170,29.8,Caucasian,On-Demand,145,0
c.545A>C,154221267,p.(Asp182Ala),Asp163Ala,Missense,Substitution,4,163,A1,Heavy chain,N,,X,,,Moderate,No,,2006,157,,0,1,0,Exon,Early,0,0,64e8027c-4a5e-4d9b-9bbb-f6f7cc179a6a,6.3,Caucasian,Prophylaxis,57,0
c.545A>G,154221267,p.(Asp182Gly),Asp163Gly,Missense,Substitution,4,163,A1,Heavy Chain,N,,,X,,Mild,Not reported,,2010,211,,0,0,0,Exon,Early,0,0,e57ba14e-c2e0-4203-8003-13bac58114f6,12.9,Caucasian,On-Demand,48,1
c.545A>T,154221267,p.(Asp182Val),Asp163Val,Missense,Substitution,4,163,A1,Heavy chain,N,,X,,,Moderate,Yes,,2008,175,,1,1,0,Exon,Early,0,0,1133c6c1-ec65-466c-b75b-e33d830f7b22,8.3,Caucasian,Prophylaxis,82,0
c.545delinsCT,154221267,p.(Asp182Alafs*18),Asp163Alafs*18,Frameshift,Deletion/Insertion,4,163,A1,Heavy chain,N,,,X,,Mild,No,,2007,161,,0,0,1,Exon,Early,1,0,f714a77f-f279-4ddf-92c9-49de5c4ed61d,3.5,Caucasian,On-Demand,13,0
c.548T>G,154221264,p.(Leu183Arg),Leu164Arg,Missense,Substitution,4,164,A1,Heavy chain,N,,,X,,Mild,No,,2020,319,X,0,0,0,Exon,Early,0,0,58194079-f407-4279-9164-87ca64027349,13.9,Hispanic,On-Demand,51,0
c.553A>G,154221259,p.(Lys185Glu),Lys166Glu,Missense,Substitution,4,166,A1,Heavy chain,N,,X,,,Moderate,No,,2006,157,,0,1,0,Exon,Early,0,0,41f05d1b-3857-47ca-a4b5-b40c88d43fbc,3,Black,Prophylaxis,32,1
c.554_555del,154221258_154221257,p.(Lys185Argfs*14),Lys166Argfs*14,Frameshift,Deletion,4,166,A1,Heavy chain,N,X,,,,Severe,No,,2018,306,,0,2,1,Exon,Early,1,2,8cca2fd2-cc89-47f9-85e6-922d537b8ada,6.8,Caucasian,On-Demand,18,0
c.554A>C,154221258,p.(Lys185Thr),Lys166Thr,Missense,Substitution,4,166,A1,Heavy chain,N,,,X,,Mild,Not reported,,1991,35,,0,0,0,Exon,Early,0,0,50ffa238-2669-4cb3-bb8d-68b362ed9974,2,Black,On-Demand,27,0
c.555A>T,154221257,p.(Lys185Asn),Lys166Asn,Missense,Substitution,4,166,A1,Heavy chain,N,,,,X,Mild,Not reported,,0,0,,0,0,0,Exon,Early,0,0,06d95b67-42d8-4f52-b1d0-cc2a5ed12ea2,37.3,Caucasian,On-Demand,175,0
c.556G>A,154221256,p.(Asp186Asn),Asp167Asn,Missense,Substitution,4,167,A1,Heavy chain,N,X,,,,Severe,No,,2008,188,,0,2,0,Exon,Early,0,0,804ac16e-3de7-4d55-8467-585dcf393411,2,Caucasian,Prophylaxis,20,0
c.556G>C,154221256,p.(Asp186His),Asp167His,Missense,Substitution,4,167,A1,Heavy chain,N,X,,,,Severe,No,,2011,218,,0,2,0,Exon,Early,0,0,d6b667b6-279a-4e5e-b3ea-8d91306ad5bc,5.3,Caucasian,Prophylaxis,50,1
c.556G>T,154221256,p.(Asp186Tyr),Asp167Tyr,Missense,Substitution,4,167,A1,Heavy chain,N,X,,,,Severe,No,,2002,"0, 130",,0,2,0,Exon,Early,0,0,3ddcc362-412c-4f81-b93e-bd480ff72d86,14.2,Caucasian,Prophylaxis,161,0
c.557_559del,154221253_154221255,p.(Asp186_Leu187delinsVal),Asp167_Leu168delinsVal,"Small structural change (in-frame, <50 bp)",Deletion/Insertion,4,167,A1,Heavy chain,N,X,,,,Severe,No,,2005,"0, 152",,0,2,0,Exon,Early,5,10,1112404d-2b09-44ac-be69-d7d5fb5d01a3,7.7,Other,Prophylaxis,61,1
c.557A>G,154221255,p.(Asp186Gly),Asp167Gly,Missense,Substitution,4,167,A1,Heavy chain,N,,,X,,Mild,Not reported,,2002,127,,0,0,0,Exon,Early,0,0,61eb092d-7e3c-4404-ae6e-4956f52d1cd2,17.4,Caucasian,On-Demand,97,0
c.557A>T,154221255,p.(Asp186Val),Asp167Val,Missense,Substitution,4,167,A1,Heavy chain,N,X,,,,Severe,Not reported,,2018,293,,0,2,0,Exon,Early,0,0,930d655d-35ba-48bd-877b-a4d7884afb16,4.1,Hispanic,Prophylaxis,47,0
c.558C>A,154221254,p.(Asp186Glu),Asp167Glu,Missense,Substitution,4,167,A1,Heavy chain,N,,,X,,Mild,No,,2005,150,,0,0,0,Exon,Early,0,0,1732c8fc-41f0-41ba-b214-e62aadb49e6e,11.3,Hispanic,On-Demand,56,0
c.558C>G,154221254,p.(Asp186Glu),Asp167Glu,Missense,Substitution,4,167,A1,Heavy chain,N,,,X,,Mild,Not reported,,2021,339,X,0,0,0,Exon,Early,0,0,55612ffd-9039-47a0-b214-9feb4e995bae,18.9,Black,On-Demand,85,0
c.560T>A,154221252,p.(Leu187*),Leu168*,Nonsense,Substitution,4,168,A1,Heavy chain,N,X,,,,Severe,No,,2005,151,,0,2,1,Exon,Early,4,8,6f6a3331-f166-4838-ad13-75ee830cc700,2.4,Other,Prophylaxis,34,0
c.560T>C,154221252,p.(Leu187Ser),Leu168Ser,Missense,Substitution,4,168,A1,Heavy chain,N,,,X,,Mild,Not reported,,2013,249,,0,0,0,Exon,Early,0,0,82de3579-52a9-41ac-a601-c87c9493c46d,17.2,Other,On-Demand,90,0
c.560T>G,154221252,p.(Leu187Trp),Leu168Trp,Missense,Substitution,4,168,A1,Heavy chain,N,,,X,,Mild,Not reported,,2013,249,,0,0,0,Exon,Early,0,0,fc353117-5a1f-4484-9640-9737c7c4ffca,29.9,Black,On-Demand,147,0
c.562A>C,154221250,p.(Asn188His),Asn169His,Missense,Substitution,4,169,A1,Heavy chain,N,,,X,,Mild,Not reported,,2018,293,,0,0,0,Exon,Early,0,0,6013153a-ff3f-4d5c-b4b4-a06adfb7d43c,26.3,Asian,Prophylaxis,261,0
c.562A>T,154221250,p.(Asn188Tyr),Asn169Tyr,Missense,Substitution,4,169,A1,Heavy Chain,N,X,,,,Severe,No,,2012,233,,0,2,0,Exon,Early,0,0,214733ef-aae1-4046-a0c2-eed4498b6efd,7.2,Black,Prophylaxis,91,0
c.564T>A,154221248,p.(Asn188Lys),Asn169Lys,Missense,Substitution,4,169,A1,Heavy chain,N,X,,,,Severe,Not reported,,2018,293,,0,2,0,Exon,Early,0,0,e62db61a-43c2-4bd1-aadc-9a70c446a306,3.2,Caucasian,Prophylaxis,43,0
c.566C>A,154221246,p.(Ser189*),Ser170*,Nonsense,Substitution,4,170,A1,Heavy Chain,N,X,,,,Severe,No,,2012,234,,0,2,1,Exon,Early,4,8,fe75c6b8-b8d8-4d4c-85d0-e79f8188ba88,2.6,Caucasian,Prophylaxis,20,0
c.566C>T,154221246,p.(Ser189Leu),Ser170Leu,Missense,Substitution,4,170,A1,Heavy chain,N,,X,,,Moderate,No,,1989,19,,0,1,0,Exon,Early,0,0,c72809a6-61a5-4194-84b7-e3dfa1de2850,6.6,Black,Prophylaxis,70,0
c.568G>C,154221244,p.(Gly190Arg),Gly171Hia,Missense,Substitution,4,171,A1,Heavy chain,N,,,,X,Not reported,Not reported,,2021,332,X,0,,0,Exon,Early,0,,b2bda686-af1f-4a44-99c9-c9fe043ecf29,9.1,Caucasian,On-Demand,49,0
c.568G>T,154221244,p.(Gly190Cys),Gly171Cys,Missense,Substitution,4,171,A1,Heavy chain,N,X,,,,Severe,No,,2012,231,,0,2,0,Exon,Early,0,0,b79d0c98-9ad7-4db4-a8b1-2f96ab0c494d,7.4,Caucasian,Prophylaxis,67,0
c.569_570delinsTT,154221242_154221243,p.(Gly190Val),Gly171Val,"Small structural change (in-frame, <50 bp)",Deletion/Insertion,4,171,A1,Heavy chain,N,,X,,,Moderate,No,,2007,161,,0,1,0,Exon,Early,5,5,6be7e3da-9ce9-4a04-965f-0a17f1771ad0,3.5,Caucasian,On-Demand,1,0
c.569G>A,154221243,p.(Gly190Asp),Gly171Asp,Missense,Substitution,4,171,A1,Heavy chain,N,X,,,,Severe,No,,2008,180,,0,2,0,Exon,Early,0,0,69ca9197-9d62-479d-8b8b-2adde23b4eae,4.4,Caucasian,Prophylaxis,27,0
c.569G>T,154221243,p.(Gly190Val),Gly171Val,Missense,Substitution,4,171,A1,Heavy chain,N,,X,,,Moderate,No,,2022,342,X,0,1,0,Exon,Early,0,0,8710980c-8e2d-4cf2-ae0b-95484f40f210,2.2,Caucasian,On-Demand,19,0
c.570_578del,154221234_154221242,p.(Leu191_Gly193del),Leu172_Gly174del,"Small structural change (in-frame, <50 bp)",Deletion,4,171,A1,Heavy Chain,N,X,,,,Severe,Not reported,,2018,293,,0,2,0,Exon,Early,5,10,b8a980d3-0eb4-4d34-924b-537d1d11a36d,3.4,Caucasian,Prophylaxis,34,0
c.571C>T,154221241,p.(Leu191Phe),Leu172Phe,Missense,Substitution,4,172,A1,Heavy Chain,N,X,,,,Severe,No,,2011,216,,0,2,0,Exon,Early,0,0,44487671-13eb-4bbe-8c55-6232112b31f6,4.6,Asian,On-Demand,1,0
c.575T>C,154221237,p.(Ile192Thr),Ile173Thr,Missense,Substitution,4,173,A1,Heavy chain,N,,,X,,Mild,No,,2007,161,,0,0,0,Exon,Early,0,0,388a0e17-9b98-4f76-94cb-ea122d16a18d,16.8,Black,Prophylaxis,156,0
c.577G>A,154221235,p.(Gly193Arg),Gly174Arg,Missense,Substitution,4,174,A1,Heavy chain,N,X,,,,Severe,No,,2001,124,,0,2,0,Exon,Early,0,0,2a293b64-3d11-4ead-9b03-715f860f657f,6.3,Black,Prophylaxis,51,0
c.578_579insAGCC,154221233_154221234,p.(Gly195Glufs*5),Glu176Glufs*5,Frameshift,Insertion,4,176,A1,Heavy chain,N,X,,,,Severe,Not reported,,2021,333,X,0,2,1,Exon,Early,1,2,a644dc85-4e00-44ea-812c-4f2deabc4578,4,Caucasian,Prophylaxis,43,0
c.578G>A,154221234,p.(Gly193Glu),Gly174Glu,Missense,Substitution,4,174,A1,Heavy chain,N,X,,,,Severe,Not reported,,2008,"183, 186",,0,2,0,Exon,Early,0,0,ed81acd3-72f6-4ab4-836b-572c677549a5,1.9,Caucasian,Prophylaxis,12,0
c.579_582dup,154221230_154221233,p.(Leu195Serfs*6),Leu176Serfs*6,Frameshift,Duplication,4,176,A1,Heavy Chain,N,X,,,,Severe,No,,2021,334,X,0,2,1,Exon,Early,1,2,c3441031-91ca-447d-973d-f8f0c255c6e2,3.9,Caucasian,Prophylaxis,30,0
c.580G>A,154221232,p.(Ala194Thr),Ala175Thr,Missense,Substitution,4,175,A1,Heavy chain,N,,,X,,Mild,No,,2006,158,,0,0,0,Exon,Early,0,0,67e183eb-560a-4d85-87ba-e97bfd8717f8,26.3,Black,On-Demand,126,0
c.584T>C,154221228,p.(Leu195Pro),Leu176Pro,Missense,Substitution,4,176,A1,Heavy chain,N,X,,,,Severe,No,,2008,188,,0,2,0,Exon,Early,0,0,2e9e46f6-0217-4aef-a06b-cf6e085f3c2b,6.6,Caucasian,On-Demand,36,0
c.584T>G,154221228,p.(Leu195Arg),Leu176Arg,Missense,Substitution,4,176,A1,Heavy chain,N,X,,,,Severe,Not reported,,2008,"183, 186",,0,2,0,Exon,Early,0,0,7e1184b4-9bed-4cf4-b601-83d32632e3b2,3.6,Caucasian,Prophylaxis,50,0
c.586_587insA,154221225_154221226,p.(Leu196Hisfs*4),Leu177Hisfs*4,Frameshift,Insertion,4,177,A1,Heavy chain,N,X,,,,Severe,No,,2013,240,,0,2,1,Exon,Early,1,2,3298b652-7116-41f5-b205-bf04df7ee617,6.8,Caucasian,Prophylaxis,68,0
c.589_591del,154221221_154221223,p.(Val197del),Val178del,"Small structural change (in-frame, <50 bp)",Deletion,4,178,A1,Heavy chain,N,X,,,,Severe,Yes,,2006,160,,1,2,0,Exon,Early,5,10,65356839-44d7-4312-ba00-28bd9d95cc33,4.4,Other,Prophylaxis,42,0
c.589G>C,154221223,p.(Val197Leu),Val178Leu,Missense,Substitution,4,178,A1,Heavy chain,N,,,X,,Mild,No,,2010,209,,0,0,0,Exon,Early,0,0,0d2f26da-24d9-405e-9486-69aea3dc53e6,10.5,Caucasian,On-Demand,38,0
c.590T>C,154221222,p.(Val197Ala),Val178Ala,Missense,Substitution,4,178,A1,Heavy chain,N,,X,,,Moderate,Not reported,,2016,280,,0,1,0,Exon,Early,0,0,5f5592f6-3eb5-42cb-b902-28015d4cc618,3.3,Hispanic,Prophylaxis,45,0
c.590T>G,154221222,p.(Val197Gly),Val178Gly,Missense,Substitution,4,178,A1,Heavy chain,N,,,X,,Mild,No,,2007,161,,0,0,0,Exon,Early,0,0,b2fd94ac-bfc0-4b19-8110-ac09add45fd8,11.8,Caucasian,On-Demand,69,0
c.592T>C,154221220,p.(Cys198Arg),Cys179Arg,Missense,Substitution,4,179,A1,Heavy chain,N,,X,,,Moderate,Not reported,,2008,183,,0,1,0,Exon,Early,0,0,20be9d71-cb47-4937-8921-1e05b01af75a,3.6,Black,Prophylaxis,39,0
c.592T>G,154221220,p.(Cys198Gly),Cys179Gly,Missense,Substitution,4,179,A1,Heavy chain,N,X,,,,Severe,No,,2005,"0, 151",,0,2,0,Exon,Early,0,0,b3ed2df8-3225-4f14-bc0b-9e427361978c,2,Hispanic,Prophylaxis,10,0
c.593G>A,154221219,p.(Cys198Tyr),Cys179Tyr,Missense,Substitution,4,179,A1,Heavy chain,N,X,,,,Severe,Not reported,,2013,249,,0,2,0,Exon,Early,0,0,6583576e-7ef3-4583-90cc-aeecb050718f,5.8,Caucasian,Prophylaxis,58,0
c.595A>T,154221217,p.(Arg199*),Arg180*,Nonsense,Substitution,4,180,A1,Heavy chain,N,X,,,,Severe,No,,2002,130,,0,2,1,Exon,Early,4,8,b46f47ca-d968-48f9-bcbf-08204a903daf,1.9,Caucasian,Prophylaxis,16,0
c.596G>C,154221216,p.(Arg199Thr),Arg180Thr,Missense,Substitution,4,180,A1,Heavy chain,N,,,X,,Mild,No,,2017,288,,0,0,0,Exon,Early,0,0,290ffcd5-139a-460a-8853-4771090a524e,5.1,Caucasian,On-Demand,24,1
c.599_601del,154221211_154221213,p.(Glu200del),Glu181del,"Small structural change (in-frame, <50 bp)",Deletion,4,181,A1,Heavy chain,N,,X,,,Moderate,Not reported,,2021,333,X,0,1,0,Exon,Early,5,5,6c537f34-a797-4b9a-b182-1569837ac4b8,3.9,Black,Prophylaxis,49,0
c.599A>G,154221213,p.(Glu200Gly),Glu181Gly,Missense,Substitution,4,181,A1,Heavy chain,N,,,X,,Mild,No,,2010,209,,0,0,0,Exon,Early,0,0,a0ce62af-b08c-4c85-94cb-7347d8dea3da,7.8,Caucasian,On-Demand,45,0
c.601G>A,154221211,p.(Gly201Arg),Gly182Arg,Missense,Substitution,4,182,A1,Heavy chain,N,,,X,,Mild,No,,2010,203,,0,0,0,Exon,Early,0,0,9a3f9572-6e9a-4fcd-beda-3f350a92f7b0,20.9,Asian,Prophylaxis,218,0
c.601G>C,154221211,p.(Gly201Arg),Gly182Arg,Missense,Substitution,4,182,A1,Heavy chain,N,,X,,,Moderate,Not reported,,2008,180,,0,1,0,Exon,Early,0,0,0017d808-14fd-4e41-b39d-3021b99767d4,2.3,Other,Prophylaxis,32,0
c.602-?_670+?del,154215512_154215580,,,Large structural change (>50 bp),Deletion,5,,A1,single domain,N,X,,,,Severe,No,,1990,"0, 25",,0,2,0,Exon,Early,3,6,38c0c224-f741-4578-b373-6e1a2d2300c9,1.4,Caucasian,On-Demand,13,0
c.602-139_670+1170del,154214342_154215719,p.(Gly201_Glu223del),Gly182_Glu204del,Large structural change (>50 bp),Deletion,5,,A1,Single domain,N,X,,,,Severe,No,,2013,252,,0,2,0,Exon,Early,3,6,bba7b5f3-2010-4d4d-9a56-5c975018bb90,5.9,Caucasian,Prophylaxis,51,0
c.602G>A,154215581,p.(Gly201Glu),Gly182Glu,Missense,Substitution,5,182,A1,Heavy chain,N,,,,,Severe,No,,2008,177,,0,2,0,Exon,Early,0,0,b0c2cadf-a5e2-4b0e-b6f9-6e9d1c1ebfe8,2.2,Caucasian,Prophylaxis,27,0
c.605G>A,154215577,p.(Ser202Asn),Ser183Asn,Missense,Substitution,5,183,A1,Heavy chain,N,,,X,,Mild,No,,1995,66,,0,0,0,Exon,Early,0,0,fee8f1bd-dcca-430e-bbf4-64261d84f712,15.5,Asian,On-Demand,73,0
c.606T>G,154215576,p.(Ser202Arg),Ser183Arg,Missense,Substitution,5,183,A1,Heavy chain,N,,,X,,Mild,Not reported,,1999,98,,0,0,0,Exon,Early,0,0,fd1608b1-9e41-4b08-ac88-22542d796be4,11.8,Asian,On-Demand,62,0
c.608T>C,154215574,p.(Leu203Pro),Leu184Pro,Missense,Substitution,5,184,A1,Heavy chain,N,X,,,,Severe,Not reported,,2018,302,,0,2,0,Exon,Early,0,0,300457ec-9608-464c-a84a-2cfe03ab233b,3,Caucasian,Prophylaxis,36,0
c.608T>G,154215574,p.(Leu203Arg),Leu184Arg,Missense,Substitution,5,184,A1,Heavy chain,N,,X,,,Moderate,No,,2006,158,,0,1,0,Exon,Early,0,0,35583d06-0d82-434a-8380-a01bcb4dd273,3.3,Other,Prophylaxis,22,0
c.613A>T,154215569,p.(Lys205*),Lys186*,Nonsense,Substitution,5,186,A1,Heavy chain,N,X,,,,Severe,No,,2020,319,X,0,2,1,Exon,Early,4,8,2e5c5a33-d2dc-471b-afe7-5775744bd52e,3.4,Caucasian,Prophylaxis,28,0
c.616G>T,154215566,p.(Glu206*),Glu187*,Nonsense,Substitution,5,187,A1,Heavy chain,N,X,,,,Severe,Not reported,,2021,333,X,0,2,1,Exon,Early,4,8,43625509-9b82-4442-81be-5b283e01213d,4.4,Caucasian,Prophylaxis,38,0
c.625C>T,154215557,p.(Gln209*),Gln190*,Nonsense,Substitution,5,190,A1,Heavy chain,N,X,,,,Severe,No,,0,0,,0,2,1,Exon,Early,4,8,c1e032a8-6947-41d6-8283-0409b3d33d93,3.6,Caucasian,Prophylaxis,40,1
c.626A>G,154215556,p.(Gln209Arg),Gln190Arg,Missense,Substitution,5,190,A1,Heavy chain,N,,X,,,Moderate,No,,2013,239,,0,1,0,Exon,Early,0,0,4a409e6f-03e5-4a40-a123-c6026af3155a,4.9,Caucasian,On-Demand,24,0
c.631_632insTACAGACC,154215550_15421551,p.(His212Glnfs*27),His193Glnfs*27),Frameshift,Insertion,5,193,A1,Heavy chain,,X,,,,Severe,Not reported,,2013,249,X,0,2,1,Exon,Early,1,2,4761bd5d-7d72-4711-8f2e-e565b07a98dd,4.8,Caucasian,Prophylaxis,49,0
c.632delT,154215550,p.(Leu211Cysfs*25),Leu192Cysfs*25,Frameshift,Deletion,5,192,A1,Heavy chain,N,,,,X,Not reported,Not reported,,2021,332,X,0,,1,Exon,Early,1,,200d2dfc-1950-40a7-b7d2-eb664de807a4,15.4,Black,On-Demand,81,0
c.636delC,154215546,p.(His212Glnfs*24),His193Glnfs*24,Frameshift,Deletion,5,193,A1,Heavy chain,N,X,,,,Severe,No,,2001,122,,0,2,1,Exon,Early,1,2,1346a10c-0b77-4b32-a041-4a2f058b5fd1,3.9,Asian,Prophylaxis,46,0
c.640T>G,154215542,p.(Phe214Val),Phe195Val,Missense,Substitution,5,195,A1,Heavy chain,N,,,X,,Mild,No,,1999,101,,0,0,0,Exon,Early,0,0,7219c58f-07d0-44df-b0e8-ff166cf42ef6,2.1,Caucasian,On-Demand,10,0
c.641T>C,154215541,p.(Phe214Ser),Phe195Ser,Missense,Substitution,5,195,A1,Heavy chain,N,,,X,,Mild,Not reported,,2013,249,,0,0,0,Exon,Early,0,0,87b368ae-e390-4fab-9356-4f7804fd6feb,30.6,Caucasian,On-Demand,140,0
c.641T>G,154215541,p.(Phe214Cys),Phe195Cys,Missense,Substitution,5,195,A1,Heavy chain,N,,X,,,Moderate,No,,2012,231,,0,1,0,Exon,Early,0,0,64f6c068-810d-4564-8b0a-8e5a31de5324,5.7,Caucasian,Prophylaxis,52,0
c.642dupT,154215540,p.(Ile215Tyrfs*8),Ile196Tyrfs*8,Frameshift,Duplication,5,196,A1,Heavy chain,N,,,,X,Severe,Not reported,,0,0,,0,2,1,Exon,Early,1,2,c97eef45-a1fe-4a42-97b2-bb4b027ef11b,3.7,Other,Prophylaxis,44,0
c.642T>G,154215540,p.(Phe214Leu),Phe195Leu,Missense,Substitution,5,195,A1,Heavy chain,N,,,X,,Mild,Not reported,,2008,183,,0,0,0,Exon,Early,0,0,b6e8497b-ed81-4e25-8612-ff3dec209393,13.2,Black,On-Demand,52,1
c.645A>G,154215537,p.(Ile215Met),Ile196Met,Missense,Substitution,5,196,A1,Heavy chain,N,,,,X,Mild,Not reported,,0,0,,0,0,0,Exon,Early,0,0,b95b8bfd-ca40-42e4-9402-989143dc18e9,2,Black,On-Demand,1,0
c.647T>A,154215535,p.(Leu216Gln),Leu197Gln,Missense,Substitution,5,197,A1,Heavy chain,N,,X,,,Moderate,No,,2010,213,,0,1,0,Exon,Early,0,0,75bc5124-4a52-429d-a345-4bbc2e182254,7.2,Caucasian,Prophylaxis,59,1
c.649C>T,154215533,p.(Leu217Phe),Leu198Phe,Missense,Substitution,5,198,A1,Heavy chain,N,,,X,,Mild,Not reported,,2014,256,,0,0,0,Exon,Early,0,0,834960f3-9a42-4bb5-a1b2-537e8d399741,22.3,Caucasian,On-Demand,96,0
c.650T>A,154215532,p.(Leu217His),Leu198His,Missense,Substitution,5,198,A1,Heavy chain,N,,X,,,Moderate,Yes,,1995,70,,1,1,0,Exon,Early,0,0,b9de74da-51eb-4ec7-b1a2-25e1486b11cb,3.9,Asian,On-Demand,4,0
c.650T>C,154215532,p.(Leu217Pro),Leu198Pro,Missense,Substitution,5,198,A1,Heavy chain,N,X,,,,Severe,Not reported,,2008,"183, 186",,0,2,0,Exon,Early,0,0,b8126379-8475-43cd-8fa5-15c378906fe8,12,Hispanic,Prophylaxis,127,0
c.650T>G,154215532,p.(Leu217Arg),Leu198Arg,Missense,Substitution,5,198,A1,Heavy chain,N,X,,,,Severe,No,,2008,180,,0,2,0,Exon,Early,0,0,4c8fdbbd-3c25-403f-a120-238b676321c3,3.1,Caucasian,Prophylaxis,27,0
c.652T>G,154215530,p.(Phe218Val),Phe199Val,Missense,Substitution,5,199,A1,Heavy chain,N,,,X,,Mild,Not reported,,2021,339,X,0,0,0,Exon,Early,0,0,a64eb462-0b5b-4c8e-99b7-2b80a531eadf,2,Caucasian,On-Demand,18,0
c.653T>C,154215529,p.(Phe218Ser),Phe199Ser,Missense,Substitution,5,199,A1,Heavy chain,N,X,,,,Severe,Not reported,,2016,280,,0,2,0,Exon,Early,0,0,beb7f31a-a7df-4a77-a935-9ff9cd611388,2.9,Black,On-Demand,1,0
c.654delT,154215528,p.(Phe218Leufs*18),Phe199Leufs*18,Frameshift,Deletion,5,199,A1,Heavy chain,N,X,,,,Severe,No,Poly T Deletion,2005,"0, 149",,0,2,1,Exon,Early,1,2,37f3cb7f-16d5-44d1-a34d-27ec65d1b269,4.4,Caucasian,Prophylaxis,50,0
c.655G>A,154215527,p.(Ala219Thr),Ala200Thr,Missense,Substitution,5,200,A1,Heavy chain,N,,,X,,Mild,No,,1999,101,,0,0,0,Exon,Early,0,0,9c14adde-b486-451c-88df-da3d29119127,26.9,Caucasian,On-Demand,128,0
c.655G>C,154215527,p.(Ala219Pro),Ala200Pro,Missense,Substitution,5,200,A1,Heavy chain,N,X,,,,Severe,No,,2011,218,,0,2,0,Exon,Early,0,0,1e89dbaf-7eeb-4898-9bc1-8d3dec1492e0,1.1,Caucasian,Prophylaxis,17,1
c.656C>A,154215526,p.(Ala219Asp),Ala200Asp,Missense,Substitution,5,200,A1,Heavy chain,N,X,,,,Severe,Not reported,,1996,72,,0,2,0,Exon,Early,0,0,b44cefb9-e044-4a17-9d90-8629ec723892,0.6,Caucasian,Prophylaxis,1,0
c.658G>C,154215524,p.(Val220Leu),Val201Leu,Missense,Substitution,5,201,A1,Heavy chain,N,,,X,,Mild,No,,2006,158,,0,0,0,Exon,Early,0,0,90908855-8d29-43b2-9441-3f1913ac12e6,7.5,Black,On-Demand,44,0
c.659T>G,154215523,p.(Val220Gly),Val201Gly,Missense,Substitution,5,201,A1,Heavy chain,N,,,X,,Mild,No,,2002,"0, 130",,0,0,0,Exon,Early,0,0,e00504e6-1225-48ab-add7-53b7f993ff4b,3.5,Black,On-Demand,6,0
c.665A>C,154215517,p.(Asp222Ala),Asp203Ala,Missense,Substitution,5,203,A1,Heavy chain,N,,X,,,Moderate,Not reported,,2014,256,,0,1,0,Exon,Early,0,0,00740f95-d0b3-4674-848d-3073307b7467,1.6,Asian,Prophylaxis,30,0
c.665A>G,154215517,p.(Asp222Gly),Asp203Gly,Missense,Substitution,5,203,A1,Heavy chain,N,X,,,,Severe,No,,0,0,,0,2,0,Exon,Early,0,0,245b7bb2-677f-400f-8312-62568fc1fed8,1.1,Asian,Prophylaxis,15,1
c.665A>T,154215517,p.(Asp222Val),Asp203Val,Missense,Substitution,5,203,A1,Heavy chain,N,,X,,,Moderate,No,,1994,65,,0,1,0,Exon,Early,0,0,25efbb7f-0858-42fc-a13a-d8d34c105e91,2.6,Black,Prophylaxis,10,0
c.667G>A,154215515,p.(Glu223Lys),Glu204Lys,Missense,Substitution,5,204,A1,Heavy chain,N,,,,X,Severe,Yes,,1998,93,,1,2,0,Exon,Early,0,0,43df5596-c67c-44b8-83e0-617cb495c3dc,6.3,Hispanic,Prophylaxis,39,1
c.667G>T,154215515,p.(Glu223*),Glu204*,Nonsense,Substitution,5,204,A1,Heavy Chain,N,,,,,Severe,No,,2006,158,,0,2,1,Exon,Early,4,8,12a1e033-9baa-4302-9f94-914093b72161,4.3,Asian,Prophylaxis,51,0
c.668_670del,154215512_154215514,p.(Glu223del),Glu204del,"Small structural change (in-frame, <50 bp)",Deletion,5,204,A1,Heavy chain,N,X,,,,Severe,Not reported,,2008,"183, 186",,0,2,0,Exon,Early,5,10,bb4019bc-f01f-4493-a070-927be7528faa,3.6,Caucasian,Prophylaxis,30,0
c.668A>C,154215514,p.(Glu223Ala),Glu204Ala,Missense,Substitution,5,204,A1,Heavy Chain,N,,X,X,,Mild/Moderate,Not reported,,2010,211,,0,,0,Exon,Early,0,,5bb2ca07-f617-4feb-9b95-e5110cb1bbe8,20.4,Black,On-Demand,106,0
c.668A>G,154215514,p.(Glu223Gly),Glu204Gly,Missense,Substitution,5,204,A1,Heavy chain,N,,,X,,Mild,Not reported,,2018,303,,0,0,0,Exon,Early,0,0,b2be093c-5810-42ee-9466-22e29ddedf18,22.8,Caucasian,On-Demand,90,0
c.669A>G,154215513,p.(=),0,Synonymous,Substitution,5,204,A1,Heavy chain,N,X,,,,Severe,No,,2011,218,,0,2,0,Exon,Early,2,4,dd06493e-e27a-4e0d-aca9-db6b55168c3c,3.6,Caucasian,Prophylaxis,35,0
c.669A>T,154215513,p.(Glu223Asp),Glu204Asp,Missense,Substitution,5,204,A1,Heavy chain,N,,,,X,Mild,Not reported,,2001,114,,0,0,0,Exon,Early,0,0,3bf69271-94e9-40fa-9122-c275007cbddf,19.5,Caucasian,On-Demand,102,0
c.670G>A,154215512,p.(Gly224Arg),Gly205Arg,Missense,Substitution,5,205,A1,Heavy chain,N,X,,,,Severe,No,,2017,288,,0,2,0,Exon,Early,0,0,77fe7d1c-8103-43f8-ab8f-007df70354bc,4,Asian,On-Demand,24,0
c.670G>T,154215512,p.(Gly224Trp),Gly205Trp,Missense,Substitution,5,205,A1,Heavy chain,N,,X,,,Moderate,Not reported,,1991,35,,0,1,0,Exon,Early,0,0,8bd1df6d-630c-4014-bad6-25934d9a82ef,2.7,Caucasian,On-Demand,8,0
c.671-?_787+?del,154212962_154213078,,,Large structural change (>50 bp),Deletion,6,,A1,single domain,N,X,,,,Severe,No,,1987,6,,0,2,0,Exon,Early,3,6,a9c12900-0ab0-4647-a389-328367b2b61e,2.1,Asian,Prophylaxis,27,0
c.671-388_787+2483dup,154212962_154213078,,,Large structural change (>50 bp),Duplication,6,,A1,single domain,N,,,X,,Mild,Not reported,,2010,215,,0,0,0,Exon,Early,3,0,806d2c7a-7ee2-4856-9258-fe1354a2d328,2,Caucasian,On-Demand,10,0
c.671-60_787+3601del,154209361_154213138,p.(Gly224_Pro262del),Gly205_Pro243del,Large structural change (>50 bp),Deletion,6,,A1,Single domain,N,X,,,,Severe,No,,2013,252,,0,2,0,Exon,Early,3,6,05100f25-ac1f-49cb-b57d-7e7db6102a79,2.4,Caucasian,Prophylaxis,36,0
c.676A>C,154213073,p.(Ser226Arg),Ser207Arg,Missense,Substitution,6,207,A1,Heavy chain,N,X,,,,Severe,Not reported,,2013,249,,0,2,0,Exon,Early,0,0,c1818511-2f8b-44b2-878c-e777a73a2bce,2.1,Caucasian,Prophylaxis,39,0
c.676A>T,154213073,p.(Ser226Cys),Ser207Cys,Missense,Substitution,6,207,A1,Heavy chain,N,X,,,,Severe,No,,2005,151,,0,2,0,Exon,Early,0,0,98087013-dcd8-4610-ae30-f8fd5516fa09,2.4,Asian,On-Demand,25,0
c.677_679del,154213070_154213072,p.(Ser226_Trp227delinsArg),Ser207_Trp208delinsArg,"Small structural change (in-frame, <50 bp)",Deletion,6,207,A1,Heavy chain,N,X,,,,Severe,Not reported,,2008,186,,0,2,0,Exon,Early,5,10,a0b98150-d817-4a8a-89d5-2e666b53f879,7.8,Caucasian,Prophylaxis,75,0
c.677G>T,154213072,p.(Ser226Ile),Ser207Ile,Missense,Substitution,6,207,A1,Heavy chain,N,X,,X,,Mild/Severe,No,,2007,"0, 168",,0,,0,Exon,Early,0,,df8c4df8-f807-4ce9-96ff-e3c52dc842ec,9.7,Caucasian,On-Demand,48,1
c.678T>A,154213071,p.(Ser226Arg),Ser207Arg,Missense,Substitution,6,207,A1,Heavy chain,N,X,,,,Severe,Not reported,,2018,293,,0,2,0,Exon,Early,0,0,456d310c-b9ff-4602-8b63-d11faca9d8ec,2.2,Caucasian,Prophylaxis,30,0
c.679T>G,154213070,p.(Trp227Gly),Trp208Gly,Missense,Substitution,6,208,A1,Heavy chain,N,,,,,Severe,No,,2008,177,,0,2,0,Exon,Early,0,0,f290bc4a-8a18-4fb2-9e52-dfe2964dcc0b,7.3,Caucasian,Prophylaxis,72,0
c.680G>A,154213069,p.(Trp227*),Trp208*,Nonsense,Substitution,6,208,A1,Heavy chain,N,,X,,,Moderate,No,,0,0,,0,1,1,Exon,Early,4,4,c0543559-2cf6-450e-84af-22ef45d4e9a7,1.3,Caucasian,On-Demand,1,1
c.681G>A,154213068,p.(Trp227*),Trp208*,Nonsense,Substitution,6,208,A1,Heavy chain,N,X,,,,Severe,Not reported,,2014,256,,0,2,1,Exon,Early,4,8,842a4fb8-c335-4cf6-8af0-1a247eb9121f,4.3,Asian,Prophylaxis,59,0
c.681G>T,154213068,p.(Trp227Cys),Trp208Cys,Missense,Substitution,6,208,A1,Heavy chain,N,X,,,,Severe,No,,2017,284,,0,2,0,Exon,Early,0,0,5a96454a-5a98-4c0b-8a97-3f9b80948d15,8.6,Black,On-Demand,51,0
c.683A>G,154213066,p.(His228Arg),His209Arg,Missense,Substitution,6,209,A1,Heavy chain,N,,X,,,Mild/Moderate,No,,0,0,,0,,0,Exon,Early,0,,4d792889-1909-4e5b-aeab-bebb7113c523,3.5,Hispanic,On-Demand,24,1
c.683A>T,154213066,p.(His228Leu),His209Leu,Missense,Substitution,6,209,A1,Heavy chain,N,,X,,,Moderate,Not reported,,2014,256,,0,1,0,Exon,Early,0,0,bed640c5-0ac3-48e7-bd7d-022253f4d0ae,1.2,Asian,Prophylaxis,9,0
c.684_685del,154213064_154213065,p.(Ser229Argfs*10),Ser210Argfs*10,Frameshift,Deletion,6,209,A1,Heavy chain,N,,X,,,Moderate,No,,2008,180,,0,1,1,Exon,Early,1,1,00fbc80e-6223-4b33-b5fe-0e3fe83608a2,4.6,Caucasian,Prophylaxis,46,0
c.685T>C,154213064,p.(Ser229Pro),Ser210Pro,Missense,Substitution,6,210,A1,Heavy chain,N,,,X,,Mild,Not reported,,2013,249,,0,0,0,Exon,Early,0,0,ed2dd565-657c-46f0-82aa-e7584118619d,12.4,Caucasian,On-Demand,73,0
c.686C>G,154213063,p.(Ser229*),Ser210*,Nonsense,Substitution,6,210,A1,Heavy chain,N,X,,,,Severe,Not reported,,2008,"183, 186",,0,2,1,Exon,Early,4,8,6168deef-1e13-4c48-bb64-4e4ec4aee3db,3,Caucasian,Prophylaxis,29,0
c.688_689del,154213060_154213061,p.(Glu230Asnfs*9),Glu211Asnfs*9,Frameshift,Deletion,6,211,A1,Heavy chain,N,X,,,,Severe,No,,1993,56,,0,2,1,Exon,Early,1,2,5ce2c611-eed6-4bfb-9af9-8552aa77f8fc,3.4,Black,Prophylaxis,29,0
c.695_698del,154213051_154213054,p.(Lys232Thrfs*3),Lys213Thrfs*3,Frameshift,Deletion,6,213,A1,Heavy chain,N,X,,,,Severe,No,,2002,125,,0,2,1,Exon,Early,1,2,03c2ad1b-0f1a-45b9-9e1e-dd653dda1d87,1.2,Black,Prophylaxis,1,0
c.701C>G,154213048,p.(Ser234Cys),Ser215Cys,Missense,Substitution,6,215,A1,Heavy chain,N,,,X,,Mild,Not reported,,2016,280,,0,0,0,Exon,Early,0,0,87cce4d9-bcef-4af2-9f54-67c3e79d9256,21.9,Caucasian,On-Demand,113,0
c.709_712dup,154213037_154213040,p.(Asp238Alafs*3),Asp219Alafs*3,Frameshift,Duplication,6,219,A1,Heavy chain,N,X,,,,Severe,No,,2011,218,,0,2,1,Exon,Early,1,2,f3b81513-c768-415f-9f3f-f83226a025bf,5.5,Asian,Prophylaxis,72,0
c.709C>T,154213040,p.(Gln237*),Gln218*,Nonsense,Substitution,6,218,A1,Heavy chain,N,X,,,,Severe,Not reported,,2008,"183, 185",,0,2,1,Exon,Early,4,8,3b5e61ca-bb1a-4169-9358-823f714db647,3.1,Black,On-Demand,19,1
c.709delC,154213040,p.(Gln237Argfs*21),Gln218Argfs*21,Frameshift,Deletion,6,218,A1,Heavy chain,N,X,,,,Severe,Not reported,,2013,249,,0,2,1,Exon,Early,1,2,ae91ceb0-8c91-4015-a6f2-c697d14146d2,5.1,Black,Prophylaxis,65,0
c.712delG,154213037,p.(Asp238Ilefs*20),Asp219Ilefs*20,Frameshift,Deletion,6,219,A1,Heavy chain,N,X,,,,Severe,Yes,,2022,348,X,1,2,1,Exon,Early,1,2,1b286d8c-01ca-4d09-b133-a8ead4941c9c,5.9,Asian,Prophylaxis,60,0
c.713A>T,154213036,p.(Asp238Val),Asp219Val,Missense,Substitution,6,219,A1,Heavy chain,N,,,X,,Mild,No,,2013,239,,0,0,0,Exon,Early,0,0,c2ff053f-efdd-47d3-a39b-344b3928d412,22.7,Black,On-Demand,116,0
c.713dupA,154213036,p.(Asp238Glufs*2),Asp219Glufs*2,Frameshift,Duplication,6,219,A1,Heavy Chain,N,X,,,,Severe,Not reported,,2010,213,,0,2,1,Exon,Early,1,2,42295486-7547-4c8c-91c0-405f7b7a0685,6.1,Caucasian,Prophylaxis,54,0
c.718delG,154213031,p.(Asn240Metfs*18),Asn221Metfs*18,Frameshift,Deletion,6,221,A1,Heavy chain,N,X,,,,Severe,Yes,,2021,337,X,1,2,1,Exon,Early,1,2,57c70b14-bf1a-43cc-ba54-68fe27fbe732,10.5,Caucasian,Prophylaxis,99,0
c.728C>G,154213021,p.(Ser243Cys),Ser224Cys,Missense,Substitution,6,224,A1,Heavy chain,N,,,X,,Mild,No,,2012,231,,0,0,0,Exon,Early,0,0,5cdb31b4-1b6d-47a6-8836-11685b758208,23.6,Caucasian,On-Demand,111,1
c.729delT,154213020,p.(Ala244Leufs*14),Ala225Leufs*14,Frameshift,Deletion,6,225,A1,Heavy chain,N,,,,X,Moderate/Severe,No,,2000,105,,0,,1,Exon,Early,1,,8b8b5546-1bb6-4168-99b5-20c204cd37ee,15,Asian,On-Demand,70,0
c.733C>T,154213016,p.(Arg245Trp),Arg226Trp,Missense,Substitution,6,226,A1,Heavy Chain,N,,,X,,Mild,Not reported,,2010,211,,0,0,0,Exon,Early,0,0,da08d6e0-10e5-4737-af62-5054b77ada56,29.4,Hispanic,On-Demand,152,0
c.734G>A,154213015,p.(Arg245Gln),Arg226Gln,Missense,Substitution,6,226,A1,Heavy chain,N,,,X,,Mild,Not reported,,2018,293,,0,0,0,Exon,Early,0,0,38e368ad-bb81-43bb-976d-f5fd8de46b09,4.6,Caucasian,On-Demand,19,0
c.736+?_787+?del,154212962_154213013,,,Large structural change (>50 bp),Deletion,6,,A1,single domain,N,X,,,,Severe,Not reported,,2018,293,,0,2,0,Exon,Early,3,6,7c047ac0-c8d7-4847-9f63-3ea026a893ac,2.5,Black,Prophylaxis,11,0
c.738_739insCCTTGCACACAGTGTGTGTGCACACTGTG ,154213010_154213011,p.(Trp247Profs*21),Trp228Profs*21,Frameshift,Insertion,6,228,A1,Heavy Chain,N,X,,,,Severe,No,,2012,"232, 258",,0,2,1,Exon,Early,1,2,72cf8b08-0f37-4ecb-9026-509575c8e33c,1.5,Caucasian,On-Demand,6,0
c.738del,154213011,p.(Trp247Glyfs*11),Trp228Glyfs*11,Frameshift,Deletion,6,228,A1,Heavy chain,N,X,,,,Severe,No,,2020,319,X,0,2,1,Exon,Early,1,2,d7a67677-935f-4001-838b-8f5c50fb8f7a,4.8,Asian,On-Demand,21,0
c.741G>A,154213008,p.(Trp247*),Trp228*,Nonsense,Substitution,6,228,A1,Heavy chain,N,X,,,,Severe,No,,2005,"0, 152",,0,2,1,Exon,Early,4,8,98fd1f69-11ed-4bbb-9030-21bd0da7e92c,2.1,Hispanic,On-Demand,19,0
c.749delT,154213000,p.(Met250Serfs*8),Met231Serfs*8,Frameshift,Deletion,6,231,A1,Heavy Chain,N,,X,,,Moderate,Not reported,,2012,224,,0,1,1,Exon,Early,1,1,ab5def24-2256-42ca-8ad6-d70e44685d41,5.2,Caucasian,Prophylaxis,56,0
c.749T>C,154213000,p.(Met250Thr),Met231Thr,Missense,Substitution,6,231,A1,Heavy chain,N,,,X,,Mild,Not reported,,2018,293,,0,0,0,Exon,Early,0,0,92e1a9c2-75fa-43ea-971b-ace7de667699,5.7,Caucasian,On-Demand,29,0
c.749T>G,154213000,p.(Met250Arg),Met231Arg,Missense,Substitution,6,231,A1,Heavy chain,N,,,X,,Mild,No,,2006,158,,0,0,0,Exon,Early,0,0,95933ec0-b941-40d0-a31f-c8a5774a2f0b,32.4,Caucasian,Prophylaxis,316,0
c.751C>G,154212998,p.(His251Asp),His232Asp,Missense,Substitution,6,232,A1,Heavy Chain,N,,,X,,Mild,No,,2012,229,,0,0,0,Exon,Early,0,0,f49eee03-b5ab-482e-8358-fe67d37d8540,2.4,Caucasian,On-Demand,1,0
c.755_756del,154212993_154212994,p.(Thr252Serfs*32),Thr233Serfs*32,Frameshift,Deletion,6,233,A1,Heavy chain,N,X,,,,Severe,No,,2002,125,,0,2,1,Exon,Early,1,2,09196697-10db-431c-89df-0e43391f39e4,5.6,Asian,Prophylaxis,57,0
c.755C>A,154212994,p.(Thr252Lys),Thr233Lys,Missense,Substitution,6,233,A1,Heavy chain,N,X,,,,Severe,No,,2007,169,,0,2,0,Exon,Early,0,0,a40a82cf-64e7-4de3-beba-b3633a62b481,5.1,Caucasian,Prophylaxis,61,0
c.755C>T,154212994,p.(Thr252Ile),Thr233Ile,Missense,Substitution,6,233,A1,Heavy chain,N,,X,X,,Mild/Moderate,Not reported,,2003,"0, 138",,0,,0,Exon,Early,0,,63c8b88b-1153-4b8c-a127-0ee2c8ad689d,25.6,Asian,On-Demand,131,0
c.757G>T,154212992,p.(Val253Phe),Val234Phe,Missense,Substitution,6,234,A1,Heavy chain,N,X,,,,Severe,No,,1998,84,,0,2,0,Exon,Early,0,0,49ddd979-c60f-425a-89bd-3f64992adac9,6.8,Asian,Prophylaxis,59,0
c.758T>A,154212991,p.(Val253Asp),Val234Asp,Missense,Substitution,6,234,A1,Heavy Chain,N,X,,,,Severe,No,,2012,233,,0,2,0,Exon,Early,0,0,1c66d71e-be4b-4fc4-af9f-ed42e636a57a,2.9,Caucasian,On-Demand,14,0
c.758T>C,154212991,p.(Val253Ala),Val234Ala,Missense,Substitution,6,234,A1,Heavy chain,N,,X,,,Moderate,No,,2010,209,,0,1,0,Exon,Early,0,0,d2035dc6-4837-4391-923d-56bfdc2e0314,1.3,Asian,Prophylaxis,39,0
c.758T>G,154212991,p.(Val253Gly),Val234Gly,Missense,Substitution,6,234,A1,Heavy chain,N,X,,,,Severe,Not reported,,2008,"183, 186",,0,2,0,Exon,Early,0,0,2404c02b-9a54-435f-b801-c6148e9ea94c,1.7,Black,Prophylaxis,19,0
c.760A>G,154212989,p.(Asn254Asp),Asn235Asp,Missense,Substitution,6,235,A1,Heavy chain,N,X,,,,Severe,No,,0,0,,0,2,0,Exon,Early,0,0,0c0a2b8a-e25e-4964-8a2b-0362c9731e17,10.7,Caucasian,Prophylaxis,117,0
c.760A>T,154212989,p.(Asn254Tyr),Asn235Tyr,Missense,Substitution,6,235,A1,Heavy chain,N,,X,,,Moderate,Not reported,,2008,180,,0,1,0,Exon,Early,0,0,1b020569-16aa-4058-802e-3086c2e0a6c0,2.5,Caucasian,On-Demand,4,0
c.761A>C,154212988,p.(Asn254Thr),Asn235Thr,Missense,Substitution,6,235,A1,Heavy chain,N,X,,,,Severe,No,,2011,218,,0,2,0,Exon,Early,0,0,3539e0b2-385f-4c43-b75d-764e1e93819f,3.7,Other,Prophylaxis,45,0
c.761A>G,154212988,p.(Asn254Ser),Asn235Ser,Missense,Substitution,6,235,A1,Heavy chain,N,X,,,,Severe,No,,2008,"183, 188",,0,2,0,Exon,Early,0,0,6b41a004-8421-4322-8679-ab4440b4986b,0.7,Caucasian,Prophylaxis,19,1
c.761A>T,154212988,p.(Asn254Ile),Asn235Ile,Missense,Substitution,6,235,A1,Heavy chain,N,X,,,,Severe,No,,2003,133,,0,2,0,Exon,Early,0,0,9b95ad94-a322-41fb-b5dd-d5cdd147a2b3,2.7,Caucasian,Prophylaxis,20,0
c.763_785dup,154212964_154212986,p.(Gly263Valfs*3),Gly244Valfs*3,Frameshift,Duplication,6,244,A1,Heavy chain,N,X,,,,Severe,No,,2002,130,,0,2,1,Exon,Early,1,2,a8f1bf61-1cad-4a4d-8b6e-5551f5a7a4c3,1.6,Black,Prophylaxis,24,0
c.763G>A,154212986,p.(Gly255Ser),Gly236Ser,Missense,Substitution,6,236,A1,Heavy chain,N,X,,,,Severe,No,,0,0,,0,2,0,Exon,Early,0,0,fa959591-f4f1-4a74-bf30-917c40cb5433,8.3,Black,Prophylaxis,80,0
c.763G>T,154212986,p.(Gly255Cys),Gly236Cys,Missense,Substitution,6,236,A1,Heavy chain,N,X,,,,Severe,Not reported,,2008,"183, 186",,0,2,0,Exon,Early,0,0,27aa9c0c-e1ec-445e-9816-8048ebb8f685,3.8,Black,Prophylaxis,42,0
c.764G>A,154212985,p.(Gly255Asp),Gly236Asp,Missense,Substitution,6,236,A1,Heavy chain,N,X,,,,Severe,Not reported,,2013,249,,0,2,0,Exon,Early,0,0,352c86a5-8cae-41a5-b452-918844361b40,9.2,Asian,Prophylaxis,96,0
c.764G>C,154212985,p.(Gly255Ala),Gly236Ala,Missense,Substitution,6,236,A1,Heavy chain,N,X,,,,Severe,No,,2006,160,,0,2,0,Exon,Early,0,0,bdeaf2f5-b151-4e98-b589-1ab86702f140,2.1,Hispanic,Prophylaxis,23,0
c.764G>T,154212985,p.(Gly255Val),Gly236Val,Missense,Substitution,6,236,A1,Heavy chain,N,X,,,,Severe,No,,2001,116,,0,2,0,Exon,Early,0,0,26420b15-abf0-4f67-8409-2287ecd22a01,5.2,Asian,Prophylaxis,53,0
c.766T>A,154212983,p.(Tyr256Asn),Tyr237Asn,Missense,Substitution,6,237,A1,Heavy chain,N,,,X,,Mild,No,,2006,158,,0,0,0,Exon,Early,0,0,f288d8a0-66fe-46ec-8424-a364cf6710bd,24.4,Caucasian,On-Demand,112,0
c.770_771insCC,154212978_154212979,p.(Asn258Glnfs*8),Asn239Glnfs*8,Frameshift,Insertion,6,239,A1,Heavy chain,N,,,,X,Moderate/Severe,No,,2000,105,,0,,1,Exon,Early,1,,23ba2fea-6176-4c34-a661-8ea2b132dedd,24.3,Hispanic,On-Demand,117,0
c.775A>G,154212974,p.(Arg259Gly),Arg240Gly,Missense,Substitution,6,240,A1,Heavy Chain,N,,,X,,Mild,No,,2012,229,,0,0,0,Exon,Early,0,0,1173f212-0c18-4d61-84bd-1d501c02b397,2,Caucasian,On-Demand,12,0
c.775A>T,154212974,p.(Arg259Trp),Arg240Trp,Missense,Substitution,6,240,A1,Heavy chain,N,X,,,,Severe,No,,2006,160,,0,2,0,Exon,Early,0,0,b395c6cd-6955-4ef9-b8bf-519f4cfb321c,2.7,Caucasian,Prophylaxis,36,1
c.776G>C,154212973,p.(Arg259Thr),Arg240Thr,Missense,Substitution,6,240,A1,Heavy chain,N,,,X,,Mild,Not reported,,2008,"183, 185",,0,0,0,Exon,Early,0,0,8c1b8f2f-13de-4150-abda-7d2555510e65,4,Caucasian,On-Demand,8,0
c.777G>T,154212972,p.(Arg259Ser),Arg240Ser,Missense,Substitution,6,240,A1,Heavy chain,N,,,X,,Mild,No,,2012,231,,0,0,0,Exon,Early,0,0,51de93eb-159d-4623-a5f3-6cdcf7b5b72e,6,Asian,On-Demand,14,0
c.779C>G,154212970,p.(Ser260Cys),Ser241Cys,Missense,Substitution,6,241,A1,Heavy chain,N,X,,,,Severe,No,,2006,160,,0,2,0,Exon,Early,0,0,0909b5ea-2acc-4b91-8f2f-478ed7360a54,5.7,Caucasian,Prophylaxis,47,0
c.782T>A,154212967,p.(Leu261Gln),Leu242Gln,Missense,Substitution,6,242,A1,Heavy chain,N,,,X,,Mild,Not reported,,2013,249,,0,0,0,Exon,Early,0,0,c06a0089-f0e3-46ac-89e3-d8d16db17783,29.3,Caucasian,On-Demand,149,0
c.782T>C,154212967,p.(Leu261Pro),Leu242Pro,Missense,Substitution,6,242,A1,Heavy chain,N,,,,X,Not reported,Not reported,,2007,164,,0,,0,Exon,Early,0,,9f250934-2aca-4374-aae0-9437d15864c6,2,Other,On-Demand,16,0
c.785C>T,154212964,p.(Pro262Leu),Pro243Leu,Missense,Substitution,6,243,A1,Heavy chain,N,,X,,,Moderate,No,,2002,130,,0,1,0,Exon,Early,0,0,ebd0e75f-595b-4bed-923b-37e26c0fd565,3.1,Caucasian,Prophylaxis,23,1
c.785delC,154212964,p.(Pro262Glnfs*3),Pro243Glnfs*3,Frameshift,Deletion,6,243,A1,Heavy chain,N,,X,,,Moderate,Not reported,,2008,"183, 186",,0,1,1,Exon,Early,1,1,e82ee98f-0122-467e-87eb-8f54ccf52bd0,4.2,Other,Prophylaxis,45,0
c.786A>C,154212963,p.(=),0,Synonymous,Substitution,6,243,A1,Heavy chain,N,,,X,,Mild,No,Potential splice error,1998,87,,0,0,0,Exon,Early,2,0,bcba34f3-bac8-4b5e-9744-c0196f66f3ed,18.2,Caucasian,Prophylaxis,171,0
c.787G>A,154212962,p.(Gly263Ser),Gly244Ser,Missense,Substitution,6,244,A1,Heavy chain,N,,X,,,Moderate,Not reported,,1996,74,,0,1,0,Exon,Early,0,0,1546158e-aae7-4663-b651-9e7303638d67,3.2,Caucasian,Prophylaxis,42,0
c.787G>C,154212962,p.(Gly263Arg),Gly244Arg,Missense,Substitution,6,244,A1,Heavy chain,N,X,,,,Severe,No,,2009,198,,0,2,0,Exon,Early,0,0,c9a82d47-b0fe-4e24-a418-b31dc26cf889,1.5,Asian,Prophylaxis,18,0
c.787G>T,154212962,p.(Gly263Cys),Gly244Cys,Missense,Substitution,6,244,A1,Heavy chain,N,X,,,,Severe,Not reported,,2016,280,,0,2,0,Exon,Early,0,0,022d9e58-978f-4dd5-8412-a496effb927a,7.5,Black,Prophylaxis,76,0
c.1003C>T,154197612,p.(Gln335*),Gln316*,Nonsense,Substitution,7,316,A1,Heavy chain,N,,,,,Severe,No,,2003,136,,0,2,1,Exon,Early,4,8,cb6f9166-ad95-4a9a-bbed-4837846c6737,3.9,Hispanic,Prophylaxis,43,1
c.1007_1009delinsC,154197608_154197606,p.(His336Profs*23),His317Profs*23,Frameshift,Deletion/Insertion,7,317,A1,Heavy chain,N,X,,,,Severe,No,,2018,306,,0,2,1,Exon,Early,1,2,8ca1d268-86f3-431b-8bf1-7c2ee40751a1,1.4,Asian,Prophylaxis,20,0
c.1009G>A,154197606,p.(Asp337Asn),Asp318Asn,Missense,Substitution,7,318,A1,Heavy chain,N,,,X,,Mild,Not reported,,2019,315,,0,0,0,Exon,Early,0,0,3ca44875-2bb5-4771-9dcd-7d4d8492151d,23.9,Caucasian,On-Demand,131,1
c.1009G>T,154197606,p.(Asp337Tyr),Asp318Tyr,Missense,Substitution,7,318,A1,Heavy chain,N,,,X,,Mild,No,,2007,161,,0,0,0,Exon,Early,0,0,7f8e2ac6-2e54-4d19-981f-837b9684b7f4,26.7,Asian,On-Demand,153,0
c.788-?_1009+?del,154197606_154197827,,,Large structural change (>50 bp),Deletion,7,,A1,single domain,N,X,,,,Severe,Not reported,,2002,126,,0,2,0,Exon,Early,3,6,2ae78306-c407-42ef-b2b7-95ec08aadfe6,3.8,Caucasian,Prophylaxis,50,0
c.788delG,154197827,p.(Gly263Valfs*2),Gly244Valfs*2,Frameshift,Deletion,7,244,A1,Heavy Chain,N,X,,,,Severe,No,,2012,233,,0,2,1,Exon,Early,1,2,25e8cda8-99e1-41d3-b32b-b1c6251ec1d9,10.4,Caucasian,Prophylaxis,100,0
c.788G>A,154197827,p.(Gly263Asp),Gly244Asp,Missense,Substitution,7,244,A1,Heavy chain,N,,,X,,Mild,No,,2007,161,,0,0,0,Exon,Early,0,0,a69f37ee-be9d-45ac-9e8a-2dbb7fb8fb75,18.4,Black,On-Demand,100,1
c.791T>C,154197824,p.(Leu264Pro),Leu245Pro,Missense,Substitution,7,245,A1,Heavy chain,N,X,,,,Severe,No,,2012,231,,0,2,0,Exon,Early,0,0,8a027ecc-5316-4710-b445-d6b9e2427351,5.3,Asian,Prophylaxis,41,0
c.791T>G,154197824,p.(Leu264Arg),Leu245Arg,Missense,Substitution,7,245,A1,Heavy Chain,N,X,,,,Severe,No,,2012,233,,0,2,0,Exon,Early,0,0,781eed8c-b2a6-4774-8245-dd9e921c0edd,3.1,Caucasian,Prophylaxis,13,0
c.796G>T,154197819,p.(Gly266*),Gly247*,Nonsense,Substitution,7,247,A1,Heavy chain,N,X,,,,Severe,No,,0,0,,0,2,1,Exon,Early,4,8,5301b741-59f7-4382-808f-60f0f0933039,7.6,Hispanic,Prophylaxis,85,0
c.797G>A,154197818,p.(Gly266Glu),Gly247Glu,Missense,Substitution,7,247,A1,Heavy chain,N,,,,X,Mild,No,,1995,71,,0,0,0,Exon,Early,0,0,a28b4360-9a4d-4fcb-8930-939037b8224e,17.6,Caucasian,On-Demand,94,0
c.800G>A,154197815,p.(Cys267Tyr),Cys248Tyr,Missense,Substitution,7,248,A1,Heavy chain,N,,X,,,Moderate,No,,2001,123,,0,1,0,Exon,Early,0,0,55f0c6e6-d4c3-43e3-b274-881ee9ef4704,4.6,Caucasian,Prophylaxis,46,0
c.800G>T,154197815,p.(Cys267Phe),Cys248Phe,Missense,Substitution,7,248,A1,Heavy Chain,N,,X,,,Moderate, Not reported,,2016,280,,0,1,0,Exon,Early,0,0,af40ae1d-bb55-494f-a956-6837db342721,4.8,Caucasian,Prophylaxis,51,0
c.801C>A,154197814,p.(Cys267*),Cys248*,Nonsense,Substitution,7,248,A1,Heavy Chain,N,X,,,,Severe,No,,2021,330,X,0,2,1,Exon,Early,4,8,24dafe5e-92ed-4fad-b709-7e2cdeafb8db,2.4,Caucasian,Prophylaxis,16,0
c.807_814del,154197801_154197808,p.(Arg269Serfs*13),Arg250Serfs*13,Frameshift,Deletion,7,250,A1,Heavy chain,N,X,,,,Severe,Not reported,,2018,293,,0,2,1,Exon,Early,1,2,b2c34bdd-2f92-4762-b8c5-b6c3e0b58c44,1.1,Caucasian,Prophylaxis,6,0
c.809A>T,154197806,p.(Lys270Ile),Lys251Ile,Missense,Substitution,7,251,A1,Heavy chain,N,,,X,,Mild,Not reported,,2018,293,,0,0,0,Exon,Early,0,0,691fa2d6-4c2e-4beb-837a-73c0f12ee313,11.2,Asian,On-Demand,50,0
c.811_841del,154197774_154197804,p.(Ser271Profs*17),Ser252Profs*17,Frameshift,Deletion,7,252,A1,Heavy chain,N,X,,,,Severe,Not reported,,2014,256,,0,2,1,Exon,Early,1,2,b2d9b79c-ba68-402a-b2a9-607ad800ce2b,5.6,Hispanic,Prophylaxis,50,0
c.812C>A,154197803,p.(Ser271*),Ser252*,Nonsense,Substitution,7,252,A1,Heavy chain,N,X,,,,Severe,No,,2020,320,X,0,2,1,Exon,Early,4,8,e3cee980-9688-4a0a-bbe5-7337fbf9f5f2,3.8,Black,Prophylaxis,29,0
c.812C>G,154197803,p.(Ser271*),Ser252*,Nonsense,Substitution,7,252,A1,Heavy chain,N,X,,,,Severe,No,,2020,319,X,0,2,1,Exon,Early,4,8,60194d21-4b5c-4577-aacf-76d1cdff7ace,4.3,Caucasian,Prophylaxis,69,0
c.815T>C,154197800,p.(Val272Ala),Val253Ala,Missense,Substitution,7,253,A1,Heavy chain,N,,,X,,Mild,Not reported,,2018,293,,0,0,0,Exon,Early,0,0,47513cfa-987d-458a-9fa5-bb1c1e62b953,14.2,Black,On-Demand,62,0
c.818A>G,154197797,p.(Tyr273Cys),Tyr254Cys,Missense,Substitution,7,254,A1,Heavy chain,N,,,X,,Mild,No,,2013,239,,0,0,0,Exon,Early,0,0,382189f3-6bd9-481c-9fa5-fef2118e1fa3,3.1,Asian,On-Demand,1,0
c.821G>A,154197794,p.(Trp274*),Trp255*,Nonsense,Substitution,7,255,A1,Heavy chain,N,X,,,,Severe,Not reported,,2008,183,,0,2,1,Exon,Early,4,8,6cb06cb0-347b-4814-bcfe-386c29e21006,5.2,Black,Prophylaxis,55,1
c.822G>A,154197793,p.(Trp274*),Trp255*,Nonsense,Substitution,7,255,A1,Heavy chain,N,X,,,,Severe,Not reported,,1994,65,,0,2,1,Exon,Early,4,8,4ed53034-8d8a-4446-8fa7-80aa31c27051,3.2,Black,Prophylaxis,40,0
c.822G>C,154197793,p.(Trp274Cys),Trp255Cys,Missense,Substitution,7,255,A1,Heavy chain,N,,,,X,Not reported,Not reported,,2005,145,,0,,0,Exon,Early,0,,086e986e-1b57-4719-83dd-a54f834f9591,27.5,Hispanic,On-Demand,136,0
c.823C>A,154197792,p.(His275Asn),His256Asn,Missense,Substitution,7,256,A1,Heavy chain,N,,,X,,Mild,Not reported,,2014,256,,0,0,0,Exon,Early,0,0,2955a8a8-6ba8-4aea-b8e1-d89cb3a1eb35,9.7,Caucasian,On-Demand,28,0
c.824A>C,154197791,p.(His275Pro),His256Pro,Missense,Substitution,7,256,A1,Heavy chain,N,X,,,,Severe,No,,2016,282,,0,2,0,Exon,Early,0,0,ce871c75-a859-41a1-aada-5cb4b2b130e3,11.6,Caucasian,Prophylaxis,132,0
c.824A>G,154197791,p.(His275Arg),His256Arg,Missense,Substitution,7,256,A1,Heavy chain,N,,,,X,Not reported,Not reported,,2005,145,,0,,0,Exon,Early,0,,9c5d5715-a247-4d52-b6d9-72bde9a5efd5,29.8,Asian,On-Demand,137,0
c.824A>T,154197791,p.(His275Leu),His256Leu,Missense,Substitution,7,256,A1,Heavy chain,N,,,X,,Mild,No,,1995,66,,0,0,0,Exon,Early,0,0,a0f0acae-76e6-403f-ae69-dcf7d29ad363,5.9,Black,On-Demand,22,0
c.825T>A,154197790,p.(His275Gln),His256Gln,Missense,Substitution,7,256,A1,Heavy chain,N,,,X,,Mild,Not reported,,2013,245,,0,0,0,Exon,Early,0,0,2c62d958-44bc-4b79-bbed-4cd723112048,4,Black,On-Demand,22,0
c.827T>C,154197788,p.(Val276Ala),Val257Ala,Missense,Substitution,7,257,A1,Heavy chain,N,X,,,,Severe,No,,2020,319,X,0,2,0,Exon,Early,0,0,52b373a0-ef94-4f23-a268-667bf8863377,4.1,Caucasian,Prophylaxis,32,0
c.829A>G,154197786,p.(Ile277Val),Ile258Val,Missense,Substitution,7,258,A1,Heavy chain,N,,,X,,Mild,Not reported,,2008,181,,0,0,0,Exon,Early,0,0,8be49e18-9ebe-41aa-bbab-621a328a6bd0,8.2,Caucasian,On-Demand,34,0
c.830T>C,154197785,p.(Ile277Thr),Ile258Thr,Missense,Substitution,7,258,A1,Heavy chain,N,X,,,,Severe,No,,2017,287,,0,2,0,Exon,Early,0,0,2abef6da-a6ac-4162-8d41-f62d7c8ea66b,5.4,Caucasian,Prophylaxis,66,0
c.830T>G,154197785,p.(Ile277Ser),Ile258Ser,Missense,Substitution,7,258,A1,Heavy Chain,N,X,,,,Severe,No,,2012,229,,0,2,0,Exon,Early,0,0,5381e59e-038f-4084-8d93-9300630f50e1,3.8,Caucasian,Prophylaxis,28,0
c.832G>A,154197783,p.(Gly278Arg),Gly259Arg,Missense,Substitution,7,259,A1,Heavy chain,N,X,,,,Severe,Not reported,,1996,72,,0,2,0,Exon,Early,0,0,51a8b52a-bbb8-423a-9d89-daa7b14c50c4,4.6,Black,Prophylaxis,44,0
c.836T>A,154197779,p.(Met279Lys),Met260Lys,Missense,Substitution,7,260,A1,Heavy chain,N,X,,,,Severe,No,,2010,209,,0,2,0,Exon,Early,0,0,6e9c33bf-4e94-42f3-a0ca-3f27acd15a1c,2.7,Caucasian,Prophylaxis,38,0
c.838G>C,154197777,p.(Gly280Arg),Gly261Arg,Missense,Substitution,7,261,A1,Heavy chain,N,,,X,,Mild,No,,2008,180,,0,0,0,Exon,Early,0,0,8dd67c20-1db3-4344-8e8b-f327618e841d,11.3,Asian,On-Demand,57,1
c.839G>A,154197776,p.(Gly280Asp),Gly261Asp,Missense,Substitution,7,261,A1,Heavy chain,N,,,X,,Mild,No,,2008,188,,0,0,0,Exon,Early,0,0,7d3f64c4-57a6-45b3-ad2d-92b7638ef113,2,Caucasian,On-Demand,3,0
c.839G>T,154197776,p.(Gly280Val),Gly261Val,Missense,Substitution,7,261,A1,Heavy chain,N,,X,,,Moderate,Not reported,,2014,256,,0,1,0,Exon,Early,0,0,a95adbec-4307-4f4b-befb-0f4a5e2a74f2,3.8,Caucasian,Prophylaxis,22,0
c.841A>C,154197774,p.(Thr281Pro),Thr262Pro,Missense,Substitution,7,262,A1,Heavy chain,N,,,X,,Mild,No,,2007,161,,0,0,0,Exon,Early,0,0,199a1ce2-3402-45a0-92fd-f8a5fbab0f44,12,Caucasian,On-Demand,44,0
c.842C>A,154197773,p.(Thr281Asn),Thr262Asn,Missense,Substitution,7,262,A1,Heavy chain,N,,,X,,Mild,Not reported,,0,0,,0,0,0,Exon,Early,0,0,3259d65d-6a7b-427a-8783-2a73f90a223d,22.5,Caucasian,On-Demand,126,0
c.842C>T,154197773,p.(Thr281Ile),Thr262Ile,Missense,Substitution,7,262,A1,Heavy chain,N,,,X,,Mild,Not reported,,2009,189,,0,0,0,Exon,Early,0,0,4f899229-3b40-4f1b-bed6-4ad43a7034c7,8.9,Hispanic,On-Demand,51,0
c.843delC,154197772,p.(Thr282Leufs*16),Thr263Leufs*16,Frameshift,Deletion,7,263,A1,Heavy Chain,N,X,,,,Severe,Not reported,,2018,293,,0,2,1,Exon,Early,1,2,2c56b9c1-1365-49a2-9b53-4abd1d3dd59b,11.2,Black,Prophylaxis,112,0
c.848C>T,154197767,p.(Pro283Leu),Pro264Leu,Missense,Substitution,7,264,A1,Heavy Chain,N,,,X,,Mild,Not reported,1 stage-2 stage assay discrepancy,2011,223,X,0,0,0,Exon,Early,0,0,bcea4176-f008-4b8a-a1a9-dd6ea0a8a3ea,28,Caucasian,On-Demand,145,0
c.849delT,154197766,p.(Glu284Lysfs*14),Glu265Lysfs*14,Frameshift,Deletion,7,265,A1,Heavy chain,N,X,,,,Severe,No,,1994,65,,0,2,1,Exon,Early,1,2,29737b63-5013-40b3-8ee7-a0d56df50035,4.4,Caucasian,Prophylaxis,47,0
c.850G>A,154197765,p.(Glu284Lys),Glu265Lys,Missense,Substitution,7,265,A1,Heavy chain,N,,X,,,Moderate,Not reported,,2002,127,,0,1,0,Exon,Early,0,0,b05dd565-1edd-4006-9ae2-5df191291243,5.4,Asian,Prophylaxis,63,1
c.850G>T,154197765,p.(Glu284*),Glu265*,Nonsense,Substitution,7,265,A1,Heavy chain,N,,,,X,Severe,Not reported,,2001,114,,0,2,1,Exon,Early,4,8,69c3e85f-41aa-4323-aa54-eeac60333b01,7.3,Caucasian,Prophylaxis,71,0
c.853G>A,154197762,p.(Val285Met),Val266Met,Missense,Substitution,7,266,A1,Heavy chain,N,,,X,,Mild,Not reported,,2013,"247, 249",,0,0,0,Exon,Early,0,0,8a0de717-ec14-46fe-8c91-4655d9150b99,7,Caucasian,On-Demand,41,0
c.854T>C,154197761,p.(Val285Ala),Val266Ala,Missense,Substitution,7,266,A1,Heavy chain,N,,,,X,Mild/Moderate,No,,2005,152,,0,,0,Exon,Early,0,,3606c36b-344c-496e-ac0b-84de95e73cba,13.1,Other,On-Demand,54,0
c.854T>G,154197761,p.(Val285Gly),Val266Gly,Missense,Substitution,7,266,A1,Heavy chain,N,,,,X,Mild/Moderate,Not reported,,1991,36,,0,,0,Exon,Early,0,,8da464bc-63cd-4a33-a494-6404b3c6faa0,18,Asian,On-Demand,88,0
c.855dupG,154197760,p.(His286Alafs*52),His267Alafs*52,Frameshift,Duplication,7,267,A1,Heavy chain,N,,X,,,Moderate,Not reported,,2008,181,,0,1,1,Exon,Early,1,1,7332d3b4-290d-416f-b637-46055117c400,1.1,Caucasian,Prophylaxis,1,0
c.856C>T,154197759,p.(His286Tyr),His267Tyr,Missense,Substitution,7,267,A1,Heavy chain,N,,X,,,Moderate,No,,2013,239,,0,1,0,Exon,Early,0,0,0586f0e8-359e-4498-b057-bdfc3129355b,10.7,Caucasian,On-Demand,64,0
c.857A>C,154197758,p.(His286Pro),His267Pro,Missense,Substitution,7,267,A1,Heavy chain,N,X,,,,Severe,No,,1997,82,,0,2,0,Exon,Early,0,0,75517369-8dbb-41fa-a900-350b751641e0,1.7,Caucasian,Prophylaxis,29,0
c.857A>G,154197758,p.(His286Arg),His267Arg,Missense,Substitution,7,267,A1,Heavy chain,N,,X,,,Moderate,No,,2010,209,,0,1,0,Exon,Early,0,0,41eb6722-399f-4f04-a95a-19575a8624d0,3.2,Asian,Prophylaxis,12,0
c.857dupA,154197758,p.(His286Glnfs*52),His267Glnfs*52,Frameshift,Duplication,7,267,A1,Heavy Chain,N,,,,X,Not reported,Not reported,,0,0,,0,,1,Exon,Early,1,,efa5e175-3594-4a7c-9a48-e92bfc9e3730,14.3,Hispanic,On-Demand,72,0
c.858_859insA,154197756_154197757,p.(Ser287Ilefs*51),Ser268Ilefs*51,Frameshift,Insertion,7,268,A1,Heavy chain,N,X,,,,Severe,No,,2003,"0, 136",,0,2,1,Exon,Early,1,2,0ada4484-91da-45c1-9ad1-0540c041df61,1.8,Hispanic,Prophylaxis,37,0
c.858C>G,154197757,p.(His286Gln),His267Gln ,Missense,Substitution,7,267,A1,Heavy Chain,N,X,X,,,Moderate/Severe,Not reported,,2016,280,,0,,0,Exon,Early,0,,574da595-2de3-48f6-a3b6-b4ecb503e517,23.1,Asian,On-Demand,114,0
c.860C>A,154197755,p.(Ser287*),Ser268*,Nonsense,Substitution,7,268,A1,Heavy Chain,N,X,,,,Severe,Not reported,,2016,280,,0,2,1,Exon,Early,4,8,16a5c641-4564-4587-87fd-fd97ce971ded,4.1,Caucasian,On-Demand,35,0
c.860C>G,154197755,p.(Ser287*),Ser268*,Nonsense,Substitution,7,268,A1,Heavy Chain,N,X,,,,Severe,Not reported,,2018,293,,0,2,1,Exon,Early,4,8,90a64d06-38bc-4afb-97eb-4aaeaee5e320,5.6,Caucasian,Prophylaxis,58,1
c.862delA,154197753,p.(Ile288Tyrfs*10),Ile269Tyrfs*10,Frameshift,Deletion,7,269,A1,Heavy chain,N,,X,,,Moderate,No,,2014,255,,0,1,1,Exon,Early,1,1,22e05ce8-0353-4ec8-9959-bc8286e980a9,1.5,Caucasian,On-Demand,1,0
c.863T>C,154197752,p.(Ile288Thr),Ile269Thr,Missense,Substitution,7,269,A1,Heavy Chain,N,X,,,,Severe,No,,2012,233,,0,2,0,Exon,Early,0,0,63fea424-dd38-46f7-833c-8d17806ebad3,2.1,Caucasian,Prophylaxis,26,0
c.869T>C,154197746,p.(Leu290Pro),Leu271Pro,Missense,Substitution,7,271,A1,Heavy Chain,N,X,,,,Severe,Not reported,,2016,280,,0,2,0,Exon,Early,0,0,7aacc386-fa2a-43ff-b049-3805c38f29df,1.4,Caucasian,Prophylaxis,13,0
c.871del,154197744,p.(Glu291Lysfs*7),Glu272Lysfs*7,Frameshift,Deletion,7,272,A1,Heavy chain,N,X,,,,Severe,No,,2020,319,X,0,2,1,Exon,Early,1,2,04e8550b-61bb-45c7-a675-626d0a531218,8.6,Black,Prophylaxis,70,0
c.871G>A,154197744,p.(Glu291Lys),Glu272Lys,Missense,Substitution,7,272,A1,Heavy chain,N,,X,X,,Mild/Moderate/Severe,No,1 stage-2 stage assay discrepancy,1992,"0, 47",,0,,0,Exon,Early,0,,aa40a38f-c566-4e75-96c7-ff72fcb921b7,2,Caucasian,On-Demand,14,0
c.871G>T,154197744,p.(Glu291*),Glu272*,Nonsense,Substitution,7,272,A1,Heavy chain,N,X,,,,Severe,No,,2001,116,,0,2,1,Exon,Early,4,8,d686db69-811f-4fc1-a86f-274289ef880a,5.2,Caucasian,On-Demand,29,0
c.872A>G,154197743,p.(Glu291Gly),Glu272Gly,Missense,Substitution,7,272,A1,Heavy chain,N,,X,,,Moderate,No,,1988,16,,0,1,0,Exon,Early,0,0,f298b294-35a3-439c-9e2d-277213a2cdbf,11.9,Asian,Prophylaxis,120,0
c.875G>T,154197740,p.(Gly292Val),Gly273Val,Missense,Substitution,7,273,A1,Heavy Chain,N,,,,,Severe,No,,2006,158,,0,2,0,Exon,Early,0,0,c6d3582e-9b0d-439a-94e1-d725715d8bcb,4,Hispanic,Prophylaxis,42,0
c.878A>G,154197737,p.(His293Arg),His274Arg,Missense,Substitution,7,274,A1,Heavy chain,N,,,,X,Not reported,Not reported,,2011,219,,0,,0,Exon,Early,0,,4a4a8843-66bf-4ce6-831b-f9c2d0e14bfd,5.9,Caucasian,Prophylaxis,66,0
c.878A>T,154197737,p.(His293Leu),His274Leu,Missense,Substitution,7,274,A1,Heavy chain,N,,,,X,Mild/Moderate,No,,2005,152,,0,,0,Exon,Early,0,,9779805a-0d58-4c70-9d81-8766a6a54cf0,2,Caucasian,On-Demand,1,0
c.881_882del,154197733_154197734,p.(Thr294Ilefs*43),Thr275Ilefs*43,Frameshift,Deletion,7,275,A1,Heavy Chain,N,X,,,,Moderate,No,,2012,232,,0,1,1,Exon,Early,1,1,ccfc4294-ce9f-4f7b-bbd9-6e7d1b9716c0,8.8,Caucasian,Prophylaxis,99,0
c.881_883dup,154197732_154197734,p.(Thr294_Phe295insSer),Thr275_Phe276insSer,"Small structural change (in-frame, <50 bp)",Duplication,7,275-276,A1,Heavy Chain,N,,,X,,Mild,Not reported,,2010,211,,0,0,0,Exon,Early,5,0,adf75b02-e52e-4553-b4b1-bf7c5e388943,27.9,Caucasian,On-Demand,142,0
c.881C>G,154197734,p.(Thr294Arg),Thr275Arg,Missense,Substitution,7,275,A1,Heavy Chain,N,,,X,,Mild,Not reported,,2016,280,,0,0,0,Exon,Early,0,0,150aed35-e9ac-477b-adc2-295373ac3f08,11.7,Caucasian,On-Demand,60,0
c.881C>T,154197734,p.(Thr294Ile),Thr275Ile,Missense,Substitution,7,275,A1,Heavy chain,N,,X,,,Moderate,No,,1995,71,,0,1,0,Exon,Early,0,0,9702afad-683d-4f98-846d-de454a5be3cc,7.2,Hispanic,On-Demand,39,1
c.883T>A,154197732,p.(Phe295Ile),Phe276Ile,Missense,Substitution,7,276,A1,Heavy chain,N,,,,,Severe,No,,2006,158,,0,2,0,Exon,Early,0,0,fbd2604b-3288-46be-abdb-973a4438a6b8,3.2,Asian,Prophylaxis,46,0
c.883T>C,154197732,p.(Phe295Leu),Phe276Leu,Missense,Substitution,7,276,A1,Heavy chain,N,,,,X,Moderate,No,,2000,111,,0,1,0,Exon,Early,0,0,04597cd9-ba55-45ed-9bfe-0dee4b5b9e86,2.6,Black,Prophylaxis,23,0
c.884T>A,154197731,p.(Phe295Tyr),Phe276Tyr,Missense,Substitution,7,276,A1,Heavy chain,N,,X,,,Moderate,Not reported,,2013,249,,0,1,0,Exon,Early,0,0,ac3c5ccb-520f-48bb-83c4-57accaed0a7b,4.6,Caucasian,Prophylaxis,53,0
c.886C>T,154197729,p.(Leu296Phe),Leu277Phe,Missense,Substitution,7,277,A1,Heavy chain,N,X,,,,Severe,Yes,,2007,170,,1,2,0,Exon,Early,0,0,d99fbe23-a87e-45c8-8103-4cb3b91e2be7,3.3,Caucasian,Prophylaxis,39,0
c.889delG,154197726,p.(Val297*),Val278*,Frameshift,Deletion,7,278,A1,Heavy chain,N,X,,,,Severe,Not reported,,2008,180,,0,2,1,Exon,Early,1,2,8b5daae1-455d-4af4-84bf-3507c56ecfbc,1,Caucasian,Prophylaxis,25,0
c.889G>A,154197726,p.(Val297Met),Val278Met,Missense,Substitution,7,278,A1,Heavy chain,N,,,X,,Mild,No,,2005,150,,0,0,0,Exon,Early,0,0,fca1c834-6e1f-4b83-8d61-e8f8e47141bd,8.1,Black,On-Demand,39,0
c.890_902delinsGAAATT,154197713_184197725,p.(Val297Glyfs*12),Val278Glyfs*12,Frameshift,Deletion/Insertion,7,278,A1,Heavy chain,N,X,,,,Severe,Yes,,2022,348,X,1,2,1,Exon,Early,1,2,c651dd0b-7724-49a9-8999-4fdbc4ae57cb,5.6,Asian,Prophylaxis,72,0
c.890T>C,154197725,p.(Val297Ala),Val278Ala,Missense,Substitution,7,278,A1,Heavy chain,N,,,X,,Mild,No,,1998,87,,0,0,0,Exon,Early,0,0,06728422-ee66-4e11-8a6d-e203bdef2e4c,25.7,Caucasian,On-Demand,132,0
c.890T>G,154197725,p.(Val297Gly),Val278Gly,Missense,Substitution,7,278,A1,Heavy chain,N,,,,,Severe,No,,2006,158,,0,2,0,Exon,Early,0,0,a91a1632-f122-44c2-8a09-798ebb36965c,1.7,Caucasian,Prophylaxis,13,0
c.893G>C,154197722,p.(Arg298Thr),Arg279Thr,Missense,Substitution,7,279,A1,Heavy chain,N,,,X,,Mild,Not reported,,2015,271,,0,0,0,Exon,Early,0,0,c3381076-cda2-4b9a-8de4-f99997424863,11.6,Caucasian,On-Demand,56,0
c.894G>T,154197721,p.(Arg298Ser),Arg279Ser,Missense,Substitution,7,279,A1,Heavy chain,N,X,,,,Severe,Not reported,,2018,293,,0,2,0,Exon,Early,0,0,7ee8c282-5a1f-44ab-b1eb-e758eeeadd77,2.2,Caucasian,Prophylaxis,17,0
c.896A>T,154197719,p.(Asn299Ile),Asn280Ile,Missense,Substitution,7,280,A1,Heavy chain,N,,,X,,Mild,No,,1993,59,,0,0,0,Exon,Early,0,0,149dc99b-e5a3-43e6-a921-bb69f37107c4,8.9,Hispanic,On-Demand,40,1
c.898_901dup,154197714_154197717,p.(Arg301Profs*38),Arg282Profs*38,Frameshift,Duplication,7,282,A1,Heavy chain,N,X,,,,Severe,Not reported,,2016,280,,0,2,1,Exon,Early,1,2,19f04df0-3683-41c3-a8f6-4d0e1ab75cb0,2.7,Caucasian,Prophylaxis,27,0
c.898C>A,154197717,p.(His300Asn),His281Asn,Missense,Substitution,7,281,A1,Heavy chain,N,,,X,,Mild,Not reported,,2011,223,,0,0,0,Exon,Early,0,0,5aa34540-4ad9-4bcf-862c-29aaa7da27d8,9.8,Asian,On-Demand,48,0
c.898C>G,154197717,p.(His300Asp),His281Asp,Missense,Substitution,7,281,A1,Heavy chain,N,,X,,,Moderate,No,,2012,231,,0,1,0,Exon,Early,0,0,23976e97-9b21-4eb4-99b5-3784251963ff,3.7,Caucasian,Prophylaxis,46,1
c.899A>C,154197716,p.(His300Pro),His281Pro,Missense,Substitution,7,281,A1,Heavy chain,N,,X,,,Severe,No,,2006,157,,0,2,0,Exon,Early,0,0,5d215def-b787-42b1-9642-a57487ffee0c,1.8,Black,Prophylaxis,17,0
c.899A>T,154197716,p.(His300Leu),His281Leu,Missense,Substitution,7,281,A1,Heavy chain,N,X,,,,Severe,No,,2005,151,,0,2,0,Exon,Early,0,0,73a07995-4a29-44fe-9206-4012daea2376,2.5,Caucasian,Prophylaxis,23,0
c.901C>A,154197714,p.(Arg301Ser),Arg282Ser,Missense,Substitution,7,282,A1,Heavy chain,N,,X,,,Moderate,No,,2010,213,,0,1,0,Exon,Early,0,0,ad50c3c5-5f2d-4ac3-92c0-4e190bb8ed0a,2,Caucasian,Prophylaxis,1,0
c.901C>G,154197714,p.(Arg301Gly),Arg282Gly,Missense,Substitution,7,282,A1,Heavy chain,N,X,,,,Severe,Not reported,,2013,249,,0,2,0,Exon,Early,0,0,e0531416-e128-40c7-b3a4-7c008895ed14,3,Black,Prophylaxis,43,0
c.901C>T,154197714,p.(Arg301Cys),Arg282Cys,Missense,Substitution,7,282,A1,Heavy chain,N,,,X,,Mild,No,,1995,66,,0,0,0,Exon,Early,0,0,2939d3b5-dd77-4aae-ab73-c7bda5355332,18.1,Caucasian,On-Demand,82,0
c.902dupG,154197713,p.(Gln302Profs*36),Gln283Profs*36,Frameshift,Duplication,7,283,A1,Heavy chain,N,,,,X,Not reported,Not reported,,2019,309,,0,,1,Exon,Early,1,,abb55ebd-5558-46bd-9d3f-4db44255b1ab,2,Asian,Prophylaxis,19,0
c.902G>A,154197713,p.(Arg301His),Arg282His,Missense,Substitution,7,282,A1,Heavy chain,N,,,,X,Severe,No,,1991,36,,0,2,0,Exon,Early,0,0,eccf479a-9b83-4b84-ab9c-942d845c9540,2.9,Caucasian,Prophylaxis,18,0
c.902G>C,154197713,p.(Arg301Pro),Arg282Pro,Missense,Substitution,7,282,A1,Heavy chain,N,,X,,,Moderate,No,,2008,182,,0,1,0,Exon,Early,0,0,e958c429-e4a1-434b-bfd3-aaa3af2aee3b,2.2,Caucasian,Prophylaxis,31,0
c.902G>T,154197713,p.(Arg301Leu),Arg282Leu,Missense,Substitution,7,282,A1,Heavy chain,N,,,X,,Mild,No,,1995,71,,0,0,0,Exon,Early,0,0,f868b716-9c28-4db9-a9c2-c38fcaeed8f7,20.2,Caucasian,On-Demand,115,0
c.903_909del,154197706_154197712,p.(Gln302Profs*7),Gln283Profs*7,Frameshift,Deletion,7,283,A1,Heavy chain,N,X,,,,Severe,Yes,,2021,337,X,1,2,1,Exon,Early,1,2,1ce66b8b-f78a-4f02-b2d1-341ceafd52ad,6.7,Caucasian,Prophylaxis,85,0
c.903C>T,154197712,p.(=),0,Synonymous,Substitution,7,282,A1,Heavy chain,N,X,,,,Severe,Not reported,,2018,293,,0,2,0,Exon,Early,2,4,71c7de32-f074-466e-8b71-c6b50fe8402c,1.2,Hispanic,Prophylaxis,1,0
c.904_906del,154197709_154197711,p.(Gln302del),Gln283del,"Small structural change (in-frame, <50 bp)",Deletion,7,283,A1,Heavy Chain,N,X,,,,Severe,Not reported,,1996,72,,0,2,0,Exon,Early,5,10,a750ce39-af95-4129-8da8-0b0c62b3d82c,4.3,Black,Prophylaxis,47,0
c.904C>T,154197711,p.(Gln302*),Gln283*,Nonsense,Substitution,7,283,A1,Heavy chain,N,X,,,,Severe,No,,2012,231,,0,2,1,Exon,Early,4,8,7cb18455-6990-4ff6-a9d5-1bea5eaf009f,1.9,Hispanic,Prophylaxis,12,0
c.907G>C,154197708,p.(Ala303Pro),Ala284Pro,Missense,Substitution,7,284,A1,Heavy chain,N,,,X,,Mild,No,1 stage-2 stage assay discrepancy,1997,"0, 79",,0,0,0,Exon,Early,0,0,8dbac417-f54d-473f-b9b9-663f36bf6e01,24,Asian,On-Demand,124,0
c.908C>A,154197707,p.(Ala303Glu),Ala284Glu,Missense,Substitution,7,284,A1,Heavy chain,N,,,X,,Mild,No,1 stage-2 stage assay discrepancy,1996,"0, 75",,0,0,0,Exon,Early,0,0,4cedf047-7b8c-4745-89e8-8925f287ef1e,31.2,Caucasian,On-Demand,165,0
c.910T>C,154197705,p.(Ser304Pro),Ser285Pro,Missense,Substitution,7,285,A1,Heavy chain,N,,,X,,Mild,Not reported,,2013,249,,0,0,0,Exon,Early,0,0,ea424b9d-cee8-4fa0-a575-d9a28d91aaac,7.6,Caucasian,On-Demand,45,0
c.914T>C,154197701,p.(Leu305Ser),Leu286Ser,Missense,Substitution,7,286,A1,Heavy chain,N,X,,,,Severe,No,,2011,218,,0,2,0,Exon,Early,0,0,09e02870-1704-4f09-b464-8f0fbaf18b0f,2.2,Asian,Prophylaxis,29,0
c.914T>G,154197701,p.(Leu305Trp),Leu286Trp,Missense,Substitution,7,286,A1,Heavy Chain,N,X,,,,Severe,No,,2012,232,,0,2,0,Exon,Early,0,0,1747038a-8762-43c5-b156-e4635a9cc68c,3.1,Caucasian,Prophylaxis,9,0
c.919delA,154197696,p.(Ile307Serfs*4),Ile288Serfs*4,Frameshift,Deletion,7,288,A1,Heavy chain,Y,X,,,,Severe,Not reported,,2008,"183, 186",,0,2,1,Exon,Early,1,2,23df4173-031b-4094-a424-0097f0afc777,3.4,Caucasian,Prophylaxis,30,0
c.920T>C,154197695,p.(Ile307Thr),Ile288Thr,Missense,Substitution,7,288,A1,Heavy chain,N,,,X,,Mild,Not reported,,2016,280,,0,0,0,Exon,Early,0,0,98da92f2-de47-4f63-b1ce-7fce3d3b8eda,9.5,Other,On-Demand,38,0
c.920T>G,154197695,p.(Ile307Ser),Ile288Ser,Missense,Substitution,7,288,A1,Heavy chain,N,,,,X,Moderate,No,,2000,111,,0,1,0,Exon,Early,0,0,c92bc28a-c1d6-4096-b132-7a87c0889f51,4.3,Caucasian,Prophylaxis,52,0
c.923C>G,154197692,p.(Ser308Trp),Ser289Trp,Missense,Substitution,7,289,A1,Heavy chain,N,,,X,,Mild,Not reported,,2018,"293, 300",,0,0,0,Exon,Early,0,0,c772ee09-b99e-4a9a-a256-8513f6f148a8,2,Caucasian,On-Demand,20,0
c.923C>T,154197692,p.(Ser308Leu),Ser289Leu,Missense,Substitution,7,289,A1,Heavy chain,N,,,X,,Mild,Not reported,1 stage-2 stage assay discrepancy,1993,57,,0,0,0,Exon,Early,0,0,47770ae5-b3ee-48a5-8b1e-0343c8fb02e8,5,Asian,On-Demand,35,1
c.924G>A,154197691,p.(=),0,Synonymous,Substitution,7,289,A1,Heavy chain,N,,,,X,Not reported,Not reported,,2022,345,X,0,,0,Exon,Early,2,,9a69c388-c8e5-4e97-986c-0aceef2ae786,21.4,Hispanic,On-Demand,117,0
c.934_935del,154197680_154197681,p.(Phe312Profs*25),Phe293Profs*25,Frameshift,Deletion,7,293,A1,Heavy chain,N,X,,,,Severe,Not reported,,2014,256,,0,2,1,Exon,Early,1,2,4bdf81c7-2e4f-4e60-ac59-af5f23cc96bc,5.8,Caucasian,Prophylaxis,46,0
c.935delT,154197680,p.(Phe312Serfs*8),Phe293Serfs*8,Frameshift,Deletion,7,293,A1,Heavy chain,N,X,,,,Severe,No,,2010,"0, 210",,0,2,1,Exon,Early,1,2,6ca22ea4-c2b6-4770-8ba1-ebe4350d2bd5,7.8,Caucasian,Prophylaxis,65,0
c.935T>C,154197680,p.(Phe312Ser),Phe293Ser,Missense,Substitution,7,293,A1,Heavy chain,N,,,,X,Mild/Moderate,Not reported,,1991,36,,0,,0,Exon,Early,0,,e009c8a3-efd9-40af-87c8-b062fe787279,7.4,Black,On-Demand,39,0
c.936_939del,154197676_154197679,p.(Phe312Leufs*7),Phe293Leufs*7,Frameshift,Deletion,7,293,A1,Heavy Chain,N,,,,X,Not reported,Not reported,,2021,332,X,0,,1,Exon,Early,1,,6a49224b-ecf5-4151-8f0a-e57b8bbb4160,5.8,Caucasian,On-Demand,42,0
c.938T>G,154197677,p.(Leu313Arg),Leu294Arg,Missense,Substitution,7,294,A1,Heavy chain,N,X,,,,Severe,No,,2010,"0, 210",,0,2,0,Exon,Early,0,0,bef9dbd1-bdda-4986-bdd6-40d0246e6373,5.7,Caucasian,Prophylaxis,84,0
c.940A>G,154197675,p.(Thr314Ala),Thr295Ala,Missense,Substitution,7,295,A1,Heavy chain,N,,,X,,Mild,Not reported,,1991,35,,0,0,0,Exon,Early,0,0,d659b008-44c2-4fbf-98e7-75ca1f15481a,2,Caucasian,Prophylaxis,14,0
c.941C>A,154197674,p.(Thr314Asn),Thr295Asn,Missense,Substitution,7,295,A1,Heavy chain,N,,,X,,Mild,No,,2012,231,,0,0,0,Exon,Early,0,0,1c2bd3e4-4d0d-4f68-a640-530ecf539d9c,29.2,Other,On-Demand,121,0
c.941C>T,154197674,p.(Thr314Ile),Thr295Ile,Missense,Substitution,7,295,A1,Heavy chain,N,,X,,,Moderate,No,,1998,84,,0,1,0,Exon,Early,0,0,ec54e228-bad9-43ac-a5d0-f6745a4913fa,2.6,Asian,Prophylaxis,36,0
c.942delT,154197673,p.(Ala315Leufs*5),Ala296Leufs*5,Frameshift,Deletion,7,296,A1,Heavy chain,N,X,,,,Severe,Not reported,,2018,293,,0,2,1,Exon,Early,1,2,3dd310cc-7e2d-4de4-a13d-22c5bde71eee,2.2,Asian,Prophylaxis,18,0
c.943delG,154197672,p.(Ala315Leufs*5),Ala296Leufs*5,Frameshift,Deletion,7,296,A1,Heavy chain,N,,,,X,Severe,Not reported,,0,0,,0,2,1,Exon,Early,1,2,d134257f-a390-4c11-9cda-2fb32450909d,7.3,Black,Prophylaxis,81,0
c.943G>C,154197672,p.(Ala315Pro),Ala296Pro,Missense,Substitution,7,296,A1,Heavy chain,N,X,,,,Severe,Not reported,,2015,275,,0,2,0,Exon,Early,0,0,cc39ecd4-8de2-4998-829e-4c5ab052dc5c,2.8,Caucasian,Prophylaxis,10,0
c.944C>T,154197671,p.(Ala315Val),Ala296Val,Missense,Substitution,7,296,A1,Heavy chain,N,,,X,,Mild,No,,1999,101,,0,0,0,Exon,Early,0,0,b3868035-8f25-4ac1-a371-4e27c453b011,40.5,Caucasian,On-Demand,196,0
c.948_951del,154197664_154197667,p.(Gln316Hisfs*3),Gln297Hisfs*3,Frameshift,Deletion,7,297,A1,Heavy chain,Y,X,,,,Severe,No,,2010,205,,0,2,1,Exon,Early,1,2,5dbdde33-caf2-4e45-a5a5-e27c1d735542,4.4,Asian,Prophylaxis,34,0
c.949_950insA,154197667_154197668,p.(Thr317Asnfs*21),Thr298Hisfs*3,Frameshift,Insertion,7,298,A1,Heavy Chain,Y,X,,,,Severe,No,,2021,337,X,0,2,1,Exon,Early,1,2,fba6ae17-4960-4633-b9df-47bc20c03259,3.8,Caucasian,Prophylaxis,32,0
c.949delA,154197666,p.(Thr317Hisfs*3),Thr298Hisfs*3,Frameshift,Deletion,7,298,A1,Heavy Chain,Y,,,,X,Not reported,Not reported,,2009,194,,0,,1,Exon,Early,1,,e5e00c7d-6e2c-465c-9e37-6df4d3aae7f4,30.9,Asian,On-Demand,160,0
c.950_958del,154197657_154197665,p.(Thr317_Leu319del),Thr298_Leu300del,"Small structural change (in-frame, <50 bp)",Deletion,7,298,A1,Heavy chain,N,X,,,,Severe,Not reported,,2016,280,,0,2,0,Exon,Early,5,10,a4ef8c2a-6a6a-4ee2-b28d-3517333d78da,5.6,Hispanic,Prophylaxis,46,0
c.952del,154197663,p.(Leu318Serfs*2),p.Leu299Serfs*2,Frameshift,Deletion,7,299,A1,Heavy chain,N,X,,,,Severe,No,,2020,319,X,0,2,1,Exon,Early,1,2,140e1edf-18d8-4782-9ad3-f3467b94c6d4,3,Caucasian,Prophylaxis,28,0
c.953delT,154197662,p.(Leu318Profs*2),Leu299Profs*2,Frameshift,Deletion,7,299,A1,Heavy chain,N,,X,,,Moderate/Severe,Not reported,,2007,172,,0,,1,Exon,Early,1,,a42a1640-f547-4756-8224-6d99506f4e5d,29.3,Caucasian,On-Demand,140,1
c.953T>C,154197662,p.(Leu318Pro),Leu299Pro,Missense,Substitution,7,299,A1,Heavy chain,N,,,X,,Mild,No,,2008,180,,0,0,0,Exon,Early,0,0,c1afcf97-643d-4eec-91da-740fbc73be93,9.8,Other,On-Demand,45,0
c.954_955del,154197660_154197661,p.(Leu319Aspfs*18),Leu300Aspfs*18,Frameshift,Deletion,7,300,A1,Heavy chain,N,X,X,,,Moderate/Severe,No,,0,0,,0,,1,Exon,Early,1,,4e26a93c-9cee-4eb0-8c11-a90c91cc12df,13.2,Caucasian,On-Demand,61,0
c.956delT,154197659,p.(Leu319*),Leu300*,Frameshift,Deletion,7,300,A1,Heavy Chain,N,X,,,,Severe,No,,2012,233,,0,2,1,Exon,Early,1,2,cd340c79-d61d-4bd7-8101-1748d77a5b85,1.7,Caucasian,On-Demand,1,0
c.958_960del,154197655_154197657,p.(Met320del),Met301del,"Small structural change (in-frame, <50 bp)",Deletion,7,301,A1,Heavy chain,N,,,,X,Severe,No,,2000,111,,0,2,0,Exon,Early,5,10,d3c04afd-a104-4bfb-8b7b-bc6a0f938e9b,2.3,Black,Prophylaxis,42,1
c.962A>T,154197653,p.(Asp321Val),Asp302Val,Missense,Substitution,7,302,A1,Heavy chain,N,,,X,,Mild,Not reported,,2016,280,,0,0,0,Exon,Early,0,0,850aaa12-457d-444a-9c3d-2539fd421fdc,19,Caucasian,On-Demand,96,0
c.967G>A,154197648,p.(Gly323Arg),Gly304Arg,Missense,Substitution,7,304,A1,Heavy chain,N,X,,,,Severe,No,,2008,"180, 183",,0,2,0,Exon,Early,0,0,0bafc05e-5955-48b1-8060-00459656d3a1,1,Caucasian,Prophylaxis,24,0
c.968G>A,154197647,p.(Gly323Glu),Gly304Glu,Missense,Substitution,7,304,A1,Heavy chain,N,X,,,,Severe,No,,2001,"0, 116",,0,2,0,Exon,Early,0,0,9b02a5b7-af14-48b4-a1ae-fe7116c63b49,2.1,Asian,Prophylaxis,27,0
c.968G>T,154197647,p.(Gly323Val),Gly304Val,Missense,Substitution,7,304,A1,Heavy chain,N,,X,,,Moderate,Not reported,,2013,247,,0,1,0,Exon,Early,0,0,9288c2c6-ed88-430f-81b9-3b0bcee39078,1,Caucasian,Prophylaxis,19,0
c.969A>T,154197646,p.(=),0,Synonymous,Substitution,7,304,A1,Heavy chain,N,,X,,,Moderate,Not reported,,2015,272,,0,1,0,Exon,Early,2,2,fcca66e7-3a89-44ec-b348-4e43342cc128,3.3,Caucasian,Prophylaxis,41,0
c.970C>T,154197645,p.(Gln324*),Gln305*,Nonsense,Substitution,7,305,A1,Heavy Chain,N,X,,,,Severe,No,,2012,233,,0,2,1,Exon,Early,4,8,90e996b7-60f5-44f2-ad9b-fe1aedc54f96,2.2,Asian,Prophylaxis,23,0
c.971A>C,154197644,p.(Gln324Pro),Gln305Pro,Missense,Substitution,7,305,A1,Heavy chain,N,,,X,,Mild,No,,2006,158,,0,0,0,Exon,Early,0,0,f7856323-94c6-470e-9bb6-34a7eac4cbb7,14.5,Black,On-Demand,64,0
c.974_975del,154197640_154197641,p.(Phe325Serfs*12),Phe306Serfs*12,Frameshift,Deletion,7,306,A1,Heavy chain,N,,,,,Severe,No,,2003,136,,0,2,1,Exon,Early,1,2,70125be2-7d82-4697-ad88-12a8bf0c5660,4.4,Other,On-Demand,21,0
c.974T>C,154197641,p.(Phe325Ser),Phe306Ser ,Missense,Substitution,7,306,A1,Heavy chain,N,,X,,,Moderate,Not reported,,2016,280,,0,1,0,Exon,Early,0,0,73d76fd3-3ec4-46bc-91ad-1628704aee1e,5.1,Asian,On-Demand,1,0
c.976C>A,154197639,p.(Leu326Ile),Leu307Ile,Missense,Substitution,7,307,A1,Heavy chain,N,,,X,,Mild,Not reported,,2013,249,,0,0,0,Exon,Early,0,0,b3d519c7-61f7-4917-b4c2-fe3d9eef55ce,8.3,Asian,On-Demand,37,0
c.977T>C,154197638,p.(Leu326Pro),Leu307Pro,Missense,Substitution,7,307,A1,Heavy chain,N,,X,,,Moderate,No,,2003,136,,0,1,0,Exon,Early,0,0,e7d5fb5e-1248-4d0e-8846-349e16bc97b9,4.2,Caucasian,Prophylaxis,36,0
c.978_980del,154197635_154197637,p.(Leu327del),Leu308del,"Small structural change (in-frame, <50 bp)",Deletion,7,308,A1,Heavy chain,N,X,,,,Severe,Not reported,,2013,249,,0,2,0,Exon,Early,5,10,7dcb3e2f-214e-4aa9-9324-38cfe6b36a90,4.7,Asian,Prophylaxis,59,0
c.979C>G,154197636,p.(Leu327Val),Leu308Val,Missense,Substitution,7,308,A1,Heavy chain,N,,,X,,Mild,Not reported,,2002,127,,0,0,0,Exon,Early,0,0,52bffba3-7917-456c-9ab0-8682cb80fc13,27.4,Caucasian,On-Demand,142,1
c.980T>A,154197635,p.(Leu327Gln),Leu308Gln,Missense,Substitution,7,308,A1,Heavy chain,N,X,,,,Severe,Not reported,,2018,293,,0,2,0,Exon,Early,0,0,e43778f9-252a-4715-b6ea-401054999d5f,13.8,Asian,Prophylaxis,146,0
c.980T>C,154197635,p.(Leu327Pro),Leu308Pro,Missense,Substitution,7,308,A1,Heavy chain,N,X,,,,Severe,Not reported,,1996,72,,0,2,0,Exon,Early,0,0,6b011a41-e150-42cb-bdb9-42bb5125128b,4.2,Caucasian,Prophylaxis,35,0
c.980T>G,154197635,p.(Leu327Arg),Leu308Arg,Missense,Substitution,7,308,A1,Heavy chain,N,X,,,,Severe,Not reported,,2008,"183, 186",,0,2,0,Exon,Early,0,0,78ddb341-397f-4e64-8a16-927511181433,3.6,Caucasian,Prophylaxis,27,0
c.984T>G,154197631,p.(Phe328Leu),Phe309Leu,Missense,Substitution,7,309,A1,Heavy chain,N,,,X,,Mild,No,,2008,180,,0,0,0,Exon,Early,0,0,d437aaa0-8b97-49c2-9b59-5d17a40c357f,13.7,Caucasian,On-Demand,62,0
c.985dupT,154197630,p.(Cys329Leufs*9),Cys310Leufs*9,Frameshift,Duplication,7,310,A1,Heavy chain,N,X,,,,Severe,No,,2008,180,,0,2,1,Exon,Early,1,2,407b40d9-a97d-40e3-8bf0-6d856b087cbe,3.3,Caucasian,Prophylaxis,34,0
c.985T>A,154197630,p.(Cys329Ser),Cys310Ser,Missense,Substitution,7,310,A1,Heavy chain,N,,X,,,Moderate,No,,2010,213,,0,1,0,Exon,Early,0,0,75ea8e2c-0259-4362-aadd-a64f8a62bc51,7.2,Caucasian,On-Demand,37,0
c.986G>A,154197629,p.(Cys329Tyr),Cys310Tyr,Missense,Substitution,7,310,A1,Heavy chain,N,X,,,,Severe,Yes,,2007,170,,1,2,0,Exon,Early,0,0,8f8bc0ef-2205-4c6a-bc4d-7e569660de83,12.7,Black,On-Demand,69,0
c.986G>C,154197629,p.(Cys329Ser),Cys310Ser,Missense,Substitution,7,310,A1,Heavy chain,N,,X,,,Moderate,Not reported,,2007,165,,0,1,0,Exon,Early,0,0,eea818f5-a037-4c59-8fa0-26acff27521b,1.1,Asian,On-Demand,6,1
c.986G>T,154197629,p.(Cys329Phe),Cys310Phe,Missense,Substitution,7,310,A1,Heavy chain,N,,,,,Severe,No,,2003,136,,0,2,0,Exon,Early,0,0,444ab119-3708-4957-baff-89017103a9e4,3,Caucasian,Prophylaxis,19,0
c.989A>G,154197626,p.(His330Arg),His311Arg,Missense,Substitution,7,311,A1,Heavy chain,N,,X,,,Moderate,No,,2010,207,,0,1,0,Exon,Early,0,0,a217c0ee-469f-48aa-8e32-5d928beac99c,1.7,Caucasian,Prophylaxis,34,0
c.991_992del,154197623_154197624,p.(Ile331Leufs*6),Ile312Leufs*6,Frameshift,Deletion,7,312,A1,Heavy chain,N,,X,,,Moderate,Not reported,,1997,78,,0,1,1,Exon,Early,1,1,ce1ecc79-491c-40e9-8537-a1e0660aba7b,4.1,Caucasian,Prophylaxis,46,0
c.991A>G,154197624,p.(Ile331Val),Ile312Val,Missense,Substitution,7,312,A1,Heavy chain,N,,,X,,Mild,No,,2013,239,,0,0,0,Exon,Early,0,0,01c530db-bdda-40af-9c52-98a231b8029f,21.2,Caucasian,On-Demand,116,1
c.991A>T,154197624,p.(Ile331Phe),Ile312Phe,Missense,Substitution,7,312,A1,Heavy Chain,N,,,X,,Mild,Not reported,,2018,293,,0,0,0,Exon,Early,0,0,75793db5-2ca2-4efa-8f51-41bca4511ad4,13.2,Black,On-Demand,62,1
c.992T>C,154197623,p.(Ile331Thr),Ile312Thr,Missense,Substitution,7,312,A1,Heavy chain,N,,,X,,Mild,No,,2007,161,,0,0,0,Exon,Early,0,0,522faede-0083-47b6-8bc3-a4ac0bdf7db6,20,Caucasian,On-Demand,96,0
c.992T>G,154197623,p.(Ile331Ser),Ile312Ser,Missense,Substitution,7,312,A1,Heavy Chain,N,,X,,,Moderate,No,,2012,229,,0,1,0,Exon,Early,0,0,09d49391-b954-4d42-b349-7324478d2f15,4.7,Caucasian,Prophylaxis,46,0
c.1010-?_1271+?del,154194701_154194962,,,Large structural change (>50 bp),Deletion,8,,,single domain,,X,,,,Severe,Yes,,2016,282,X,1,2,0,Exon,Early,3,6,862fac5a-99ff-46cd-9c65-635854f78fc4,10.5,Hispanic,Prophylaxis,87,0
c.1011_1012del,154194960_154194961,p.(Asp337Glufs*22),Asp318Glufs*22,Frameshift,Deletion,8,318,A1,Heavy chain,N,X,,,,Severe,Not Reported,,2016,280,,0,2,1,Exon,Early,1,2,31a0f85c-bd0a-49a2-8b1f-7750a7f7212f,2.2,Caucasian,Prophylaxis,26,0
c.1013G>T,154194959,p.(Gly338Val),Gly319Val,Missense,Substitution,8,319,A1,Heavy chain,N,,,X,,Mild,Yes,,2013,251,,1,0,0,Exon,Early,0,0,f2574702-7dd7-41de-8641-65c864711a3c,5.3,Caucasian,On-Demand,42,1
c.1015A>G,154194957,p.(Met339Val),Met320Val,Missense,Substitution,8,320,A1,Heavy chain,N,,X,,,Moderate,No,,2010,213,,0,1,0,Exon,Early,0,0,0c2fd551-5dfc-4eba-91b5-e169a1e434bc,8.8,Caucasian,Prophylaxis,76,0
c.1016T>C,154194956,p.(Met339Thr),Met320Thr,Missense,Substitution,8,320,A1,Heavy chain,N,,,,X,Moderate,Not reported,,2001,114,,0,1,0,Exon,Early,0,0,aa156583-12f2-4ae9-9b27-d842cded0254,1.6,Asian,Prophylaxis,18,0
c.1016T>G,154194956,p.(Met339Arg),Met320Arg,Missense,Substitution,8,320,A1,Heavy chain,N,X,,,,Severe,No,,2018,306,,0,2,0,Exon,Early,0,0,c48dfb59-35d8-432f-8fe6-470b8804fb22,8,Asian,Prophylaxis,73,0
c.1017_1024del,154194948_154194955,p.(Met339Ilefs*18),Met320Ilefs*18,Frameshift,Deletion,8,320,A1,Heavy chain,N,X,,,,Severe,Not Reported,,2018,293,,0,2,1,Exon,Early,1,2,c8f808ce-81d5-482a-9eff-09f1d889b53f,5.8,Caucasian,Prophylaxis,66,0
c.1017G>A,154194955,p.(Met339Ile),Met320Ile,Missense,Substitution,8,320,A1,Heavy chain,N,,X,,,Moderate,No,,2010,201,,0,1,0,Exon,Early,0,0,4e637bff-0fe1-4627-8d81-21dec1bd58de,11,Caucasian,Prophylaxis,95,0
c.1018G>A,154194954,p.(Glu340Lys),Glu321Lys,Missense,Substitution,8,321,A1,Heavy chain,N,,,X,,Mild,No,1 stage-2 stage assay discrepancy,1999,101,,0,0,0,Exon,Early,0,0,f48d47f9-a7e0-4a89-a797-7e3385dbcd44,24.9,Asian,Prophylaxis,239,1
c.1020A>C,154194952,p.(Glu340Asp),Glu321Asp,Missense,Substitution,8,321,A1,Heavy chain,N,,,X,,Mild,No,,2008,180,,0,0,0,Exon,Early,0,0,320581ea-dee1-4def-b9d3-c2eee76badfa,13.9,Asian,Prophylaxis,126,0
c.1021_1030del,154194942_154194951,p.(Ala341Lysfs*2),Ala322Lysfs*2,Frameshift,Deletion,8,322,A1,Heavy chain,N,X,,,,Severe,Not Reported,,2016,280,,0,2,1,Exon,Early,1,2,54042bbc-3adf-4b2f-8840-1c0c5bfd5900,5.6,Caucasian,Prophylaxis,30,0
c.1024delT,154194948,p.(Tyr342Metfs*4),Tyr323Metfs*4,Frameshift,Deletion,8,323,A1,Heavy chain,N,X,,,,Severe,Not reported,,1996,74,,0,2,1,Exon,Early,1,2,00daeb6f-55ff-4405-9147-ccb08bacd726,6.9,Caucasian,Prophylaxis,70,0
c.1025_1026del,154194946_154194947,p.(Tyr342Cysfs*17),p.Tyr323Cysfs*17,Frameshift,Deletion,8,323,A1,Heavy chain,N,X,,,,Severe,No,,2020,319,X,0,2,1,Exon,Early,1,2,5b125014-ce52-4273-a3ac-a9b044e968e7,4.2,Caucasian,Prophylaxis,50,0
c.1025A>G,154194947,p.(Tyr342Cys),Tyr323Cys,Missense,Substitution,8,323,A1,Heavy chain,N,,X,,,Moderate,No,,2010,"0, 210",,0,1,0,Exon,Early,0,0,d7b27f21-a4f1-4bc8-9383-1b1b5bfdd2d0,5.4,Asian,Prophylaxis,35,0
c.1026T>A,154194946,p.(Tyr342*),Tyr323*,Nonsense,Substitution,8,323,A1,Heavy chain,N,X,,,,Severe,No,,1993,56,,0,2,1,Exon,Early,4,8,4d925f13-35bf-4b45-bf6d-db020692e8d7,1.3,Black,Prophylaxis,13,0
c.1028T>C,154194944,p.(Val343Ala),Val324Ala,Missense,Substitution,8,324,A1,Heavy Chain,N,X,,,,Severe,No,,2020,320,X,0,2,0,Exon,Early,0,0,2e6682af-988f-46a6-96a1-4e327d8985a5,8.6,Caucasian,On-Demand,54,0
c.1030A>C,154194942,p.(Lys344Gln),Lys325Gln,Missense,Substitution,8,325,A1,Heavy Chain,N,,,X,,Mild,Not reported,,2008,"183, 186",,0,0,0,Exon,Early,0,0,5bae25ba-30d6-4680-bcd2-3c8dd3794b32,13.9,Asian,On-Demand,79,0
c.1030A>T,154194942,p.(Lys344*),Lys325*,Nonsense,Substitution,8,325,A1,Heavy chain,N,X,,,,Severe,No,,2008,180,,0,2,1,Exon,Early,4,8,ca8beccf-b8e4-452a-a3a6-389bf02a0cdf,1.9,Caucasian,Prophylaxis,29,0
c.1032dupA,154194940,p.(Val345Serfs*15),Val326Serfs*15,Frameshift,Duplication,8,326,A1,Heavy chain,Y,X,,,,Severe,Yes,,2014,258,,1,2,1,Exon,Early,1,2,afb6cf5d-5199-4d81-aa1f-e2694c83eb07,2.1,Asian,On-Demand,3,0
c.1033G>C,154194939,p.(Val345Leu),Val326Leu,Missense,Substitution,8,326,A1,Heavy chain,N,,,,,Severe,Not reported,,1990,"27, 28",,0,2,0,Exon,Early,0,0,f7c3b87e-3785-4dca-b326-383083d431b2,6.3,Caucasian,Prophylaxis,55,0
c.1033G>T,154194939,p.(Val345Leu),Val326Leu,Missense,Substitution,8,326,A1,Heavy chain,N,,X,,,Moderate,Not reported,,2008,183,,0,1,0,Exon,Early,0,0,3be28f71-aa52-4880-aa1b-f6f634fdb23c,3.9,Black,Prophylaxis,40,0
c.1034T>C,154194938,p.(Val345Ala),Val326Ala,Missense,Substitution,8,326,A1,Heavy chain,N,,,,X,Not reported,Not Reported,,2002,126,,0,,0,Exon,Early,0,,38e9588d-1809-4ecf-bc60-25a7b1864414,5.1,Black,On-Demand,22,0
c.1037_1040del,154194932_54194935,p.(Asp346Alafs*10),Asp327Alafs*10,Frameshift,Deletion,8,327,A1,Heavy chain,N,X,,,,Severe,Not reported,,2021,333,X,0,2,1,Exon,Early,1,2,722771fe-32cb-4f6a-8d7d-4d2d02908be6,3.9,Asian,Prophylaxis,24,0
c.1038delC,154194934,p.(Asp346Glufs*11),Asp327Glufs*11,Frameshift,Deletion,8,327,A1,Heavy chain,N,X,,,,Severe,Not Reported,,2016,280,,0,2,1,Exon,Early,1,2,3c74d339-7618-4a33-9246-58c735aba5c7,2.7,Black,Prophylaxis,12,1
c.1042T>C,154194930,p.(Cys348Arg),Cys329Arg,Missense,Substitution,8,329,A1,Heavy chain,N,,,,X,Severe,Not reported,,1990,28,,0,2,0,Exon,Early,0,0,13eafa4c-b0e2-41f4-b173-50f1e82a402a,8.6,Caucasian,Prophylaxis,79,1
c.1043G>A,154194929,p.(Cys348Tyr),Cys329Tyr,Missense,Substitution,8,329,A1,Heavy chain,N,X,,,,Severe,No,,1995,69,,0,2,0,Exon,Early,0,0,f4bed26e-c057-49d9-8454-19fde1a9da6b,1.3,Caucasian,Prophylaxis,1,0
c.1043G>C,154194929,p.(Cys348Ser),Cys329Ser,Missense,Substitution,8,329,A1,Heavy chain,N,,X,,,Moderate,Not Reported,,1995,68,,0,1,0,Exon,Early,0,0,48b005af-0bde-4b38-be35-d76b219c3591,7.1,Hispanic,Prophylaxis,65,0
c.1048G>T,154194924,p.(Glu350*),Glu331*,Nonsense,Substitution,8,331,A1,Heavy chain,N,X,,,,Severe,Not Reported,,2018,293,,0,2,1,Exon,Early,4,8,4d4aa5a6-9781-4feb-be84-554b6d61c562,2.6,Asian,On-Demand,17,0
c.1051G>A,154194921,p.(Glu351Lys),Glu332Lys,Missense,Substitution,8,332,A1,Heavy chain,N,,,X,,Mild,No,,2013,239,,0,0,0,Exon,Early,0,0,3cad0a7a-993c-48e2-b1f7-1cadde3bf3d1,37.2,Caucasian,On-Demand,186,0
c.1057C>T,154194915,p.(Gln353*),Gln334*,Nonsense,Substitution,8,334,A1,Heavy Chain,N,X,,,,Severe,No,,2012,233,,0,2,1,Exon,Early,4,8,d1e944b8-81d5-4e60-8752-a9eabecd634f,4.9,Caucasian,On-Demand,27,0
c.1061_1062dup,154194910_154194911,p.(Arg355Tyrfs*3),Arg336Tyrfs*3,Frameshift,Duplication,8,336,A1,Heavy Chain,N,X,,,,Severe,Yes,,2012,233,,1,2,1,Exon,Early,1,2,45872761-1b54-4bc3-8c3c-b7ffa1bcc930,6.1,Hispanic,Prophylaxis,66,0
c.1063C>T,154194909,p.(Arg355*),Arg336*,Nonsense,Substitution,8,336,A1,Heavy chain,N,X,,,,Severe,No,APC cleavage site,1988,10,,0,2,1,Exon,Early,4,8,d66afbe6-b2f0-4787-9a1b-515a2c2774ed,7.3,Hispanic,Prophylaxis,81,0
c.1072_1083del,154194889_154194900,p.(Asn358_Glu361del),Asn339_Glu342del,"Small structural change (in-frame, <50 bp)",Deletion,8,339,a1,Heavy chain,N,,,,X,Severe,Not reported,,1994,65,,0,2,0,Exon,Early,5,10,4897fa18-3fe1-4dc1-b5f1-32545879a001,4,Caucasian,Prophylaxis,38,0
c.1073delA,154194899,p.(Asn358Ilefs*60),Asn339Ilefs*60,Frameshift,Deletion,8,339,a1,Heavy chain,N,X,,,,Severe,Not Reported,,2021,333,X,0,2,1,Exon,Early,1,2,5d97507d-a5bc-4cf8-a52a-e7547148b44e,4.3,Asian,Prophylaxis,55,0
c.1073dupA,154194899,p.(Asn358Lysfs*2),Asn339Lysfs*2,Frameshift,Duplication,8,339,a1,Heavy chain,N,,,,X,Not reported,Not Reported,,2019,312,,0,,1,Exon,Early,1,,9d3d2aed-159f-4a4f-bed4-0b418523c874,27.8,Black,On-Demand,137,0
c.1074dupT,154194898,p.(Asn359*),Asn340*,Frameshift,Duplication,8,340,a1,Heavy chain,N,X,,,,Severe,Yes,,2007,"0, 170",,1,2,1,Exon,Early,1,2,84005180-6f09-4525-9ab9-01fd055d41ed,5.2,Hispanic,Prophylaxis,61,1
c.1075_1078del,154194894_154194897,p.(Asn359Lysfs*39),Asn340Lysfs*39,Frameshift,Deletion,8,340,a1,Heavy chain,N,,,,X,Severe,Not reported,,1990,28,,0,2,1,Exon,Early,1,2,1f04c02d-63ac-4367-b9d1-40b7143c57f8,3.3,Other,Prophylaxis,23,0
c.1078_1079del,154194893_154194894,p.(Glu360Argfs*6),Glu341Argfs*6,Frameshift,Deletion,8,341,a1,Heavy chain,N,,,,X,Severe,Not reported,,1990,27,,0,2,1,Exon,Early,1,2,d71f9a16-ef39-4ece-9577-b2dd1740a411,1.4,Caucasian,On-Demand,14,0
c.1081G>T,154194891,p.(Glu361*),Glu342*,Nonsense,Substitution,8,342,a1,Heavy chain,N,X,,,,Severe,Yes,,2022,348,X,1,2,1,Exon,Early,4,8,29a7f672-8ca9-4347-9f3b-f13f3387a213,1.8,Other,Prophylaxis,14,0
c.1082_1084del,154194888_154194890,p.(Glu361del),Glu342del,"Small structural change (in-frame, <50 bp)",Deletion,8,342,a1,Heavy chain,N,X,,,,Severe,Not reported,,2018,293,,0,2,0,Exon,Early,5,10,41a466da-9b85-4473-928d-5fee5d22996a,1.4,Hispanic,Prophylaxis,1,0
c.1083dupA,154194889,p.(Ala362Serfs*5),Ala343Serfs*5,Frameshift,Duplication,8,343,a1,Heavy chain,N,X,,,,Severe,Not reported,,2018,293,,0,2,1,Exon,Early,1,2,d23d1192-44c3-40ba-9e94-d9f2e4227352,1.7,Caucasian,Prophylaxis,17,0
c.1087_1100del,154194872_154194885,p.(Glu363*),Glu344*,Frameshift,Deletion,8,344,a1,Heavy chain,N,,,,X,Not reported,Not reported,,2019,309,,0,,1,Exon,Early,1,,f0806878-082b-4f85-94d4-7168f8638d87,2,Black,On-Demand,27,0
c.1090delG,154194882,p.(Asp364Thrfs*54),Asp345Thrfs*54,Frameshift,Deletion,8,345,a1,Heavy Chain,N,X,,,,Severe,No,,2012,233,,0,2,1,Exon,Early,1,2,c16269f2-34fe-433e-a911-fb655478da5a,5.3,Caucasian,Prophylaxis,63,0
c.1093T>C,154194879,p.(Tyr365His),Tyr346His,Missense,Substitution,8,346,a1,Heavy chain,N,,,X,,Mild,No,,2013,"239, 249",,0,0,0,Exon,Early,0,0,9ca53b77-02ee-4690-9fae-bc1411f9377b,2,Other,On-Demand,11,0
c.1093T>G,154194879,p.(Tyr365*),Tyr346*,Nonsense,Substitution,8,346,a1,Heavy chain,N,X,,,,Severe,Yes,,2021,337,X,1,2,1,Exon,Early,4,8,938ec057-076d-4258-aa7d-237b56a7489d,3.3,Caucasian,Prophylaxis,39,0
c.1094A>G,154194878,p.(Tyr365Cys),Tyr346Cys,Missense,Substitution,8,346,a1,Heavy chain,N,,,X,,Mild,No,1 stage-2 stage assay discrepancy,2001,"0, 115, 131",,0,0,0,Exon,Early,0,0,2faf9fcc-3864-4930-8a10-ddd5556d1b67,19.8,Caucasian,On-Demand,105,0
c.1095T>G,154194877,p.(Tyr365*),Tyr346*,Nonsense,Substitution,8,346,a1,Heavy chain,N,X,,,,Severe,Not Reported,,2016,280,,0,2,1,Exon,Early,4,8,5e2a7972-c84b-4dc2-8382-235f5b223ed4,4.7,Asian,Prophylaxis,48,0
c.1096G>A,154194876,p.(Asp366Asn),Asp347Asn,Missense,Substitution,8,347,a1,Heavy chain,N,,,X,,Mild,Not reported,,2018,293,,0,0,0,Exon,Early,0,0,acf0f1ec-8c1c-4ab4-89d9-0cbae4e8f402,29.3,Caucasian,On-Demand,131,0
c.1102_1104del,154194868_154194870,p.(Asp368del),Asp379del,"Small structural change (in-frame, <50 bp)",Deletion,8,349,a1,Heavy chain,N,,,,X,Not reported,Not Reported,,2022,345,X,0,,0,Exon,Early,5,,84be124c-fd56-4416-a66c-e7f543774a04,13.9,Caucasian,On-Demand,64,0
c.1108dupA,154194864,p.(Thr370Asnfs*2),Thr351Asnfs*2,Frameshift,Duplication,8,351,a1,Heavy chain,N,X,,,,Severe,Not Reported,,2016,280,,0,2,1,Exon,Early,1,2,346d6954-9386-4d6e-baa0-3aaea2fdc101,4.1,Caucasian,On-Demand,40,0
c.1126delG,154194846,p.(Val376Trpfs*42),Val357Trpfs*42,Frameshift,Deletion,8,357,a1,Heavy chain,N,X,,,,Severe,Not reported,,2017,283,,0,2,1,Exon,Early,1,2,d7b48ce6-8012-4ce5-9630-395ee596c09b,4.6,Black,On-Demand,22,0
c.1127_1138del,154194834_154194845,p.(Val376_Phe379del),Val357_Phe360del,"Small structural change (in-frame, <50 bp)",Deletion,8,357,a1,Heavy chain,N,,,X,,Mild,Not Reported,,2018,293,,0,0,0,Exon,Early,5,0,a26e6b6e-b9d2-4aa2-a078-8efc86f6b997,17.3,Caucasian,On-Demand,86,0
c.1127T>G,154194845,p.(Val376Gly),Val357Gly,Missense,Substitution,8,357,a1,Heavy chain,N,,,X,,Mild,No,,2007,161,,0,0,0,Exon,Early,0,0,8eb89916-b986-4cc8-a0f0-20b1a35d4ad0,2,Caucasian,On-Demand,4,0
c.1134delG,154194838,p.(Arg378Serfs*40),Arg359Serfs*40,Frameshift,Deletion,8,359,a1,Heavy chain,N,X,,,,Severe,Not Reported,,2016,280,,0,2,1,Exon,Early,1,2,d76bae37-a23e-4344-a0d4-ade28f76a948,2.2,Asian,Prophylaxis,14,0
c.1136T>A,154194836,p.(Phe379Tyr),Phe360Tyr,Missense,Substitution,8,360,a1,Heavy chain,N,,X,,,Moderate,No,,2013,239,,0,1,0,Exon,Early,0,0,350066d6-c748-4b94-a302-e98eb7d96d72,1,Caucasian,On-Demand,1,0
c.1139A>G,154194833,p.(Asp380Gly),Asp361Gly,Missense,Substitution,8,361,a1,Heavy chain,N,X,,,,Severe,Not reported,,2016,280,,0,2,0,Exon,Early,0,0,c115a7f5-985a-4b95-9829-e26641b209fb,3.5,Caucasian,Prophylaxis,31,0
c.1152_1153del,154194819_154194820,p.(Pro385Phefs*14),Pro366Phefs*14,Frameshift,Deletion,8,366,a1,Heavy chain,N,X,,,,Severe,Not Reported,,2016,280,,0,2,1,Exon,Early,1,2,4212d438-cbac-4557-8b94-fa2fe2c26bf7,4.7,Hispanic,Prophylaxis,38,0
c.1163T>C,154194809,p.(Ile388Thr),Ile369Thr,Missense,Substitution,8,369,a1,Heavy Chain,N,,,X,,Mild,Not reported,,2008,187,,0,0,0,Exon,Early,0,0,8f21172b-1be7-4f2e-8ae7-549debdc9b17,16.8,Other,Prophylaxis,181,0
c.1164delC,154194807,p.(Gln389Lysfs*29),Gln370Lysfs*29,Frameshift,Deletion,8,370,a1,Heavy chain,N,X,,,,Severe,No,,2008,180,,0,2,1,Exon,Early,1,2,964737da-9f61-4488-9d46-6ff2362977b8,3.3,Asian,Prophylaxis,35,0
c.1165C>T,154194807,p.(Gln389*),Gln370*,Nonsense,Substitution,8,370,a1,Heavy Chain,N,X,,,,Severe,No,,2012,233,,0,2,1,Exon,Early,4,8,fb5f8cdc-76e2-48ff-aea9-ef7bd37bdcba,2.4,Caucasian,Prophylaxis,15,0
c.1167A>G,154194805,p.(=),0,Synonymous,Substitution,8,370,a1,Heavy chain,N,,,X,,Mild,Not reported,,2019,315,,0,0,0,Exon,Early,2,0,d2aeeb26-eb3f-4991-92c1-bed030e80d70,19.9,Caucasian,On-Demand,90,0
c.1169T>C,154194803,p.(Ile390Thr),Ile371Thr,Missense,Substitution,8,371,a1,Heavy chain,N,,,X,,Mild,No,,2006,158,,0,0,0,Exon,Early,0,0,17cdcf75-84b6-4703-b382-3d18f386a2a1,21.5,Caucasian,On-Demand,115,0
c.1171_1184dup,154194788_154194801,p.(Lys395Asnfs*28),Lys376Asnfs*28,Frameshift,Duplication,8,376,A2,Heavy Chain,N,X,,,,Severe,Not reported,,2010,211,,0,2,1,Exon,Early,1,2,ee44cc97-6120-41f0-9a07-e6cbab4fa7a2,3.3,Caucasian,Prophylaxis,25,1
c.1171C>G,154194801,p.(Arg391Gly),Arg372Gly,Missense,Substitution,8,372,a1,Heavy chain,N,,,X,,Mild,Not reported,,2005,147,,0,0,0,Exon,Early,0,0,cc3dd0d1-2a61-4534-b925-7d786afc713d,13.7,Caucasian,Prophylaxis,141,0
c.1171C>T,154194801,p.(Arg391Cys),Arg372Cys,Missense,Substitution,8,372,a1,Heavy chain,N,X,X,,,Moderate/Severe,No,Thrombin activation site,1989,"0, 23",,0,,0,Exon,Early,0,,4d6db658-5e55-4a0d-9257-c60f5bf5e96b,11,Caucasian,On-Demand,57,0
c.1172G>A,154194800,p.(Arg391His),Arg372His,Missense,Substitution,8,372,a1,Heavy chain,N,,X,,,Moderate,Not reported,Thrombin activation site,1989,17,,0,1,0,Exon,Early,0,0,1b25eb8d-edef-485a-8b8f-3e5349a6646e,8,Hispanic,Prophylaxis,65,1
c.1172G>C,154194800,p.(Arg391Pro),Arg372Pro,Missense,Substitution,8,372,a1,Heavy chain,N,X,,,,Severe,No,Thrombin activation site,1992,49,,0,2,0,Exon,Early,0,0,ff239325-b33f-4dd2-9192-c138fa9a7013,4.6,Caucasian,Prophylaxis,54,0
c.1174T>C,154194798,p.(Ser392Pro),Ser373Pro,Missense,Substitution,8,373,A2,Heavy chain,N,,,X,,Mild,No,Thrombin activation site,1994,"64, 65",,0,0,0,Exon,Early,0,0,37a72a0c-7b12-42e6-9903-c69fe5a945d9,2,Asian,On-Demand,23,0
c.1175C>A,154194797,p.(Ser392*),Ser373*,Nonsense,Substitution,8,373,A2,Heavy chain,N,X,,,,Severe,Not reported,,1993,54,,0,2,1,Exon,Early,4,8,5f321738-3685-49df-b5d3-95b2d2b958ce,1.9,Caucasian,Prophylaxis,15,0
c.1175C>G,154194797,p.(Ser392*),Ser373*,Nonsense,Substitution,8,373,A2,Heavy chain,N,X,,,,Severe,No,,0,0,,0,2,1,Exon,Early,4,8,cc5548a3-96ba-4cd5-8c74-95afe043cfa5,10,Caucasian,Prophylaxis,108,0
c.1175C>T,154194797,p.(Ser392Leu),Ser373Leu,Missense,Substitution,8,373,A2,Heavy chain,N,,,X,,Mild,Not reported,Thrombin activation site,1993,54,,0,0,0,Exon,Early,0,0,f2feb37f-4b41-4876-9809-d6ddec635b13,9.8,Hispanic,On-Demand,53,0
c.1180G>T,154194792,p.(Ala394Ser),Ala375Ser,Missense,Substitution,8,375,A2,Heavy chain,N,,,X,,Mild,No,,2008,188,,0,0,0,Exon,Early,0,0,128b2a75-5a53-4378-a143-ab6bfbb25821,3.9,Asian,Prophylaxis,50,0
c.1183A>G,154194789,p.(Lys395Glu),Lys376Glu,Missense,Substitution,8,376,A2,Heavy Chain,N,,X,,,Moderate,No,,2012,233,,0,1,0,Exon,Early,0,0,0e19a253-2d03-4cf8-ae01-0207778426e2,2.3,Caucasian,Prophylaxis,21,1
c.1184A>G,154194788,p.(Lys395Arg),Lys376Arg,Missense,Substitution,8,376,A2,Heavy chain,N,,,X,,Mild,No,,2008,180,,0,0,0,Exon,Early,0,0,d908ebcc-e2d9-4868-927c-ec1aecbe2641,14.9,Caucasian,On-Demand,72,1
c.1184dupA,154194788,p.(Lys396Glufs*4),Lys377Glufs*4,Frameshift,Duplication,8,377,A2,Heavy Chain,Y,X,,,,Severe,No,,2012,233,,0,2,1,Exon,Early,1,2,b30959a4-ec67-4a2b-b57f-8c88909cd819,5.9,Asian,On-Demand,21,0
c.1185G>C,154194787,p.(Lys395Asn),Lys376Asn,Missense,Substitution,8,376,A2,Heavy chain,N,,,,X,Not reported,Not reported,,2007,164,,0,,0,Exon,Early,0,,3183673e-842b-43c9-bbda-4bd48b97fbc4,10.3,Caucasian,On-Demand,47,0
c.1186A>T,154194786,p.(Lys396*),Lys377*,Nonsense,Substitution,8,377,A2,Heavy chain,N,X,,,,Severe,No,,2014,260,,0,2,1,Exon,Early,4,8,ee8633cd-f3fc-4064-8ea2-d37af5419190,2.3,Asian,Prophylaxis,34,0
c.1189dupC,154194783,p.(His397Profs*3),His378Profs*3,Frameshift,Duplication,8,378,A2,Heavy chain,N,X,,,,Severe,No,,2006,160,,0,2,1,Exon,Early,1,2,7030adf5-20a0-4b3d-95e4-977b71146524,1.2,Caucasian,On-Demand,4,0
c.1195A>G,154194777,p.(Lys399Glu),Lys380Glu,Missense,Substitution,8,380,A2,Heavy chain,N,,,X,,Mild,No,,2005,"0, 152",,0,0,0,Exon,Early,0,0,de4c349f-75a0-4081-aa1b-868cfa5f61b1,14.4,Caucasian,On-Demand,77,1
c.1199delC,154194773,p.(Thr400Ilefs*18),p.Thr381Ilefs*18,Frameshift,Deletion,8,381,A2,Heavy chain,N,X,,,,Severe,Not reported,,2021,333,X,0,2,1,Exon,Early,1,2,7285ba9b-3463-41e0-a678-04b7bcc20e1b,9.5,Caucasian,Prophylaxis,98,0
c.1200_1201del,154194771_154194772,p.(Trp401Glyfs*7),Trp382Glyfs*7,Frameshift,Deletion,8,382,A2,Heavy chain,N,X,,,,Severe,Not reported,,1996,72,,0,2,1,Exon,Early,1,2,0a0f14f6-c212-481d-9dd5-d575d9425656,8,Black,Prophylaxis,74,0
c.1201T>A,154194771,p.(Trp401Arg),Trp382Arg,Missense,Substitution,8,382,A2,Heavy chain,N,,,X,,Mild,Not reported,,2016,280,,0,0,0,Exon,Early,0,0,18885f1a-d7fd-44f0-9df2-aec7af899ffb,11.7,Caucasian,Prophylaxis,127,0
c.1201T>G,154194771,p.(Trp401Gly),Trp382Gly,Missense,Substitution,8,382,A2,Heavy chain,N,,,X,,Mild,No,,2003,136,,0,0,0,Exon,Early,0,0,21504e44-a7c2-4f6b-9fb5-f8c041e451e3,31.1,Asian,On-Demand,152,0
c.1202G>A,154194770,p.(Trp401*),Trp382*,Nonsense,Substitution,8,382,A2,Heavy chain,N,X,,,,Severe,Yes,,0,0,,1,2,1,Exon,Early,4,8,c9bee2a7-7ef2-4288-accf-4cc61ac2d0df,4.7,Black,Prophylaxis,63,0
c.1202G>C,154194770,p.(Trp401Ser),Trp382Ser,Missense,Substitution,8,382,A2,Heavy chain,N,,,,X,Not reported,Not reported,,2022,345,X,0,,0,Exon,Early,0,,2a5f4510-40fc-46c3-a9a2-c3ae21d64f8b,6.2,Asian,On-Demand,5,0
c.1203G>A,154194769,p.(Trp401*),Trp382*,Nonsense,Substitution,8,382,A2,Heavy chain,N,,,,X,Not reported,Not reported,,2005,145,,0,,1,Exon,Early,4,,3b18c2c5-154e-4683-8b3c-c42dc21d1863,11.5,Caucasian,On-Demand,41,0
c.1203G>C,154194769,p.(Trp401Cys),Trp382Cys,Missense,Substitution,8,382,A2,Heavy Chain,N,,,X,,Mild,Not reported,,2008,186,,0,0,0,Exon,Early,0,0,026ca992-57b4-405b-83a8-e4c60fdee070,22.5,Asian,On-Demand,100,0
c.1207C>G,154194765,p.(His403Asp),His384Asp,Missense,Substitution,8,384,A2,Heavy chain,N,X,,,,Severe,Yes,,0,0,,1,2,0,Exon,Early,0,0,797c0e50-0549-497a-b837-876733c2d4f4,5.9,Other,Prophylaxis,74,0
c.1208A>T,154194764,p.(His403Leu),His384Leu,Missense,Substitution,8,384,A2,Heavy Chain,N,,,X,,Mild,No,,2012,233,,0,0,0,Exon,Early,0,0,a178a0f9-ffb7-4785-b41d-c4c7da873e98,27.5,Hispanic,Prophylaxis,261,0
c.1210T>G,154194762,p.(Tyr404Asp),Tyr385Asp,Missense,Substitution,8,385,A2,Heavy Chain,N,X,,,,Severe,No,,2012,233,,0,2,0,Exon,Early,0,0,d784f9db-c2cb-4f39-9ed3-287c3eed9ff8,7.2,Caucasian,Prophylaxis,66,0
c.1212_1213delCA,154194759_154194760,p.(Ile405Cysfs*3),Ile386Cys*3,Frameshift,Deletion,8,386,A2,Heavy chain,N,,X,,,Moderate,No,,2022,342,X,0,1,1,Exon,Early,1,1,780347b5-d380-467e-9a41-8fd7e714c6e4,6.6,Black,Prophylaxis,62,0
c.1213A>T,154194759,p.(Ile405Phe),Ile386Phe,Missense,Substitution,8,386,A2,Heavy chain,N,,X,,,Moderate,No,,1999,101,,0,1,0,Exon,Early,0,0,7acc0a62-753f-4f7d-8a75-898c3319612f,1.6,Asian,Prophylaxis,13,0
c.1214T>C,154194758,p.(Ile405Thr),Ile386Thr,Missense,Substitution,8,386,A2,Heavy chain,N,,X,,,Moderate,No,,2012,231,,0,1,0,Exon,Early,0,0,9b726122-7503-4c21-adca-7925d429d82d,5.7,Caucasian,Prophylaxis,38,1
c.1220delC,154194752,p.(Ala407Valfs*11),Ala388Valfs*11,Frameshift,Deletion,8,388,A2,Heavy chain,N,,X,,,Moderate,No,,0,0,,0,1,1,Exon,Early,1,1,5d92703f-012a-4859-bb4d-b939ccd1950d,4.8,Caucasian,Prophylaxis,49,0
c.1222G>A,154194750,p.(Glu408Lys),Glu389Lys,Missense,Substitution,8,389,A2,Heavy chain,N,,,X,,Mild,Not Reported,,2018,293,,0,0,0,Exon,Early,0,0,3aa6ad45-c379-4ef3-830a-e6c23567ba9f,11.3,Asian,On-Demand,49,0
c.1225G>A,154194747,p.(Glu409Lys),Glu390Lys,Missense,Substitution,8,390,A2,Heavy chain,N,,X,,,Moderate,Yes,,2020,319,X,1,1,0,Exon,Early,0,0,86bc0b92-a249-4e3c-bb3c-1294bce971a3,2.9,Black,On-Demand,3,1
c.1225G>C,154194747,p.(Glu409Gln),Glu390Gln,Missense,Substitution,8,390,A2,Heavy chain,N,,,X,,Mild,Not Reported,,2018,293,,0,0,0,Exon,Early,0,0,daf8c800-7b70-4198-8c00-44c1f299bacd,20.1,Asian,On-Demand,114,0
c.1227G>T,154194745,p.(Glu409Asp),Glu390Asp,Missense,Substitution,8,390,A2,Heavy chain,N,,,X,,Mild,Not Reported,,2016,280,,0,0,0,Exon,Early,0,0,33c8f43d-0c95-4ffe-adc1-907760ecf69a,12.5,Caucasian,On-Demand,87,0
c.1228G>T,154194744,p.(Glu410*),Glu391*,Nonsense,Substitution,8,391,A2,Heavy chain,N,X,,,,Severe,Yes,,2018,300,,1,2,1,Exon,Early,4,8,11c15ea8-ec7a-4a42-9093-b4cf2314fd5a,5.5,Caucasian,Prophylaxis,49,0
c.1230_1232del,154194740_154194742,p.(Glu410del),Glu391del,"Small structural change (in-frame, <50 bp)",Deletion,8,391,A2,Heavy chain,N,X,,,,Severe,Not reported,,1996,74,,0,2,0,Exon,Early,5,10,a08e66c1-541d-4b40-b2c2-3eff754d95e9,1.1,Hispanic,Prophylaxis,6,1
c.1231G>A,154194741,p.(Asp411Asn),Asp392Asn,Missense,Substitution,8,392,A2,Heavy chain,N,,,,X,Not reported ,Not reported,,2022,345,X,0,,0,Exon,Early,0,,c6381c39-c576-4d88-9f9f-9565d0cbf682,2,Caucasian,On-Demand,10,0
c.1232A>G,154194740,p.(Asp411Gly),Asp392Gly,Missense,Substitution,8,392,A2,Heavy chain,N,,,X,,Mild,No,,0,0,,0,0,0,Exon,Early,0,0,965f00d2-5f7a-4808-8037-263ebcb0a71f,21,Asian,Prophylaxis,207,0
c.1234T>C,154194738,p.(Trp412Arg),Trp393Arg,Missense,Substitution,8,393,A2,Heavy chain,N,X,,,,Severe,Yes,,2002,130,,1,2,0,Exon,Early,0,0,72d81e69-712d-4545-bde0-55a91979e2aa,2.1,Asian,Prophylaxis,20,0
c.1234T>G,154194738,p.(Trp412Gly),Trp393Gly,Missense,Substitution,8,393,A2,Heavy chain,N,X,,,,Severe,No,,1999,101,,0,2,0,Exon,Early,0,0,c660514b-400c-4451-8801-5aee88e5f38c,0.6,Black,Prophylaxis,1,0
c.1235G>A,154194737,p.(Trp412*),Trp393*,Nonsense,Substitution,8,393,A2,Heavy chain,N,,,,X,Not reported,Not reported,,2008,180,,0,,1,Exon,Early,4,,92c6d407-f8cd-457f-a189-1b376b78b899,15.2,Caucasian,On-Demand,61,0
c.1235G>T,154194737,p.(Trp412Leu),Trp393Leu,Missense,Substitution,8,393,A2,Heavy chain,N,X,,,,Severe,No,,2013,240,,0,2,0,Exon,Early,0,0,d0f7762d-5b69-46f9-b0d0-7de94475f459,7.9,Caucasian,Prophylaxis,76,0
c.1236G>A,154194736,p.(Trp412*),Trp393*,Nonsense,Substitution,8,393,A2,Heavy chain,N,,X,,,Moderate,No,,2008,180,,0,1,1,Exon,Early,4,4,58fa8c42-9ab1-4232-8fea-8905d1b4ea0f,10.3,Caucasian,Prophylaxis,121,0
c.1237G>C,154194735,p.(Asp413His),Asp394His,Missense,Substitution,8,394,A2,Heavy chain,N,,,X,,Mild,No,,2006,158,,0,0,0,Exon,Early,0,0,04b9e637-a4cb-4eb6-95cc-873cd144784c,17.2,Other,On-Demand,82,0
c.1237G>T,154194735,p.(Asp413Tyr),Asp394Tyr,Missense,Substitution,8,394,A2,Heavy chain,N,,X,,,Moderate,No,,2010,213,,0,1,0,Exon,Early,0,0,b3fe4bf6-dc72-44f9-849f-e154af8899c8,9.9,Caucasian,Prophylaxis,107,0
c.1238A>G,154194734,p.(Asp413Gly),Asp394Gly,Missense,Substitution,8,394,A2,Heavy chain,N,,,,X,Not reported,Not reported,,2021,332,X,0,,0,Exon,Early,0,,5cd3b095-7dba-4dfa-94f7-3ba26ce17ca9,6.9,Hispanic,On-Demand,44,0
c.1240T>C,154194732,p.(Tyr414His),Tyr395His,Missense,Substitution,8,395,A2,Heavy Chain,N,X,,,,Severe,Not reported,,2018,293,,0,2,0,Exon,Early,0,0,e9bb5d8c-0b76-4ac7-bc67-c3aa448cfa66,6.6,Caucasian,Prophylaxis,65,0
c.1241A>G,154194731,p.(Tyr414Cys),Tyr395Cys,Missense,Substitution,8,395,A2,Heavy chain,N,X,,,,Severe,No,,2005,151,,0,2,0,Exon,Early,0,0,f6b1e31f-bf79-4307-bdf2-13bd6212d9ba,4.4,Caucasian,Prophylaxis,55,1
c.1244C>A,154194728,p.(Ala415Asp),Ala396Asp,Missense,Substitution,8,396,A2,Heavy chain,N,,,X,,Mild,No,,2006,158,,0,0,0,Exon,Early,0,0,0c715fa6-fa5e-4f99-af96-38b3edf10296,28.7,Asian,Prophylaxis,270,1
c.1244C>T,154194728,p.(Ala415Val),Ala396Val,Missense,Substitution,8,396,A2,Heavy chain,N,,X,,,Moderate,No,,0,0,,0,1,0,Exon,Early,0,0,665db035-2d88-4b49-a4a6-3498b64efad9,1.8,Caucasian,Prophylaxis,20,0
c.1247C>T,154194725,p.(Pro416Leu),Pro397Leu,Missense,Substitution,8,397,A2,Heavy chain,N,,X,,,Moderate,Not reported,,2008,181,,0,1,0,Exon,Early,0,0,06037736-4de1-410e-8a07-46e82f03f021,6.2,Caucasian,Prophylaxis,64,0
c.1248dupC,154194724,p.(Val418Serfs*6),Val399Serfs*6,Frameshift,Duplication,8,399,A2,Heavy Chain,N,X,,,,Severe,Not reported,,2016,280,,0,2,1,Exon,Early,1,2,b67d7896-dd91-4136-8894-864f76806801,4.3,Caucasian,Prophylaxis,45,0
c.1250T>G,154194722,p.(Leu417*),Leu398*,Nonsense,Substitution,8,398,A2,Heavy Chain,N,X,,,,Severe,No,,2012,233,,0,2,1,Exon,Early,4,8,2678a916-330d-45a5-992e-3b357cc63d97,1.2,Caucasian,Prophylaxis,10,0
c.1251_1252insC,154194720_154194721,p.(Val418Argfs*6),Val399Argfs*6,Frameshift,Insertion,8,399,A2,Heavy chain,N,X,,,,Severe,No,,2008,188,,0,2,1,Exon,Early,1,2,4675f61b-9dfa-4b99-a328-ca596492f9b0,2.9,Caucasian,Prophylaxis,25,0
c.1251dupA,154194721,p.(Val418Serfs*6),Val399Serfs*6,Frameshift,Duplication,8,399,A2,Heavy chain,N,X,,,,Severe,No,,2020,319,X,0,2,1,Exon,Early,1,2,11a27924-3abb-40cf-a369-0cc8d37795ef,8.5,Asian,Prophylaxis,82,1
c.1257_1262delinsG,154194710_154194715,p.(Ala420Argfs*2),Ala401Argfs*2,Frameshift,Deletion/Insertion,8,401,A2,Heavy chain,N,X,,,,Severe,No,,2014,258,,0,2,1,Exon,Early,1,2,f4d47ab8-f7dd-4a47-80d8-5b7bbd1a3b29,7.7,Black,On-Demand,34,1
c.1257C>G,154194715,p.(=),0,Synonymous,Substitution,8,400,A2,Heavy chain,N,X,,,,Severe,No,,2018,300,,0,2,0,Exon,Early,2,4,27f1bc69-84d4-4929-9987-17afa3b0f2a1,1.7,Caucasian,Prophylaxis,31,0
c.1258_1262del,154194710_154194714,p.(Ala420Argfs*2),Ala401Argfs*2,Frameshift,Deletion,8,401,A2,Heavy chain,N,X,,,,Severe,No,,2012,231,,0,2,1,Exon,Early,1,2,a24a1ecd-66a6-4a62-9843-58fd9d262c09,5.6,Caucasian,Prophylaxis,50,0
c.1263dupC,154194709,p.(Asp422Argfs*2),Asp403Argfs*2,Frameshift,Duplication,8,403,A2,Heavy chain,N,X,,,,Severe,No, ,2008,175,,0,2,1,Exon,Early,1,2,de76c58b-6a95-4f0f-8f9e-0d1c1a228441,8.7,Black,Prophylaxis,95,0
c.1264G>C,154194708,p.(Asp422His),Asp403His,Missense,Substitution,8,403,A2,Heavy chain,N,X,,,,Severe,No,,0,0,,0,2,0,Exon,Early,0,0,22ce284e-3763-4b59-a9f8-c2e95809449f,3.3,Caucasian,Prophylaxis,35,0
c.1266_1270del,154194702_154194706,p.(Asp422Glufs*4),Asp403Glufs*4,Frameshift,Deletion,8,403,A2,Heavy chain,N,X,,,,Severe,No,,2002,130,,0,2,1,Exon,Early,1,2,d4666b2f-f2ff-49a4-bc44-b8021462e1bb,9.7,Caucasian,Prophylaxis,81,0
c.1268_1269insG,154194703_154194704,p.(Asp423Glufs*5),Asp404Glufs*5,Frameshift,Insertion,8,404,A2,Heavy chain,N,X,,,,Severe,Not reported,,2019,316,,0,2,1,Exon,Early,1,2,f1af1d7a-1c31-42ab-8b00-42bb4566b9d2,3.2,Caucasian,Prophylaxis,13,0
c.1279A>G,154194409,p.(Lys427Glu),Lys408Glu,Missense,Substitution,9,408,A2,Heavy Chain,N,X,,,,Severe,Not reported,,2016,280,,0,2,0,Exon,Mid,0,0,875dfaa3-7e5f-43f2-812d-975109fc6749,7,Asian,Prophylaxis,72,0
c.1282_1298del,154194390_154194406,p.(Ser428Trpfs*7),Ser409Trpfs*7,Frameshift,Deletion,9,409,A2,Heavy chain,N,X,,,,Severe,Not reported,,2021,333,X,0,2,1,Exon,Mid,1,2,ccaa64a1-eb8a-4e2d-9120-c6faaab4dd61,2.3,Asian,Prophylaxis,39,0
c.1282delA,154194408,p.(Ser428Valfs*4),Ser409Valfs*4,Frameshift,Deletion,9,409,A2,Heavy chain,N,,,,X,Not reported,Not reported,,2011,219,,0,,1,Exon,Mid,1,,8d85bb31-0337-4afb-83d0-2ad2e41806a6,13.9,Caucasian,On-Demand,65,0
c.1285C>T,154194403,p.(Gln429*),Gln410*,Nonsense,Substitution,9,410,A2,Heavy chain,N,X,,,,Severe,Not reported,,2006,156,,0,2,1,Exon,Mid,4,8,dafcdde4-c853-4fdb-a515-45c6b12c10a2,4.5,Hispanic,Prophylaxis,49,0
c.1288T>C,154194400,p.(Tyr430His),Tyr411His,Missense,Substitution,9,411,A2,Heavy Chain,N,,,X,,Mild,No,,2017,284,,0,0,0,Exon,Mid,0,0,937d7901-c6eb-4506-b0c8-6c5d325f839f,2,Asian,On-Demand,4,0
c.1289_1290insA,154194398_154194399,p.(Tyr430*),Tyr411*,Nonsense,Insertion,9,411,A2,Heavy chain,N,X,,,,Severe,Not reported,,2021,333,X,0,2,1,Exon,Mid,4,8,41eb878a-6e74-44c9-8680-ade4deb8428b,3.7,Caucasian,Prophylaxis,48,0
c.1292T>C,154194396,p.(Leu431Ser),Leu412Ser,Missense,Substitution,9,412,A2,Heavy chain,N,,X,,,Moderate,Not reported,,2002,127,,0,1,0,Exon,Mid,0,0,2c45d12b-7451-4fe0-bb83-15cdeedda6d4,5.4,Other,Prophylaxis,49,0
c.1293delG,154194395,p.(Asn432Thrfs*50),Asn413Thrfs*50,Frameshift,Deletion,9,413,A2,Heavy chain,N,X,,,,Severe,No,,1993,56,,0,2,1,Exon,Mid,1,2,9198b14d-d16c-4178-88e5-d1052dd24c18,3.2,Caucasian,Prophylaxis,13,0
c.1293G>T,154194395,p.(Leu431Phe),Leu412Phe,Missense,Substitution,9,412,A2,Heavy chain,N,,,X,,Mild,Not reported,,1991,35,,0,0,0,Exon,Mid,0,0,b534d333-0190-4e7c-a42e-fec130ff8f98,24.9,Caucasian,On-Demand,117,0
c.1301delG,154194387,p.(Gly434Alafs*48),Gly415Alafs*48,Frameshift,Deletion,9,415,A2,Heavy chain,N,,,,X,Not reported,Not reported,,2015,268,,0,,1,Exon,Mid,1,,33c98096-f633-41ba-8a11-2b1f40a5f046,19.6,Other,On-Demand,96,0
c.1301G>A,154194387,p.(Gly434Asp),Gly415Asp,Missense,Substitution,9,415,A2,Heavy chain,N,X,,,,Severe,Not reported,,2008,173,,0,2,0,Exon,Mid,0,0,53b8f092-1820-4568-ae8d-7fd43b69575b,3,Caucasian,Prophylaxis,20,0
c.1302C>T,154194386,p.(=),0,Synonymous,Substitution,9,415,A2,Heavy chain,N,,,,X,Not reported,Not Reported,,2022,345,X,0,,0,Exon,Mid,2,,e3bac07c-d23e-41aa-b2be-f94a0e1dd141,24.8,Caucasian,Prophylaxis,243,0
c.1306C>T,154194382,p.(Gln436*),Gln417*,Nonsense,Substitution,9,417,A2,Heavy chain,N,X,,,,Severe,Not reported,,2016,280,,0,2,1,Exon,Mid,4,8,8120854c-47ad-440f-9661-c81065a76f1c,4.9,Caucasian,Prophylaxis,52,0
c.1307A>C,154194381,p.(Gln436Pro),Gln417Pro,Missense,Substitution,9,417,A2,Heavy chain,N,,,X,,Mild,No,,2017,284,,0,0,0,Exon,Mid,0,0,c8cb4aad-2a20-4976-a189-830488f32fdb,17.6,Hispanic,On-Demand,96,0
c.1308delG,154194380,p.(Gln436Hisfs*46),Gln417Hisfs*46,Frameshift,Deletion,9,417,A2,Heavy Chain,N,X,,,,Severe,Not Reported,,2018,293,,0,2,1,Exon,Mid,1,2,41a4afeb-65cd-4a74-a7cb-011288f6045f,3.2,Caucasian,On-Demand,16,0
c.1309C>T,154194379,p.(Arg437Trp),Arg418Trp,Missense,Substitution,9,418,A2,Heavy Chain,N,,X,,,Moderate,Not Reported,,2021,333,X,0,1,0,Exon,Mid,0,0,c9607c14-8b76-45e9-8a8e-a6b074a24ff2,5.5,Caucasian,Prophylaxis,38,0
c.1310G>A,154194378,p.(Arg437Gln),Arg418Gln,Missense,Substitution,9,418,A2,Heavy chain,N,,,X,,Mild,Not reported,,2014,256,,0,0,0,Exon,Mid,0,0,75d01ec0-deb8-4bad-b791-9ebb0e40c391,21,Caucasian,On-Demand,106,0
c.1310G>C,154194378,p.(Arg437Pro),Arg418Pro,Missense,Substitution,9,418,A2,Heavy chain,N,X,,,,Severe,Not reported,,2002,127,,0,2,0,Exon,Mid,0,0,d2542ae6-0c65-412b-9fdf-869c23a87df7,2.5,Caucasian,Prophylaxis,16,0
c.1311delG,154194377,p.(Ile438Leufs*44),Ile419Leufs*44,Frameshift,Deletion,9,419,A2,Heavy chain,N,,,,,Severe,Yes,,2003,136,,1,2,1,Exon,Mid,1,2,381e2800-5c7b-44ce-aa51-4eef2aa14662,1.7,Hispanic,On-Demand,16,0
c.1313T>C,154194375,p.(Ile438Thr),Ile419Thr,Missense,Substitution,9,419,A2,Heavy chain,N,,,X,,Mild,No,1 stage-2 stage assay discrepancy,2006,158,,0,0,0,Exon,Mid,0,0,f15ef330-6723-4d85-80b9-0d51e3746fa8,2,Caucasian,On-Demand,6,0
c.1315G>A,154194373,p.(Gly439Ser),Gly420Ser,Missense,Substitution,9,420,A2,Heavy chain,N,,X,,,Moderate,No,1 stage-2 stage assay discrepancy,2003,133,,0,1,0,Exon,Mid,0,0,badd1d92-6d0b-4e1a-a5da-aa0790342cf0,3.9,Caucasian,Prophylaxis,58,0
c.1315G>T,154194373,p.(Gly439Cys),Gly420Cys,Missense,Substitution,9,420,A2,Heavy chain,N,X,,,,Severe,Not reported,,2008,"183, 186",,0,2,0,Exon,Mid,0,0,ee649419-3ef0-4386-98ea-fe11a56e79fe,3.8,Asian,Prophylaxis,49,0
c.1316G>A,154194372,p.(Gly439Asp),Gly420Asp,Missense,Substitution,9,420,A2,Heavy chain,N,X,,,,Severe,No,,2002,130,,0,2,0,Exon,Mid,0,0,aaaea117-965a-4061-a281-3db821acf0d8,4.6,Black,Prophylaxis,46,0
c.1316G>C,154194372,p.(Gly439Ala),Gly420Ala,Missense,Substitution,9,420,A2,Heavy chain,N,,X,,,Moderate,Not reported,,2008,"183, 186",,0,1,0,Exon,Mid,0,0,2cdf813d-26a7-4e92-b68a-cbc9d660c990,1.2,Caucasian,Prophylaxis,1,0
c.1316G>T,154194372,p.(Gly439Val),Gly420Val,Missense,Substitution,9,420,A2,Heavy chain,N,X,X,,,Moderate/Severe,Yes,,1998,"86, 87",,1,,0,Exon,Mid,0,,75e6a703-5b73-4d72-9dc6-9aa4bc147f29,2,Caucasian,On-Demand,18,0
c.1324T>A,154194364,p.(Tyr442Asn),Tyr423Asn,Missense,Substitution,9,423,A2,Heavy Chain,N,X,,,,Severe,Not reported,,2008,186,,0,2,0,Exon,Mid,0,0,c584a189-7c6e-4e88-9f21-bc7bf1183b50,1.1,Asian,Prophylaxis,11,0
c.1324T>C,154194364,p.(Tyr442His),Tyr423His,Missense,Substitution,9,423,A2,Heavy chain,N,X,,,,Severe,Not reported,,2008,183,,0,2,0,Exon,Mid,0,0,86814e2b-ca26-4861-8412-7406645de25e,4,Asian,Prophylaxis,44,0
c.1325A>G,154194363,p.(Tyr442Cys),Tyr423Cys,Missense,Substitution,9,423,A2,Heavy chain,N,,,,X,Not reported,Not reported,,2002,126,,0,,0,Exon,Mid,0,,7b1eeacf-1fb3-44ae-af6a-cfbe942f26b7,31.3,Caucasian,On-Demand,162,0
c.1326delC,154194362,p.(Tyr442*),Tyr423*,Frameshift,Deletion,9,423,A2,Heavy chain,N,X,,,,Severe,No,,2008,"0, 175",,0,2,1,Exon,Mid,1,2,d4ad624f-d860-46bd-968e-327ae312a8a4,7.1,Other,On-Demand,32,0
c.1330_1331delinsT,154194357_154194358,p.(Lys444*),Lys425*,Frameshift,Deletion/Insertion,9,425,A2,Heavy chain,Y,X,,,,Severe,Yes,,2013,249,,1,2,1,Exon,Mid,1,2,94b87ca8-b83a-4524-8fa5-76fe8ecfb46a,6.2,Caucasian,Prophylaxis,59,0
c.1330A>G,154194358,p.(Lys444Glu),Lys425Glu,Missense,Substitution,9,425,A2,Heavy chain,Y,,,,X,Not reported,No,,2018,300,,0,,0,Exon,Mid,0,,3359abc6-a180-4163-8d06-49df13f88cd1,3.8,Caucasian,On-Demand,28,0
c.1331_1332del,154194356_154194357,p.(Lys444Serfs*9),Lys425Serfs*9,Frameshift,Deletion,9,425,A2,Heavy chain,Y,X,,,,Severe,Not reported, ,1998,88,,0,2,1,Exon,Mid,1,2,061f956d-c0d5-4a98-a7e4-83151fed6272,1.2,Caucasian,Prophylaxis,1,0
c.1331_1332delinsT,154194356_154194357,p.(Lys444Metfs*38),Lys425Metfs*38,Frameshift,Deletion/Insertion,9,425,A2,Heavy chain,Y,X,,,,Severe,Not reported,,2006,156,,0,2,1,Exon,Mid,1,2,43a8eb3c-5383-49ae-b06b-345958947b73,1.5,Caucasian,On-Demand,1,0
c.1331_1333delinsT,154194355_154194357,p.(Lys444Ilefs*9),Lys425Ilefs*9,Frameshift,Deletion/Insertion,9,425,A2,Heavy chain,N,,,,X,Not reported,Not reported,,2022,345,X,0,,1,Exon,Mid,1,,144225f2-2a33-47fe-a5c0-85dc6203f9d3,22.6,Asian,Prophylaxis,241,0
c.1331A>C,154194357,p.(Lys444Thr),Lys425Thr,Missense,Substitution,9,425,A2,Heavy chain,N,X,,,,Severe,No,,2006,160,,0,2,0,Exon,Mid,0,0,5f10b1d2-99a6-45f0-bc65-ac6856d77f97,9.4,Caucasian,Prophylaxis,100,0
c.1331A>G,154194357,p.(Lys444Arg),Lys425Arg,Missense,Substitution,9,425,A2,Heavy chain,N,,,,X,Severe,No,,1991,36,,0,2,0,Exon,Mid,0,0,339b9825-1569-4918-9690-b0cd9d9632c9,1.3,Caucasian,On-Demand,4,0
c.1332A>C,154194356,p.(Lys444Asn),Lys425Asn,Missense,Substitution,9,425,A2,Heavy chain,N,X,,,,Severe,Not reported,,2008,183,,0,2,0,Exon,Mid,0,0,45cba241-0f22-45e9-a67b-5d1b466cfee1,8,Caucasian,Prophylaxis,64,0
c.1332A>T,154194356,p.(Lys444Asn),Lys425Asn,Missense,Substitution,9,425,A2,Heavy chain,N,,,,X,Not reported,No,,2005,145,,0,,0,Exon,Mid,0,,d85f8093-0697-4363-9eab-3952eec8f8db,10.8,Caucasian,On-Demand,40,0
c.1332delA,154194356,p.(Val445Serfs*37),Val426Serfs*37,Frameshift,Deletion,9,426,A2,Heavy Chain,Y,X,,,,Severe,Yes,Poly A Deletion,1998,84,,1,2,1,Exon,Mid,1,2,f0029973-3d91-4190-9f17-0db97375adb0,4.7,Caucasian,Prophylaxis,46,0
c.1333G>T,154194355,p.(Val445Phe),Val426Phe,Missense,Substitution,9,426,A2,Heavy chain,N,X,,,,Severe,No,,2012,231,,0,2,0,Exon,Mid,0,0,fa60a336-c186-491d-9cca-d9757c2fc8fc,1.7,Hispanic,Prophylaxis,8,0
c.1336C>G,154194352,p.(Arg446Gly),Arg427Gly,Missense,Substitution,9,427,A2,Heavy chain,N,,,X,,Mild,No,,2006,158,,0,0,0,Exon,Mid,0,0,e54bf9b1-9769-452c-8a69-eec222d03425,28.9,Caucasian,On-Demand,134,0
c.1336C>T,154194352,p.(Arg446*),Arg427*,Nonsense,Substitution,9,427,A2,Heavy chain,N,X,,,,Severe,No,,1990,33,,0,2,1,Exon,Mid,4,8,b2590406-f3e7-4fbe-bbc2-779e48561a96,3.8,Black,Prophylaxis,36,0
c.1336dupC,154194352,p.(Arg446Profs*8),Arg427Profs*8,Frameshift,Duplication,9,427,A2,Heavy chain,N,X,,,,Severe,No,,0,0,,0,2,1,Exon,Mid,1,2,446ee326-ef0b-4750-8a06-2a2254c7f0d4,2.5,Asian,Prophylaxis,34,1
c.1337G>A,154194351,p.(Arg446Gln),Arg427Gln,Missense,Substitution,9,427,A2,Heavy chain,N,X,,,,Severe,Not reported,,2006,156,,0,2,0,Exon,Mid,0,0,c0e9ef09-5584-48b4-b423-407c622e2da9,5.9,Caucasian,On-Demand,17,0
c.1337G>C,154194351,p.(Arg446Pro),Arg427Pro,Missense,Substitution,9,427,A2,Heavy chain,N,X,,,,Severe,No,,2005,151,,0,2,0,Exon,Mid,0,0,721bee8d-d95b-440f-b79f-9659759b33b2,1.1,Asian,Prophylaxis,16,0
c.1338delA,154194350,p.(Phe447Leufs*35),Phe428Leufs*35,Frameshift,Deletion,9,428,A2,Heavy chain,N,X,,,,Severe,Yes,,0,0,,1,2,1,Exon,Mid,1,2,538872fc-a5d7-46d8-962f-d6ff4d31ae68,11.8,Caucasian,Prophylaxis,128,0
c.1340T>C,154194348,p.(Phe447Ser),Phe428Ser,Missense,Substitution,9,428,A2,Heavy Chain,N,X,,,,Severe,No,,2012,233,,0,2,0,Exon,Mid,0,0,167e2a13-06a1-4c00-8775-279543ce044c,1.9,Caucasian,Prophylaxis,13,0
c.1342dupA,154194346,p.(Met448Asnfs*6),Met429Asnfs*6,Frameshift,Duplication,9,429,A2,Heavy chain,N,X,,,,Severe,No,,0,0,,0,2,1,Exon,Mid,1,2,5f382289-5996-409b-b18e-c9054b392b09,5,Black,Prophylaxis,57,0
c.1348T>A,154194340,p.(Tyr450Asn),Tyr431Asn,Missense,Substitution,9,431,A2,Heavy chain,N,,X,,,Moderate,No,,1993,59,,0,1,0,Exon,Mid,0,0,a9ccf222-62b5-443a-b6c2-892d11ec231f,4.7,Asian,Prophylaxis,38,0
c.1348T>C,154194340,p.(Tyr450His),Tyr431His,Missense,Substitution,9,431,A2,Heavy chain,N,,,X,,Mild,No,,2013,239,,0,0,0,Exon,Mid,0,0,e5814707-4f9a-4ded-8b8e-b91e8a5e38b9,9.7,Caucasian,On-Demand,48,0
c.1348T>G,154194340,p.(Tyr450Asp),Tyr431Asp,Missense,Substitution,9,431,A2,Heavy chain,N,X,,,,Severe,No,,2005,149,,0,2,0,Exon,Mid,0,0,affcf8c8-3632-4fcc-90f6-8aceb2fc7083,5,Black,Prophylaxis,31,0
c.1349A>G,154194339,p.(Tyr450Cys),Tyr431Cys,Missense,Substitution,9,431,A2,Heavy chain,N,,,X,,Mild,No,,2006,157,,0,0,0,Exon,Mid,0,0,8b9be9ce-956f-431c-be74-dfeea9d82b27,15.8,Caucasian,On-Demand,89,0
c.1350C>A,154194338,p.(Tyr450*),Tyr431*,Nonsense,Substitution,9,431,A2,Heavy chain,N,X,,,,Severe,No,,2012,227,,0,2,1,Exon,Mid,4,8,e6e3b32e-af96-46c1-824f-86b4dcabd27e,4.3,Caucasian,Prophylaxis,44,0
c.1350C>G,154194338,p.(Tyr450*),Tyr431*,Nonsense,Substitution,9,431,A2,Heavy chain,N,,,,X,Not reported,Not reported,,2021,332,X,0,,1,Exon,Mid,4,,4d11a180-c077-4519-ad94-b8550e6a36ca,8.9,Caucasian,On-Demand,40,1
c.1354G>T,154194334,p.(Asp452Tyr),Asp433Tyr,Missense,Substitution,9,433,A2,Heavy Chain,N,,,X,,Mild,No,,2018,306,,0,0,0,Exon,Mid,0,0,8009c0a8-8c6b-4475-a906-fe6fedfa54ff,26.2,Caucasian,On-Demand,134,0
c.1357G>T,154194331,p.(Glu453*),Glu434*,Nonsense,Substitution,9,434,A2,Heavy chain,N,X,,,,Severe,No,,2001,116,,0,2,1,Exon,Mid,4,8,25dfc287-d89b-4ff0-8bd0-df4041cb765c,6.5,Caucasian,On-Demand,18,0
c.1361C>T,154194327,p.(Thr454Ile),Thr435Ile,Missense,Substitution,9,435,A2,Heavy chain,N,,,X,,Mild,No,,1998,87,,0,0,0,Exon,Mid,0,0,b93aa8e5-2797-43f5-a805-9281f659901e,25.8,Other,On-Demand,138,1
c.1363T>A,154194325,p.(Phe455Ile),Phe436Ile,Missense,Substitution,9,436,A2,Heavy Chain,N,X,,,,Severe,Not reported,,2010,211,,0,2,0,Exon,Mid,0,0,22dbfddc-2565-4457-b7ed-3c5bbd0da5ac,8.6,Other,Prophylaxis,99,1
c.1364T>C,154194324,p.(Phe455Ser),Phe436Ser,Missense,Substitution,9,436,A2,Heavy chain,N,X,,,,Severe,Not reported,,2008,"183, 186",,0,2,0,Exon,Mid,0,0,9ace5724-c177-4477-92b0-b33c04674fc3,2.6,Black,Prophylaxis,25,0
c.1364T>G,154194324,p.(Phe455Cys),Phe436Cys,Missense,Substitution,9,436,A2,Heavy chain,N,,,,X,Mild/Moderate,Not reported,,2001,114,,0,,0,Exon,Mid,0,,af08c70d-b519-4df7-bf4d-82e6be96441c,14,Hispanic,On-Demand,63,0
c.1365dupT,154194323,p.(Lys456*),Lys437*,Frameshift,Duplication,9,437,A2,Heavy chain,N,X,,,,Severe,No,,2014,255,,0,2,1,Exon,Mid,1,2,c0e779c3-b3b7-4cb6-a7ae-372fcc88fc90,4.6,Caucasian,On-Demand,3,0
c.1372C>T,154194316,p.(Arg458Cys),Arg439Cys,Missense,Substitution,9,439,A2,Heavy Chain,N,,,X,,Mild,Not reported,,2010,211,,0,0,0,Exon,Mid,0,0,adf1a096-b6ff-4a5f-9972-eef406f75275,28.7,Black,On-Demand,132,0
c.1373G>A,154194315,p.(Arg458His),Arg439His,Missense,Substitution,9,439,A2,Heavy chain,N,X,,,,Severe,Not reported,,2016,280,,0,2,0,Exon,Mid,0,0,0a5ecefa-780f-40ad-bea8-f5a2a07253cc,2.2,Asian,Prophylaxis,18,0
c.1382_1389del,154194299_154194306,p.(Ile461Argfs*22),Ile442Argfs*22,Frameshift,Deletion,9,442,A2,Heavy Chain,N,,,,,Severe,No,,2003,136,,0,2,1,Exon,Mid,1,2,a96301e3-3412-40b2-8df2-6e83617ebcb4,3.5,Asian,Prophylaxis,44,0
c.1384C>T,154194304,p.(Gln462*),Gln443*,Nonsense,Substitution,9,443,A2,Heavy chain,N,X,,,,Severe,Not reported,,2014,256,,0,2,1,Exon,Mid,4,8,203d0775-6f7c-40a5-94ae-3ad55abadae8,2.8,Caucasian,On-Demand,1,0
c.1390G>A,154194298,p.(Glu464Lys),Glu445Lys,Missense,Substitution,9,445,A2,Heavy chain,N,,,X,,Mild,No,,2013,239,,0,0,0,Exon,Mid,0,0,83c6f425-4783-4297-81d8-159491b1e986,12.9,Asian,On-Demand,76,0
c.1390G>T,154194298,p.(Glu464*),Glu445*,Nonsense,Substitution,9,445,A2,Heavy Chain,N,X,,,,Severe,Not reported,,2010,200,,0,2,1,Exon,Mid,4,8,2e5687fd-2cdd-48ec-b8d6-c6c50783bfda,5.2,Caucasian,Prophylaxis,66,0
c.1394C>G,154194294,p.(Ser465*),Ser446*,Nonsense,Substitution,9,446,A2,Heavy chain,N,X,,,,Severe,No,,2001,"0, 118",,0,2,1,Exon,Mid,4,8,870818fd-362e-4f16-9ba4-7f098ba6cd5e,7.8,Asian,Prophylaxis,80,0
c.1396G>A,154194292,p.(Gly466Arg),Gly447Arg,Missense,Substitution,9,447,A2,Heavy chain,N,X,X,,,Moderate/Severe,Not reported,,2008,"183, 186",,0,,0,Exon,Mid,0,,f243d03d-ee87-49fe-bfd4-26ef57bf3f32,3.4,Caucasian,On-Demand,3,0
c.1397G>A,154194291,p.(Gly466Glu),Gly447Glu,Missense,Substitution,9,447,A2,Heavy chain,N,X,,,,Severe,No,,2001,122,,0,2,0,Exon,Mid,0,0,daabdfa9-2e8e-493e-bf94-3a8108240b67,6.2,Asian,Prophylaxis,75,0
c.1400T>C,154194288,p.(Ile467Thr),Ile448Thr,Missense,Substitution,9,448,A2,Heavy chain,N,,,,X,Not reported,Not reported,,2021,332,X,0,,0,Exon,Mid,0,,639d77c3-f357-46cd-b389-0759b2aced26,6.3,Asian,On-Demand,28,0
c.1400T>G,154194288,p.(Ile467Ser),Ile448Ser,Missense,Substitution,9,448,A2,Heavy chain,N,X,,,,Severe,Not reported,,2008,181,,0,2,0,Exon,Mid,0,0,31a56811-a0f0-4992-a784-f0a8cfac1c65,4.1,Black,Prophylaxis,44,0
c.1405G>A,154194283,p.(Gly469Arg),Gly450Arg,Missense,Substitution,9,450,A2,Heavy chain,N,X,,,,Severe,No,,2020,320,X,0,2,0,Exon,Mid,0,0,baad1668-a7ac-46bb-bf0c-a2fe7eb9c624,8.4,Caucasian,Prophylaxis,89,0
c.1405G>C,154194283,p.(Gly469Arg),Gly450Arg,Missense,Substitution,9,450,A2,Heavy chain,N,,X,,,Moderate,Not reported,,2018,293,,0,1,0,Exon,Mid,0,0,c0fb73f0-c85a-4f44-9107-4b97f31e5aee,2.8,Other,Prophylaxis,35,0
c.1406G>A,154194282,p.(Gly469Glu),Gly450Glu,Missense,Substitution,9,450,A2,Heavy chain,N,X,,,,Severe,No,,2011,218,,0,2,0,Exon,Mid,0,0,5710d310-6e81-4fc0-863c-17f536458c41,1.6,Caucasian,Prophylaxis,18,0
c.1406G>C,154194282,p.(Gly469Ala),Gly450Ala,Missense,Substitution,9,450,A2,Heavy chain,N,,X,,,Moderate,No,,2007,161,,0,1,0,Exon,Mid,0,0,bef5bc8f-d2a7-4434-be71-579892775b0e,5,Caucasian,On-Demand,19,0
c.1407_1411del,154194277_154194281,p.(Pro470Thrfs*14),Pro451Thrfs*14,Frameshift,Deletion,9,451,A2,Heavy Chain,N,X,,,X,Moderate/Severe,No,,2000,"0, 105",,0,,1,Exon,Mid,1,,007e227e-58e5-4222-9627-ff65789d6f47,9.1,Asian,On-Demand,40,0
c.1408C>A,154194280,p.(Pro470Thr),Pro451Thr,Missense,Substitution,9,451,A2,Heavy chain,N,,X,X,,Mild/Moderate,No,,1999,101,,0,,0,Exon,Mid,0,,dd63ded1-0f3c-4ccb-afd4-e3fd119af438,9.9,Other,On-Demand,30,0
c.1408C>T,154194280,p.(Pro470Ser),Pro451Ser,Missense,Substitution,9,451,A2,Heavy chain,N,,,X,,Mild,Not reported,,2016,280,,0,0,0,Exon,Mid,0,0,f10a88e7-b17c-47e7-8e16-bf972ca7b5b5,5.4,Caucasian,On-Demand,13,1
c.1409C>G,154194279,p.(Pro470Arg),Pro451Arg,Missense,Substitution,9,451,A2,Heavy chain,N,,,X,,Mild,Yes,,2002,130,,1,0,0,Exon,Mid,0,0,c364cdae-f2d1-44ef-86d5-7c0c1798137d,20,Asian,On-Demand,97,1
c.1409C>T,154194279,p.(Pro470Leu),Pro451Leu,Missense,Substitution,9,451,A2,Heavy chain,N,,,,X,Mild,No,,1998,87,,0,0,0,Exon,Mid,0,0,aa8d3e1a-ac7f-4d50-8db3-972eceece739,21.6,Caucasian,On-Demand,107,0
c.1409delC,154194279,p.(Pro470Leufs*12),Pro451Leufs*12,Frameshift,Deletion,9,451,A2,Heavy chain,N,X,,,,Severe,Yes,,2007,169,,1,2,1,Exon,Mid,1,2,aff7bc28-25f3-4af5-814f-ec1645a2c74c,2.6,Caucasian,Prophylaxis,23,1
c.1412T>A,154194276,p.(Leu471*),Leu452*,Nonsense,Substitution,9,452,A2,Heavy chain,N,X,,,,Severe,No,,2020,319,X,0,2,1,Exon,Mid,4,8,e5698219-5ec6-4605-be25-c70e29728ce9,1.7,Hispanic,Prophylaxis,22,0
c.1413_1418del,154194270_154194275,p.(Leu471_Tyr473delinsPhe),Leu452_Tyr454delinsPhe,"Small structural change (in-frame, <50 bp)",Deletion,9,452-454,A2,Heavy Chain,N,X,,,,Severe,No,,2010,207,,0,2,0,Exon,Mid,5,10,dde2b586-07bf-4ad2-8874-709927a29688,8.7,Asian,Prophylaxis,74,0
c.1413A>T,154194275,p.(Leu471Phe),Leu452Phe ,Missense,Substitution,9,452,A2,Heavy chain,N,,,X,,Mild,Not reported,,2018,293,,0,0,0,Exon,Mid,0,0,4cbb1f0c-cef9-47fd-bb44-9930291ac705,24.7,Black,On-Demand,122,1
c.1414_1418del,154194270_154194274,p.(Leu472Trpfs*12),Leu453Trpfs*12,Frameshift,Deletion,9,453,A2,Heavy chain,N,,,,,Severe,No,,2006,158,,0,2,1,Exon,Mid,1,2,156fcae1-fda4-4a9c-bd87-31c569abde85,5.3,Other,On-Demand,17,0
c.1414dupC,154194274,p.(Leu472Thrfs*14),Leu453Thrfs*14,Frameshift,Duplication,9,453,A2,Heavy chain,N,X,,,,Severe,Not reported,,2002,127,,0,2,1,Exon,Mid,1,2,830e801c-4ea3-4039-9366-bc64af2d1a39,6.1,Hispanic,Prophylaxis,54,0
c.1415T>A,154194273,p.(Leu472His),Leu453His,Missense,Substitution,9,453,A2,Heavy chain,N,,X,,,Moderate,Not reported,,2008,"183, 186",,0,1,0,Exon,Mid,0,0,63381997-64a9-4c8b-9c8c-f70b33731119,1.8,Black,Prophylaxis,37,1
c.1419T>A,154194269,p.(Try473*),Try454*,Nonsense,Substitution,9,454,A2,Heavy chain,N,,,,X,Not reported,Not reported,,2022,345,X,0,,1,Exon,Mid,4,,b09aac42-57ec-48f4-81de-323bd5bd9b12,18.7,Caucasian,On-Demand,99,0
c.1419T>G,154194269,p.(Try473*),Try454*,Nonsense,Substitution,9,454,A2,Heavy chain,N,X,,,,Severe,No,,2010,209,,0,2,1,Exon,Mid,4,8,fba85ad5-22f7-4aae-881b-cc2b6b23c4a3,4.5,Black,Prophylaxis,52,0
c.1420G>A,154194268,p.(Gly474Arg),Gly455Arg,Missense,Substitution,9,455,A2,Heavy chain,N,X,,,,Severe,No,,1998,84,,0,2,0,Exon,Mid,0,0,1b21e683-e211-43a9-a151-6909178a647e,9.2,Caucasian,Prophylaxis,77,0
c.1420G>T,154194268,p.(Gly474Trp),Gly455Trp,Missense,Substitution,9,455,A2,Heavy chain,N,X,,,,Severe,No,,2009,198,,0,2,0,Exon,Mid,0,0,88105819-f822-4994-9f3c-56c10e8f2967,10.1,Hispanic,Prophylaxis,84,0
c.1421G>A,154194267,p.(Gly474Glu),Gly455Glu,Missense,Substitution,9,455,A2,Heavy chain,N,,X,,,Moderate,No,,1999,101,,0,1,0,Exon,Mid,0,0,77ef7289-1157-4fdc-8fdf-8f69cb6b4716,2.4,Hispanic,On-Demand,3,0
c.1421G>T,154194267,p.(Gly474Val),Gly455Val,Missense,Substitution,9,455,A2,Heavy chain,N,,,X,,Mild,No,,2008,188,,0,0,0,Exon,Mid,0,0,c5eabd11-3907-4c54-849e-c499b77279c8,11.1,Other,On-Demand,58,0
c.1423G>A,154194265,p.(Glu475Lys),Glu456Lys,Missense,Substitution,9,456,A2,Heavy chain,N,,X,,,Moderate,No,,2001,123,,0,1,0,Exon,Mid,0,0,32f87259-4199-44a3-a82c-af48cd4cf866,2.5,Caucasian,Prophylaxis,22,0
c.1423G>C,154194265,p.(Glu475Gln),Glu456Gln,Missense,Substitution,9,456,A2,Heavy chain,N,,,X,,Mild,Not reported,,2018,293,,0,0,0,Exon,Mid,0,0,fc4a17b6-b33c-4b57-b0f6-a319ce669bbd,3.2,Other,On-Demand,34,0
c.1430G>T,154194258,p.(Gly477Val),Gly458Val,Missense,Substitution,9,458,A2,Heavy chain,N,,X,,,Moderate,No,,2002,"0, 128",,0,1,0,Exon,Mid,0,0,63ed43ba-2ded-4caa-982b-a7f1e7bed006,3,Asian,Prophylaxis,28,1
c.1432G>A,154194256,p.(Asp478Asn),Asp459Asn,Missense,Substitution,9,459,A2,Heavy chain,N,,X,,,Moderate,No,,1999,101,,0,1,0,Exon,Mid,0,0,8e8f5059-8d39-491f-95bd-9641853508ba,8.1,Black,Prophylaxis,80,0
c.1433A>C,154194255,p.(Asp478Ala),Asp459Ala,Missense,Substitution,9,459,A2,Heavy chain,N,,,X,,Mild,Not reported,,2013,249,,0,0,0,Exon,Mid,0,0,24ec8f0d-fbea-4e59-a0e8-34c2fa6f675f,28.6,Caucasian,Prophylaxis,272,0
c.1434C>A,154194254,p.(Asp478Glu),Asp459Glu,Missense,Substitution,9,459,A2,Heavy chain,N,,,X,,Mild,No,,2006,158,,0,0,0,Exon,Mid,0,0,99df8390-62bc-4f80-98b0-3ac365686e20,14.9,Caucasian,On-Demand,76,0
c.1437_1438del,154194250_154194251,p.(Leu480Valfs*5),Leu461Valfs*5,Frameshift,Deletion,9,461,A2,Heavy Chain,N,X,,,,Severe,Yes,,2010,212,,1,2,1,Exon,Mid,1,2,09fb0e8c-a99b-47fc-99d0-d23bb77a9d05,6.8,Asian,Prophylaxis,70,0
c.1438_1439del,154194249_154194250,p.(Leu480Valfs*5),Leu461Valfs*5,Frameshift,Deletion,9,461,A2,Heavy chain,N,X,,,,Severe,No,,0,0,,0,2,1,Exon,Mid,1,2,dca9f74f-902e-41e2-9feb-2e559eca0151,2.3,Asian,Prophylaxis,16,0
c.1439T>C,154194249,p.(Leu480Pro),Leu461Pro,Missense,Substitution,9,461,A2,Heavy chain,N,,X,,,Moderate,No,,2010,213,,0,1,0,Exon,Mid,0,0,20cd9ef2-2489-4a96-b27d-51a7cedbe088,3.2,Caucasian,Prophylaxis,42,0
c.1441_1442insA,154194246_154194247,p.(Leu481Tyrfs*5),Leu462Tyrfs*5,Frameshift,Insertion,9,462,A2,Heavy chain,N,,,,X,Severe,Not reported,,2001,118,,0,2,1,Exon,Mid,1,2,e497a634-5ab9-4665-ae88-33e59450465e,1.6,Caucasian,Prophylaxis,38,0
c.1442_1443dup,154194245_154194246,p.(Ile482*),Ile463*,Frameshift,Duplication,9,463,A2,Heavy chain,N,,,,X,Severe,Not reported,,2001,118,,0,2,1,Exon,Mid,1,2,6085bb95-f4ed-4b4f-bac6-091f7c63aa1c,10.3,Asian,Prophylaxis,98,0
c.1442delT,154194246,p.(Leu481*),Leu462*,Frameshift,Deletion,9,462,A2,Heavy chain,N,,X,,,Moderate,No,,2013,239,,0,1,1,Exon,Mid,1,1,cf731adb-394d-4364-b440-d826bd68349f,5.8,Caucasian,Prophylaxis,44,0
c.1442T>A,154194246,p.(Leu481*),Leu462*,Nonsense,Substitution,9,462,A2,Heavy chain,N,X,,,,Severe,Yes,,2017,288,,1,2,1,Exon,Mid,4,8,fe7c2753-a7de-4fef-af1a-f740948c0f7e,2.5,Asian,Prophylaxis,44,0
c.1443G>A,154194245,p.(=),0,Synonymous,Substitution,9,462,A2,Heavy chain,N,,,,X,Not reported,No,Potential splice error,2005,"0, 145",,0,,0,Exon,Mid,2,,f62cdac9-a0e8-4fb1-b2c8-6f7173fb3ec5,14.9,Asian,On-Demand,76,1
c.1443G>C,154194245,p.(Leu481Phe),Leu462Phe,Missense,Substitution,9,462,A2,Heavy chain,N,X,,,,Severe,Yes,,2022,348,X,1,2,0,Exon,Mid,0,0,391a9347-282b-44ed-a922-3ff2f104d7fe,3.3,Caucasian,Prophylaxis,46,0
c.1444-?_1537+?del,154189350_154189443,,,Large structural change (>50 bp),Deletion,10,,A2,single domain,N,X,,,,Severe, No ,,1992,48,,0,2,0,Exon,Mid,3,6,d485e4bb-93cd-41f8-99b6-fc7cf5f618c7,1.2,Other,Prophylaxis,9,0
c.1444A>T,154189443,p.(Ile482Phe),Ile463Phe,Missense,Substitution,10,463,A2,Heavy chain,N,X,,,,Severe,Not reported,,2008,180,,0,2,0,Exon,Mid,0,0,4b9d5663-fb14-4f32-9b77-3e9c78d1a94d,6,Caucasian,Prophylaxis,81,0
c.1445T>G,154189442,p.(Ile482Ser),Ile463Ser,Missense,Substitution,10,463,A2,Heavy chain,N,,,,,Severe,No,,2008,177,,0,2,0,Exon,Mid,0,0,575537b6-46cc-44cc-87d4-5fddcf39dffd,9.3,Caucasian,Prophylaxis,90,1
c.1450T>G,154189437,p.(Phe484Val),Phe465Val,Missense,Substitution,10,465,A2,Heavy chain,N,,,X,,Mild,No,,2010,209,,0,0,0,Exon,Mid,0,0,f2d1c3cb-49f4-4bcc-b021-ff1ab1297728,8.6,Caucasian,On-Demand,59,1
c.1451T>G,154189436,p.(Phe484Cys),Phe465Cys,Missense,Substitution,10,465,A2,Heavy chain,N,,,X,,Mild,No,,1999,101,,0,0,0,Exon,Mid,0,0,550bc1d2-effa-4078-a941-7bda9548be21,2.7,Caucasian,On-Demand,23,1
c.1453A>T,154189434,p.(Lys485*),Lys466*,Nonsense,Substitution,10,466,A2,Heavy chain,N,X,,,,Severe,Not reported,,2016,280,,0,2,1,Exon,Mid,4,8,755afefe-4507-4228-9f16-f4b5acf727fe,5.2,Black,Prophylaxis,41,0
c.1454A>C,154189433,p.(Lys485Thr),Lys466Thr,Missense,Substitution,10,466,A2,Heavy chain,N,,,X,,Mild,Not reported,,1997,78,,0,0,0,Exon,Mid,0,0,b83fa0fc-d420-425e-a044-41d3cef10294,23.6,Caucasian,Prophylaxis,238,0
c.1456_1462dup,154189425_154189431,p.(Asn488Glufs*8),Ala469Glufs*8,Frameshift,Duplication,10,469,A2,Heavy Chain,N,X,,,,Severe,No,,2005,150,,0,2,1,Exon,Mid,1,2,52d2b604-eb93-47a6-9329-86694da0cd4b,6.7,Caucasian,Prophylaxis,78,0
c.1457A>G,154189430,p.(Asn486Ser),Asn467Ser,Missense,Substitution,10,467,A2,Heavy chain,N,,X,,,Moderate,Not reported,1 stage-2 stage assay discrepancy,2008,180,,0,1,0,Exon,Mid,0,0,6a2ae11e-6c08-4b3f-a339-9c8100c87f8a,1.5,Black,Prophylaxis,2,0
c.1459C>T,154189428,p.(Gln487*),Gln468*,Nonsense,Substitution,10,468,A2,Heavy chain,N,X,,,,Severe,Not reported,,2018,293,,0,2,1,Exon,Mid,4,8,26748aac-3c06-4978-a621-4f15cb7e7697,5.1,Asian,Prophylaxis,45,0
c.1460A>C,154189427,p.(Gln487Pro),Gln468Pro,Missense,Substitution,10,468,A2,Heavy chain,N,,,X,,Mild,No,,2013,239,,0,0,0,Exon,Mid,0,0,6ad6a98e-ca7d-4126-a598-88cd8decd3de,27.9,Caucasian,On-Demand,133,1
c.1462G>A,154189425,p.(Ala488Thr),Ala469Thr,Missense,Substitution,10,469,A2,Heavy Chain,N,,,,X,Not reported,Not reported,,2010,211,,0,,0,Exon,Mid,0,,9d93d0df-084a-4d7a-a020-d438e13e3d9a,29.1,Hispanic,On-Demand,140,1
c.1462G>C,154189425,p.(Ala488Pro),Ala469Pro,Missense,Substitution,10,469,A2,Heavy chain,N,X,,,,Severe,No,,2009,191,,0,2,0,Exon,Mid,0,0,c2c66208-e8e8-4e21-861f-a76411355f32,5.3,Hispanic,Prophylaxis,58,0
c.1462G>T,154189425,p.(Ala488Ser),Ala469Ser,Missense,Substitution,10,469,A2,Heavy chain,N,,X,,,Moderate,No,,2013,239,,0,1,0,Exon,Mid,0,0,bcd76e53-f39a-464d-a52d-47851df81e77,4.2,Caucasian,Prophylaxis,30,1
c.1463C>A,154189424,p.(Ala488Glu),Ala469Glu,Missense,Substitution,10,469,A2,Heavy chain,N,,,,X,Not reported,Not reported,,2007,164,,0,,0,Exon,Mid,0,,32cc4967-c9cc-4c3f-a39e-43f5c3286b4f,15.4,Asian,On-Demand,74,0
c.1463C>T,154189424,p.(Ala488Val),Ala469Val,Missense,Substitution,10,469,A2,Heavy chain,N,,X,,,Moderate,No,,0,0,,0,1,0,Exon,Mid,0,0,dbfdb72e-9255-4015-bb1e-cf458c9929c6,3.9,Caucasian,Prophylaxis,35,0
c.1464_1465insCCAGAC,154189422_154189423,p.(Ala488_Ser489insProAsp),Ala469_Ser470insProAsp,"Small structural change (in-frame, <50 bp)",Insertion,10,469,A2,Heavy chain,N,,X,,,Moderate,Not reported,,2008,"183, 186",,0,1,0,Exon,Mid,5,5,c28f1771-fa0a-4a71-b6d2-853ce91c09b0,9.9,Asian,Prophylaxis,99,0
c.1466G>A,154189421,p.(Ser489Asn),Ser470Asn,Missense,Substitution,10,470,A2,Heavy Chain,N,,X,,,Moderate,Yes,,2010,212,,1,1,0,Exon,Mid,0,0,5ec0a92d-d50f-4bd6-ae3d-efb0bfa4612d,4.6,Asian,On-Demand,32,0
c.1468A>G,154189419,p.(Arg490Gly),Arg471Gly,Missense,Substitution,10,471,A2,Heavy chain,N,,,X,,Mild,No,,1999,101,,0,0,0,Exon,Mid,0,0,767b0d1f-2e2a-4909-8efc-16438e856910,2,Black,On-Demand,17,1
c.1468A>T,154189419,p.(Arg490*),Arg471*,Nonsense,Substitution,10,471,A2,Heavy chain,N,X,,,,Severe,Yes,,2020,327,X,1,2,1,Exon,Mid,4,8,b9d6ca6b-dff4-4fa0-81cf-213af605147d,4.2,Caucasian,Prophylaxis,33,1
c.1470A>T,154189417,p.(Arg490Ser),Arg471Ser,Missense,Substitution,10,471,A2,Heavy Chain,N,,X,,,Moderate,No,,2012,233,,0,1,0,Exon,Mid,0,0,49f7b90c-e608-4eb0-9bc1-2f43fdbcbab5,4.1,Hispanic,Prophylaxis,38,0
c.1473_1474insCCAGAC,154189413_154189414,p.(Pro491_Tyr492insProAsp),Pro472_Tyr473insProAsp,"Small structural change (in-frame, <50 bp)",Insertion,10,472,A2,Heavy chain,N,,X,,,Moderate,Not reported,,2008,"183, 186",,0,1,0,Exon,Mid,5,5,2963e351-a21f-451b-a046-4669d38f5fbd,2.9,Black,Prophylaxis,14,0
c.1474T>C,154189413,p.(Tyr492His),Tyr473His,Missense,Substitution,10,473,A2,Heavy chain,N,,,,X,Mild/Moderate,Not reported,,1991,36,,0,,0,Exon,Mid,0,,ccce83da-2fa6-4edf-967c-56dddb6c5231,27.8,Hispanic,On-Demand,146,0
c.1475A>G,154189412,p.(Tyr492Cys),Tyr473Cys,Missense,Substitution,10,473,A2,Heavy chain,N,,X,,,Moderate,Not reported,,1991,35,,0,1,0,Exon,Mid,0,0,71651dea-3463-4fcc-b3cd-7c20dfbf7ec3,1.9,Caucasian,Prophylaxis,17,0
c.1477A>G,154189410,p.(Asn493Asp),Asn474Asp,Missense,Substitution,10,474,A2,Heavy chain,N,X,,X,,Mild/Severe,Not reported,,2013,249,,0,,0,Exon,Mid,0,,765f8d2a-4bad-416a-a3b7-c25f784c4908,4.7,Black,On-Demand,23,1
c.1478A>C,154189409,p.(Asn493Thr),Asn474Thr ,Missense,Substitution,10,474,A2,Heavy chain,N,,,X,,Mild,Not reported,,2018,293,,0,0,0,Exon,Mid,0,0,d53bfd39-4fc5-4fa3-8a59-5134cd9adacd,5.3,Caucasian,On-Demand,27,0
c.1478delA,154189409,p.(Asn493Thrfs*22),Asn474Thrfs*22,Frameshift,Deletion,10,474,A2,Heavy chain,Y,X,,,,Severe,No,,2005,151,,0,2,1,Exon,Mid,1,2,59afa208-e472-4df8-9e80-9cc91ddc1382,5.8,Black,Prophylaxis,70,0
c.1479_1482del,154189405_154189408,p.(Ile494Thrfs*20),Ile475Thr*20,Frameshift,Deletion,10,475,A2,Heavy chain,N,X,,,,Severe,Not reported,,2016,280,,0,2,1,Exon,Mid,1,2,5bde1472-b3be-41a6-9863-44c547ef04fd,3.7,Black,Prophylaxis,21,0
c.1481T>C,154189406,p.(Ile494Thr),Ile475Thr,Missense,Substitution,10,475,A2,Heavy chain,N,,,X,,Mild,No,,1995,71,,0,0,0,Exon,Mid,0,0,d906b1f0-eb62-4ce4-9aa3-4a253324c06c,19.2,Hispanic,On-Demand,93,0
c.1481T>G,154189406,p.(Ile494Ser),Ile475Ser,Missense,Substitution,10,475,A2,Heavy chain,N,X,X,,,Moderate/Severe,Not reported,,2016,280,,0,,0,Exon,Mid,0,,1ba9a29e-1c80-4331-95dc-e305c073fde9,11,Caucasian,On-Demand,36,0
c.1483T>G,154189404,p.(Tyr495Asp),Tyr476Asp,Missense,Substitution,10,476,A2,Heavy chain,N,,X,,,Moderate,Not reported,,2016,280,,0,1,0,Exon,Mid,0,0,f3c7a773-5f17-425f-8431-29bb3db16d64,2.9,Other,Prophylaxis,21,0
c.1485C>G,154189402,p.(Tyr495*),Tyr476*,Nonsense,Substitution,10,476,A2,Heavy chain,N,X,,,,Severe,No,,2003,133,,0,2,1,Exon,Mid,4,8,e9eeda27-7748-4114-87da-c2466c919b39,0.9,Caucasian,Prophylaxis,24,0
c.1485del,154189402,p.(Pro496LLeufs*19),Pro477Leufs*19,Frameshift,Deletion,10,476,A2,Heavy chain,,X,,,,Severe,No,,2006,160,X,0,2,1,Exon,Mid,1,2,85bed4bc-8e22-497a-8d5b-75396e1f8246,3.2,Asian,Prophylaxis,25,0
c.1487C>G,154189400,p.(Pro496Arg),Pro477Arg,Missense,Substitution,10,477,A2,Heavy chain,N,X,,,,Severe,No,,2008,"180, 188",,0,2,0,Exon,Mid,0,0,a26df705-7ba6-46c7-8af5-db060f89416d,7.8,Hispanic,Prophylaxis,74,0
c.1487delC,154189400,p.(Pro496Leufs*19),Pro477Leufs*19,Frameshift,Deletion,10,477,A2,Heavy chain,N,X,,,,Severe,Yes,,2005,"0, 152",,1,2,1,Exon,Mid,1,2,fbf753c1-e2ed-417c-a5a8-1f670d0c0c2f,5,Caucasian,Prophylaxis,49,0
c.1491dupC,154189396,p.(Gly498Argfs*4),Gly479Argfs*4,Frameshift,Duplication,10,479,A2,Heavy chain,N,X,,,,Severe,Not reported,,2016,280,,0,2,1,Exon,Mid,1,2,c2c5ec5c-d043-46db-a483-65737598a273,1.4,Asian,On-Demand,13,0
c.1492G>A,154189395,p.(Gly498Arg),Gly479Arg,Missense,Substitution,10,479,A2,Heavy chain,N,,X,,,Moderate,No,1 stage-2 stage assay discrepancy,1993,58,,0,1,0,Exon,Mid,0,0,5eb1f114-cba4-4849-a170-bafa69f44a84,3.3,Caucasian,Prophylaxis,29,0
c.1492G>C,154189395,p.(Gly498Arg),Gly479Arg,Missense,Substitution,10,479,A2,Heavy chain,N,,,X,,Mild,Not reported,,2016,280,,0,0,0,Exon,Mid,0,0,d1d9d5e9-2784-4d9a-a1ad-22025fd45fae,16.5,Asian,On-Demand,88,0
c.1492G>T,154189395,p.(Gly498*),Gly479*,Nonsense,Substitution,10,479,A2,Heavy chain,N,X,,,,Severe,Not reported,,2018,293,,0,2,1,Exon,Mid,4,8,e0475b85-c55a-435e-af2f-97553c913bf0,5.7,Asian,Prophylaxis,70,0
c.1495delA,154189392,p.(Ile499Serfs*16),Ile480Serfs*16,Frameshift,Deletion,10,480,A2,Heavy chain,N,,,X,,Mild,Not reported,,2017,283,,0,0,1,Exon,Mid,1,0,e0a8ab58-8ccd-43c1-a4cd-51df825b2a58,8.5,Hispanic,Prophylaxis,83,0
c.1498delA,154189389,p.(Thr500Leufs*15),Thr481Leufs*15,Frameshift,Deletion,10,481,A2,Heavy chain,N,X,,,,Severe,Not reported,,2002,126,,0,2,1,Exon,Mid,1,2,f8813652-872b-4977-9b95-bab455270078,2,Hispanic,Prophylaxis,11,0
c.1503_1504insATCATCGAT,154189383_154189384,p.(Asp501_Val502delinsIleIleAsp),Asp482_Val483delinsIleIleAsp,"Small structural change (in-frame, <50 bp)",Insertion,10,482,A2,Heavy chain,N,,,X,,Mild,No,,2008,180,,0,0,0,Exon,Mid,5,0,d1c27fac-c480-4788-aa4a-81898c3bca9e,12.1,Asian,On-Demand,34,1
c.1504_1516del,154189371_154189383,p.(Val502Ilefs*9),Val483Ilefs*9,Frameshift,Deletion,10,483,A2,Heavy chain,N,,,,X,Not reported,Not reported,,2022,345,X,0,,1,Exon,Mid,1,,daf7cfbd-3000-4c08-882a-4fea5abe2dda,40.5,Caucasian,On-Demand,196,0
c.1504G>T,154189383,p.(Val502Phe),Val483Phe,Missense,Substitution,10,483,A2,Heavy chain,N,,,X,,Mild,No,,2013,239,,0,0,0,Exon,Mid,0,0,0c8746c6-e013-4962-8cb1-b3a892407540,15.6,Caucasian,Prophylaxis,164,0
c.1505T>A,154189382,p.(Val502Asp),Val483Asp,Missense,Substitution,10,483,A2,Heavy chain,N,,,,X,Mild/Moderate,No,,2005,152,,0,,0,Exon,Mid,0,,6b439cff-0ab0-419a-8263-c9003b88f692,24.5,Caucasian,On-Demand,112,0
c.1505T>G,154189382,p.(Val502Gly),Val483Gly,Missense,Substitution,10,483,A2,Heavy chain,N,,,,X,Not reported,Not reported,,0,0,,0,,0,Exon,Mid,0,,51161904-6663-48f9-88b2-ae307ee383df,6.7,Caucasian,On-Demand,35,0
c.1506_1516del,154189371_154189381,p.(Arg503Phefs*25),Arg484Phefs*25,Frameshift,Deletion,10,484,A2,Heavy chain,N,X,,,,Severe,No,,1993,56,,0,2,1,Exon,Mid,1,2,b05cf13f-0b30-457b-83b3-6b5c0eb3f6e0,3.7,Asian,Prophylaxis,67,0
c.1508_1509del,154189378_154189379,p.(Arg503Profs*28),Arg484Profs*28,Frameshift,Deletion,10,484,A2,Heavy chain,N,,X,,,Moderate,Yes,,2022,342,X,1,1,1,Exon,Mid,1,1,bebe40db-b646-48cc-a5af-cc7f1c4a8cf0,8.7,Caucasian,Prophylaxis,73,1
c.1520C>A,154189367,p.(Ser507*),Ser488*,Nonsense,Substitution,10,488,A2,Heavy chain,N,X,,,,Severe,Not reported,,2018,293,,0,2,1,Exon,Mid,4,8,57f444ce-0a56-4562-93a7-3ad4419b74b9,5.1,Caucasian,Prophylaxis,44,0
c.1520C>G,154189367,p.(Ser507*),Ser488*,Nonsense,Substitution,10,488,A2,Heavy chain,N,X,,,,Severe,No,,2005,"0, 149",,0,2,1,Exon,Mid,4,8,fbf83ebd-2cda-4632-b3dd-b4cca74034ec,7,Caucasian,Prophylaxis,61,0
c.1522delA,154189365,p.(Arg508Glyfs*7),Arg489Glyfs*7,Frameshift,Deletion,10,489,A2,Heavy chain,Y,X,,,,Severe,No,,2001,122,,0,2,1,Exon,Mid,1,2,7ad5fa7b-524a-4677-bc5b-3b8530123af4,5.2,Hispanic,Prophylaxis,44,0
c.1529T>A,154189358,p.(Leu510*),Leu491*,Nonsense,Substitution,10,491,A2,Heavy chain,N,,,,X,Not reported,Not reported,,2005,145,,0,,1,Exon,Mid,4,,13a13777-e8d9-4b01-b471-9a89ffa51e59,31.1,Caucasian,Prophylaxis,300,0
c.1536del,154189351,p.(Gly513Valfs*2),Gly494Valfs*2,Frameshift,Deletion,10,494,A2,Heavy chain,N,X,,,,Severe,No,,2020,319,X,0,2,1,Exon,Mid,1,2,0ae37a45-2ce4-4f75-bfd8-832802328549,1.1,Black,Prophylaxis,23,0
c.1537G>A,154189350,p.(Gly513Ser),Gly494Ser,Missense,Substitution,10,494,A2,Heavy chain,N,,X,,,Moderate,No,,2002,130,,0,1,0,Exon,Mid,0,0,d363b17a-da2f-4e11-8d50-7a19091a03a6,2.4,Black,Prophylaxis,27,0
c.1538-?_1752+?del,154185232_154185446,,,Large structural change (>50 bp),Deletion,11,,A2,single domain,N,X,,,,Severe,No,,2011,218,,0,2,0,Exon,Mid,3,6,f0d24355-af57-4405-ba38-d2c77bc293a1,2.8,Other,Prophylaxis,19,0
c.1538-10_1546del,154185438_154185456,,,Splice site change,Deletion,11,,A2,Heavy chain,N,,,,X,Not reported,Not reported,,2021,332,X,0,,0,Splice,Mid,6,,f9a8c96b-055e-41e3-94b9-24e0be80824f,18,Asian,On-Demand,98,0
c.1538G>T,154185446,p.(Gly513Val),Gly494Val,Missense,Substitution,11,494,A2,Heavy chain,N,,X,,,Moderate,No,,2008,188,,0,1,0,Exon,Mid,0,0,5d78de64-f9d5-4c46-a842-6a25c2db2848,4.3,Hispanic,Prophylaxis,56,0
c.1546C>T,154185438,p.(His516Tyr),His497Tyr,Missense,Substitution,11,497,A2,Heavy chain,N,,,,X,Not reported,Not reported,,2022,345,X,0,,0,Exon,Mid,0,,cc0189d3-2e6c-453f-b1fd-70c4692ab2e9,27.9,Black,On-Demand,140,0
c.1555_1556dup,154185428_154185429,p.(Asp519Glufs*17),Asp500Glufs*17,Frameshift,Duplication,11,500,A2,Heavy chain,N,X,,,,Severe,Not reported,,2018,293,,0,2,1,Exon,Mid,1,2,94f09a3c-318e-402e-8b0d-75af2db9109d,2,Caucasian,Prophylaxis,26,0
c.1560delT,154185424,p.(Pro521Glnfs*14),Pro502Glnfs*14,Frameshift,Deletion,11,502,A2,Heavy chain,N,X,,,,Severe,Yes,,0,0,,1,2,1,Exon,Mid,1,2,1ebb83ff-3fec-4e1a-bea4-446d02713d39,6.7,Asian,Prophylaxis,66,0
c.1562C>T,154185422,p.(Pro521Leu),Pro502Leu,Missense,Substitution,11,502,A2,Heavy chain,N,,,X,,Mild,No,,2014,265,,0,0,0,Exon,Mid,0,0,7c645a92-8c4b-45e2-972e-e54cd111b62c,12.5,Caucasian,On-Demand,57,0
c.1564_1565delinsTA,154185419_154185420,p.(Ile522Tyr),Ile503Tyr,"Small structural change (in-frame, <50 bp)",Deletion/Insertion,11,503,A2,Heavy chain,N,,,,,Severe,No,,2003,136,,0,2,0,Exon,Mid,5,10,e1d5fc12-cf83-4831-a465-badc858139d3,5.4,Other,On-Demand,27,0
c.1569G>T,154185415,p.(=),0,Synonymous,Substitution,11,504,A2,Heavy chain,N,,,,X,Mild,No,Potential splice reported deleterious in ref. 253,1991,41. 44,,0,0,0,Exon,Mid,2,0,49f16314-1df1-42f2-9fb6-8f570732593c,27.3,Hispanic,On-Demand,122,0
c.1571C>T,154185413,p.(Pro524Leu),Pro505Leu,Missense,Substitution,11,505,A2,Heavy chain,N,,,X,,Mild,Not reported,,2016,280,,0,0,0,Exon,Mid,0,0,5de643dd-66e2-4b91-a83e-1b98a06e18ff,27.8,Caucasian,On-Demand,156,0
c.1573G>A,154185411,p.(Gly525Arg),Gly506Arg,Missense,Substitution,11,506,A2,Heavy chain,N,,,X,,Mild,No,,2010,209,,0,0,0,Exon,Mid,0,0,59f2ff21-9b39-42ce-8e7a-560cca3e3059,25.4,Asian,On-Demand,131,0
c.1573G>T,154185411,p.(Gly525*),Gly506*,Nonsense,Substitution,11,506,A2,Heavy chain,N,,,,X,Not reported,Not reported,,2014,257,X,0,,1,Exon,Mid,4,,11c916c0-436b-4cc4-be99-9a73b7551767,10.4,Hispanic,On-Demand,55,0
c.1576G>T,154185408,p.(Glu526*),Glu507*,Nonsense,Substitution,11,507,A2,Heavy chain,N,X,,,,Severe,No,,2014,255,,0,2,1,Exon,Mid,4,8,a24e1441-48a7-4a22-a4a1-e97e042abce8,1.4,Other,Prophylaxis,10,0
c.1579_1601del,154185383_154185405,p.(Ile527Aspfs*8),Ile508Aspfs*8,Frameshift,Deletion,11,508,A2,Heavy chain,Y,X,,,,Severe,No,,2001,116,,0,2,1,Exon,Mid,1,2,1aaff725-4ca9-40c3-9174-81486bc19ea3,1.8,Black,On-Demand,2,0
c.1582_1588del,154185396_154185402,p.(Phe528Ilefs*5),Phe509Ilefs*5,Frameshift,Deletion,11,509,A2,Heavy chain,N,X,,,,Severe,Not reported,,2008,"183, 186",,0,2,1,Exon,Mid,1,2,f722c367-7c2c-4a39-8174-1da8942058a4,3.3,Caucasian,Prophylaxis,48,0
c.1585A>G,154185399,p.(Lys529Glu),Lys510Glu,Missense,Substitution,11,510,A2,Heavy chain,N,,X,,,Moderate,No,,2003,133,,0,1,0,Exon,Mid,0,0,38fa6933-240e-4364-bf97-118cd053647b,3.6,Caucasian,Prophylaxis,49,0
c.1587A>C,154185397,p.(Lys529Asn),Lys510Asn,Missense,Substitution,11,510,A2,Heavy chain,N,,,X,,Mild,No,,2010,210,,0,0,0,Exon,Mid,0,0,0d3b79dd-395a-4ab5-b082-849f3717d5b7,16.2,Hispanic,On-Demand,71,0
c.1587delA,154185397,p.(Lys529Asnfs*6),Lys510Asnfs*6,Frameshift,Deletion,11,510,A2,Heavy chain,N,X,,,,Severe,Yes,,2022,348,X,1,2,1,Exon,Mid,1,2,d05878fd-dfd1-439d-b031-4b5e6ff26344,1.9,Asian,Prophylaxis,19,0
c.1588T>A,154185396,p.(Tyr530Asn),Tyr511Asn,Missense,Substitution,11,511,A2,Heavy Chain,N,,X,,,Moderate,Not reported,,2010,211,,0,1,0,Exon,Mid,0,0,448f7a79-5fb0-4300-bf31-3a0c1f5f9a05,3,Caucasian,Prophylaxis,21,0
c.1588T>C,154185396,p.(Tyr530His),Tyr511His,Missense,Substitution,11,511,A2,Heavy chain,N,,,X,,Mild,No,,2005,150,,0,0,0,Exon,Mid,0,0,7d916837-1722-4056-8683-9027460be30b,2,Caucasian,On-Demand,17,0
c.1589A>G,154185395,p.(Tyr530Cys),Tyr511Cys,Missense,Substitution,11,511,A2,Heavy chain,N,,,X,,Mild,No,,2006,"157, 158",,0,0,0,Exon,Mid,0,0,b7a43768-fbf7-4a64-ba3e-c13b07ae7baf,46.1,Caucasian,On-Demand,228,0
c.1594T>A,154185390,p.(Trp532Arg),Trp513Arg,Missense,Substitution,11,513,A2,Heavy chain,N,X,,,,Severe,Not reported,,2017,286,,0,2,0,Exon,Mid,0,0,e5715a45-233c-4afc-b8ac-c8f3111f6617,1.4,Caucasian,Prophylaxis,10,0
c.1594T>C,154185390,p.(Trp532Arg),Trp513Arg,Missense,Substitution,11,513,A2,Heavy chain,N,X,,,,Severe,Not reported,,2014,256,,0,2,0,Exon,Mid,0,0,1ea43aed-56e1-4ce5-81a4-b06805cf2a38,8.1,Asian,Prophylaxis,75,1
c.1594T>G,154185390,p.(Trp532Gly),Trp513Gly,Missense,Substitution,11,513,A2,Heavy chain,N,X,,,,Severe,Not reported,,2002,126,,0,2,0,Exon,Mid,0,0,1cde4ba4-d2e8-4d0a-9392-6797d2a53dd5,3.9,Asian,Prophylaxis,45,0
c.1595G>A,154185389,p.(Trp532*),Trp513*,Nonsense,Substitution,11,513,A2,Heavy chain,N,,,,,Severe,Yes,,2006,158,,1,2,1,Exon,Mid,4,8,3fe6dd71-0a2b-4c3f-934e-6d59a438d649,3.7,Asian,Prophylaxis,12,0
c.1596dupG,154185388,p.(Thr533Aspfs*10),Thr514Aspfs*10,Frameshift,Duplication,11,514,A2,Heavy chain,N,,,,X,Severe,Not reported,,1992,44,,0,2,1,Exon,Mid,1,2,26cd11bf-ca5d-4a15-8203-6fd8c70c3329,1.1,Caucasian,Prophylaxis,15,1
c.1596G>A,154185388,p.(Trp532*),Trp513*,Nonsense,Substitution,11,513,A2,Heavy chain,N,X,X,,,Moderate/Severe,No,,2013,"240, 249",,0,,1,Exon,Mid,4,,5dfdfdf5-f9b4-472f-ac1b-3ea237a9ef26,24.9,Other,On-Demand,131,0
c.1601T>C,154185383,p.(Val534Ala),Val515Ala,Missense,Substitution,11,515,A2,Heavy chain,n,,,X,,Mild,No,,2020,319,X,0,0,0,Exon,Mid,0,0,cd7f6c6b-d7b2-43da-a3c2-96fde2b177e6,20.4,Caucasian,On-Demand,97,0
c.1601T>G,154185383,p.(Val534Gly),Val515Gly,Missense,Substitution,11,515,A2,Heavy chain,N,,,X,,Mild,No,,0,0,,0,0,0,Exon,Mid,0,0,599429ad-103e-46d9-880b-70f116be81b0,15.3,Caucasian,On-Demand,92,0
c.1605delT,154185379,p.(Val536*),Val515*,Nonsense,Deletion,11,515,A2,Heavy chain,N,X,,,,Severe,Not reported,,2021,333,X,0,2,1,Exon,Mid,4,8,ddab3b98-c3be-41d5-91cc-568ec19bdd44,4.9,Other,Prophylaxis,57,0
c.1606_1609delinsCATGATGCTT,154185375_154185378,p.(Val536Hisfs*4),Val517Hisfs*4,Frameshift,Deletion/Insertion,11,517,A2,Heavy chain,N,,,,,Severe,Yes,,2006,158,,1,2,1,Exon,Mid,1,2,3ea762fa-ba60-465f-87a3-890b4b80c341,7.4,Asian,Prophylaxis,85,1
c.1611_1613del,154185371_154185373,p.(Glu537del),Glu518del,"Small structural change (in-frame, <50 bp)",Deletion,11,518,A2,Heavy chain,N,,,X,,Mild,Not reported,,2018,303,,0,0,0,Exon,Mid,5,0,13b17f22-3b6c-425a-b48d-e16526381874,13.1,Caucasian,On-Demand,62,0
c.1615G>A,154185369,p.(Gly539Arg),Gly520Arg,Missense,Substitution,11,520,A2,Heavy chain,N,X,,,,Severe,No,,2012,231,,0,2,0,Exon,Mid,0,0,25f7717d-7c5d-497d-b96b-0ebccac57769,6.1,Caucasian,Prophylaxis,70,0
c.1615G>C,154185369,p.(Gly539Arg),Gly520Arg,Missense,Substitution,11,520,A2,Heavy chain,N,,X,,,Moderate,No,,2012,226,,0,1,0,Exon,Mid,0,0,cc50b788-e325-4eb3-82ce-78d2c933c8d7,2.9,Asian,Prophylaxis,30,1
c.1616G>A,154185368,p.(Gly539Glu),Gly520Glu,Missense,Substitution,11,520,A2,Heavy chain,N,,,X,,Mild,No,,2007,"0, 168",,0,0,0,Exon,Mid,0,0,497af564-c76b-4487-b94a-0af79ce099bf,17.3,Hispanic,On-Demand,74,0
c.1618C>A,154185366,p.(Pro540Thr),Pro521Thr,Missense,Substitution,11,521,A2,Heavy chain,N,,X,,,Moderate,No,,2003,136,,0,1,0,Exon,Mid,0,0,d15624cb-af2c-4a46-aa51-8aaf242586be,3.3,Hispanic,Prophylaxis,35,0
c.1618C>G,154185366,p.(Pro540Ala),Pro521Ala,Missense,Substitution,11,521,A2,Heavy chain,N,,,X,,Mild,No,,2013,239,,0,0,0,Exon,Mid,0,0,a67e8499-9de0-4ef6-9bf4-7030d3e4e3b1,16,Caucasian,On-Demand,97,0
c.1618C>T,154185366,p.(Pro540Ser),Pro521Ser,Missense,Substitution,11,521,A2,Heavy chain,N,X,X,,,Moderate/Severe,Not reported,,2016,280,,0,,0,Exon,Mid,0,,80bcdde1-2585-48d1-9dfc-33d40bb094be,35.5,Other,On-Demand,187,0
c.1619C>G,154185365,p.(Pro540Arg),Pro521Arg,Missense,Substitution,11,521,A2,Heavy chain,N,,,,X,Not reported ,No,,2008,175,,0,,0,Exon,Mid,0,,f261beb7-7654-47f7-bf13-bb99b429fde3,38.2,Other,Prophylaxis,394,0
c.1619C>T,154185365,p.(Pro540Leu),Pro521Leu,Missense,Substitution,11,521,A2,Heavy Chain,N,,X,,,Moderate,No,,2012,232,,0,1,0,Exon,Mid,0,0,b5b47d5c-c0a2-451f-a2f6-fcc96255c45e,4.3,Caucasian,On-Demand,26,0
c.1619delC,154185365,p.(Pro540Glnfs*9),Pro521Glnfs*9,Frameshift,Deletion,11,521,A2,Heavy chain,N,X,,,,Severe,No,,2011,218,,0,2,1,Exon,Mid,1,2,fbf195d3-a08b-4797-b335-db002a9b33fc,1.6,Caucasian,Prophylaxis,19,0
c.1621A>C,154185363,p.(Thr541Pro),Thr522Pro,Missense,Substitution,11,522,A2,Heavy chain,N,,,,X,Not reported,Not reported,,2022,345,X,0,,0,Exon,Mid,0,,10b70a74-0010-4eb1-84e0-35f2a3543e0c,16.3,Hispanic,Prophylaxis,155,0
c.1621A>T,154185363,p.(Thr541Ser),Thr522Ser,Missense,Substitution,11,522,A2,Heavy chain,N,,,X,,Mild,No,,1998,87,,0,0,0,Exon,Mid,0,0,8d46157e-c723-4449-bfea-80cd6a12979f,15.7,Other,On-Demand,83,0
c.1622C>T,154185362,p.(Thr541Ile),Thr522Ile,Missense,Substitution,11,522,A2,Heavy chain,N,,,,X,Not reported,Not reported,,2021,332,X,0,,0,Exon,Mid,0,,a0c3b548-ca1a-4eaf-929a-b53b3128f3a2,25.6,Asian,On-Demand,117,0
c.1625_1645del,154185339_154185359,p.(Lys542_Leu548del),Lys523_Leu529del,"Small structural change (in-frame, <50 bp)",Deletion,11,523,A2,Heavy chain,N,,,,X,Not reported,Not reported,,2007,164,,0,,0,Exon,Mid,5,,c05eacc8-5a22-4589-81de-043c3614e267,15.5,Caucasian,On-Demand,100,0
c.1627del,154185357,p.(Ser543Glnfs*6),Ser524Glnfs*6,Frameshift,Deletion,11,524,A2,Heavy chain,N,X,,,,Severe,Yes,,2020,319,X,1,2,1,Exon,Mid,1,2,996eec6a-d0ce-48b1-a5e7-8baa1cfcb00c,3,Black,On-Demand,2,0
c.1628C>A,154185356,p.(Ser543*),Ser524*,Nonsense,Substitution,11,524,A2,Heavy chain,N,X,,,,Severe,Yes,,2016,282,,1,2,1,Exon,Mid,4,8,36cf8243-0681-496c-8916-fde81f5faacb,0.9,Caucasian,Prophylaxis,5,0
c.1628C>G,154185356,p.(Ser543*),Ser524*,Nonsense,Substitution,11,524,A2,Heavy chain,N,X,,,,Severe,No,,2011,216,,0,2,1,Exon,Mid,4,8,6940e9e9-9c90-4c97-b97c-071e8e11998b,2,Caucasian,Prophylaxis,19,0
c.1630G>A,154185354,p.(Asp544Asn),Asp525Asn,Missense,Substitution,11,525,A2,Heavy chain,N,,,X,,Moderate,Not reported,,1997,81,,0,1,0,Exon,Mid,0,0,a112be85-43e8-410a-a1c9-807840c27abf,2.1,Black,Prophylaxis,17,0
c.1631_1632del,154185352_154185353,p.(Asp544Alafs*10),Asp525Alafs*10,Frameshift,Deletion,11,525,A2,Heavy chain,N,X,,,,Severe,Yes,,2008,178,,1,2,1,Exon,Mid,1,2,25108b58-b901-48fd-bcf2-eccaefab841a,4.2,Black,Prophylaxis,47,1
c.1631A>G,154185353,p.(Asp544Gly),Asp525Gly,Missense,Substitution,11,525,A2,Heavy chain,N,X,,,,Severe,Not reported,,2015,275,,0,2,0,Exon,Mid,0,0,e2d11acf-f2b4-44a5-9f9f-adbd1969039e,2.8,Caucasian,Prophylaxis,34,0
c.1631A>T,154185353,p.(Asp544Val),Asp525Val,Missense,Substitution,11,525,A2,Heavy chain,N,X,,,,Severe,Not reported,,2018,293,,0,2,0,Exon,Mid,0,0,2b22bb21-1bf1-4f8d-9caa-37017e74f321,2.5,Black,Prophylaxis,20,0
c.1632T>A,154185352,p.(Asp544Glu),Asp525Glu,Missense,Substitution,11,525,A2,Heavy chain,N,X,,,,Severe,Not reported,,2007,162,,0,2,0,Exon,Mid,0,0,f51800ef-d0b0-4681-a67a-50828adbcc1e,7.4,Hispanic,On-Demand,44,0
c.1632T>G,154185352,p.(Asp544Glu),Asp525Glu,Missense,Substitution,11,525,A2,Heavy Chain,N,,X,,,Moderate,No,,2012,232,,0,1,0,Exon,Mid,0,0,c67ec9cb-5ddf-4e8d-a5ca-22339d3715bc,1.6,Caucasian,Prophylaxis,15,0
c.1633C>A,154185351,p.(Pro545Thr),Pro526Thr,Missense,Substitution,11,526,A2,Heavy chain,N,,,X,,Mild,Not reported,,2018,293,,0,0,0,Exon,Mid,0,0,593a0f2a-959c-4ec4-9216-6e4232dd0a3f,2,Caucasian,On-Demand,8,0
c.1634C>A,154185350,p.(Pro545His),Pro526His,Missense,Substitution,11,526,A2,Heavy chain,N,,,X,,Mild,No,,2007,161,,0,0,0,Exon,Mid,0,0,c3faaee2-fcf8-4dfc-9500-afdb2821369b,3.7,Caucasian,On-Demand,9,0
c.1634C>G,154185350,p.(Pro545Arg),Pro526Arg,Missense,Substitution,11,526,A2,Heavy Chain,N,X,,,,Severe,No,,2012,233,,0,2,0,Exon,Mid,0,0,f7f31247-2f34-4772-bbd1-b5353b5e3ca5,8.9,Asian,Prophylaxis,79,0
c.1636C>T,154185348,p.(Arg546Trp),Arg527Trp,Missense,Substitution,11,527,A2,Heavy chain,N,,,X,,Mild,No,1 stage-2 stage assay discrepancy,1991,"35, 41",,0,0,0,Exon,Mid,0,0,5c12249e-f11d-4d52-b9bf-908281989e50,9.5,Caucasian,On-Demand,52,0
c.1639T>C,154185345,p.(Cys547Arg),Cys528Arg,Missense,Substitution,11,528,A2,Heavy Chain,N,X,X,,,Moderate/Severe,Not reported,,2010,211,,0,,0,Exon,Mid,0,,f1632272-a5c6-411a-bed5-7e3318256db6,33,Caucasian,On-Demand,169,0
c.1640G>A,154185344,p.(Cys547Tyr),Cys528Tyr,Missense,Substitution,11,528,A2,Heavy chain,N,X,,,,Severe,No,,2005,154,,0,2,0,Exon,Mid,0,0,feb1785d-d1f9-4370-a958-7801fc30ea08,4.5,Caucasian,On-Demand,25,0
c.1640G>C,154185344,p.(Cys547Ser),Cys528Ser,Missense,Substitution,11,528,A2,Heavy chain,N,X,,,,Severe,Not reported,,2013,249,,0,2,0,Exon,Mid,0,0,695e54c3-a3da-437a-aff6-d9573a050eca,2.5,Caucasian,Prophylaxis,22,0
c.1640G>T,154185344,p.(Cys547Phe),Cys528Phe,Missense,Substitution,11,528,A2,Heavy chain,N,X,,,,Severe,Not reported,,2018,293,,0,2,0,Exon,Mid,0,0,53bfa134-b742-4dc6-be8f-6248a3a90f8b,9.1,Caucasian,Prophylaxis,85,1
c.1641C>G,154185343,p.(Cys547Trp),Cys528Trp,Missense,Substitution,11,528,A2,Heavy chain,N,X,,,,Severe,No,,2005,"0, 151",,0,2,0,Exon,Mid,0,0,ae5e8879-0804-4211-be26-5266e26f38ed,3,Black,Prophylaxis,12,0
c.1643dupT,154185341,p.(Thr549Aspfs*6),Thr530Aspfs*6,Frameshift,Insertion,11,530,A2,Heavy chain,N,X,,,,Severe,No,,2017,287,,0,2,1,Exon,Mid,1,2,192c68bf-0b2e-4c9b-b07e-d3e3ac13efd7,8.1,Caucasian,Prophylaxis,88,0
c.1646C>A,154185338,p.(Thr549Asn),Thr530Asn,Missense,Substitution,11,530,A2,Heavy Chain,N,,,X,,Mild,No,,2012,232,,0,0,0,Exon,Mid,0,0,dc24e3bc-2d1b-411d-bca2-cdae80859f00,15.6,Caucasian,On-Demand,80,0
c.1648C>G,154185336,p.(Arg550Gly),Arg531Gly,Missense,Substitution,11,531,A2,Heavy chain,N,,,X,,Mild,Not reported,,1991,35,,0,0,0,Exon,Mid,0,0,fbfec006-3e52-4714-8e8e-08cc49078925,9.9,Caucasian,On-Demand,43,0
c.1648C>T,154185336,p.(Arg550Cys),Arg531Cys,Missense,Substitution,11,531,A2,Heavy chain,N,,,X,,Mild,Not reported,1 stage-2 stage assay discrepancy,1991,35,,0,0,0,Exon,Mid,0,0,7a08a8bc-0272-445f-af11-9bc46c52f0e8,18.3,Black,On-Demand,87,0
c.1649G>A,154185335,p.(Arg550His),Arg531His,Missense,Substitution,11,531,A2,Heavy chain,N,,,X,,Mild,No,1 stage-2 stage assay discrepancy,1995,71,,0,0,0,Exon,Mid,0,0,0298c11d-46e8-4bc4-a059-be2601205267,19.2,Caucasian,On-Demand,88,0
c.1649G>C,154185335,p.(Arg550Pro),Arg531Pro,Missense,Substitution,11,531,A2,Heavy chain,N,X,,,,Severe,Yes,,2013,248,,1,2,0,Exon,Mid,0,0,0f7c5e8d-0348-4230-be95-aeb5eeb2337b,10.3,Asian,Prophylaxis,109,0
c.1649G>T,154185335,p.(Arg550Leu),Arg531Leu,Missense,Substitution,11,531,A2,Heavy chain,N,,,X,,Mild,No,,2013,239,,0,0,0,Exon,Mid,0,0,74f9f4c2-73e1-495a-a6b1-b76a40311c2c,12.3,Caucasian,On-Demand,69,0
c.1652A>G,154185332,p.(Tyr551Cys),Tyr532Cys,Missense,Substitution,11,532,A2,Heavy chain,N,,,X,,Mild,Not reported,,2013,249,,0,0,0,Exon,Mid,0,0,5bec9119-888c-4729-9983-8e4243a4d1f8,21.5,Hispanic,On-Demand,116,0
c.1653T>G,154185331,p.(Tyr551*),Tyr532*,Nonsense,Substitution,11,532,A2,Heavy chain,N,X,,,,Severe,No,,0,0,,0,2,1,Exon,Mid,4,8,c8fb6ddc-1526-48f4-bf33-9e6b560e8fb6,3.4,Caucasian,Prophylaxis,29,0
c.1654T>C,154185330,p.(Tyr552His),Tyr533His,Missense,Substitution,11,533,A2,Heavy chain,N,,,,,Severe,No,,2008,177,,0,2,0,Exon,Mid,0,0,412182fb-45b8-4051-b9a7-11aa4bcbee07,6.4,Caucasian,Prophylaxis,55,0
c.1654T>G,154185330,p.(Tyr552Asp),Tyr533Asp,Missense,Substitution,11,533,A2,Heavy chain,N,X,,,,Severe,No,,2020,319,X,0,2,0,Exon,Mid,0,0,d9922cce-0851-4e9b-bb94-50e192bb4eb0,2.9,Black,Prophylaxis,33,0
c.1656C>A,154185328,p.(Tyr552*),Tyr533*,Nonsense,Substitution,11,533,A2,Heavy chain,N,X,,,,Severe,Yes,,2007,169,,1,2,1,Exon,Mid,4,8,71f41afc-50b1-4324-9417-3da1c0aa4553,4.6,Black,Prophylaxis,42,0
c.1657T>C,154185327,p.(Ser553Pro),Ser534Pro,Missense,Substitution,11,534,A2,Heavy chain,N,X,,,,Severe,No,,1998,87,,0,2,0,Exon,Mid,0,0,02e730c9-f9d6-4d07-8956-1b6370e73133,2.1,Caucasian,Prophylaxis,24,0
c.1658C>G,154185326,p.(Ser553Cys),Ser534Cys,Missense,Substitution,11,534,A2,Heavy chain,N,,,X,,Mild,No,,2008,180,,0,0,0,Exon,Mid,0,0,6cc97717-1eb5-4c01-ad5a-ae161d98bea3,24.7,Hispanic,On-Demand,111,0
c.1658C>T,154185326,p.(Ser553Phe),Ser534Phe,Missense,Substitution,11,534,A2,Heavy Chain,N,,,X,,Mild,No,,2012,232,,0,0,0,Exon,Mid,0,0,e81ba3e1-2aac-4bf2-8ef3-05c4560b34cf,22,Caucasian,On-Demand,116,0
c.1660A>C,154185324,p.(Ser554Arg),Ser535Arg,Missense,Substitution,11,535,A2,Heavy Chain,N,,X,,,Moderate,Not reported,,2017,283,,0,1,0,Exon,Mid,0,0,1dba1d15-229f-45aa-accb-a6bb90dc5cbd,0.8,Black,Prophylaxis,10,0
c.1660A>G,154185324,p.(Ser554Gly),Ser535Gly,Missense,Substitution,11,535,A2,Heavy chain,N,,,,X,Not reported,Not reported,,1991,41,,0,,0,Exon,Mid,0,,a0bffef1-cbe6-4a12-972c-091e0b98c3f9,28.6,Asian,On-Demand,136,0
c.1660A>T,154185324,p.(Ser554Cys),Ser535Cys,Missense,Substitution,11,535,A2,Heavy chain,N,,X,,,Moderate,No,,2007,161,,0,1,0,Exon,Mid,0,0,89d9374f-3ac1-4386-989c-3507a1ec131c,6.8,Hispanic,Prophylaxis,81,0
c.1661G>A,154185323,p.(Ser554Asn),Ser535Asn,Missense,Substitution,11,535,A2,Heavy chain,N,X,,,,Severe,Not reported,,2013,249,,0,2,0,Exon,Mid,0,0,6a77cf82-2f02-407a-a019-64bd97b78908,3.4,Black,On-Demand,14,0
c.1664delT,154185320,p.(Phe555Serfs*8),Phe536Serfs*8,Frameshift,Deletion,11,536,A2,Heavy chain,N,X,,,,Severe,Not reported,,2021,330,X,0,2,1,Exon,Mid,1,2,2b56689e-3ac3-4c2a-8cfa-3e7570ad9525,3.1,Caucasian,Prophylaxis,29,0
c.1667T>A,154185317,p.(Val556Asp),Val537Asp,Missense,Substitution,11,537,A2,Heavy chain,N,,X,,,Moderate,Not reported,,1998,91,,0,1,0,Exon,Mid,0,0,374de6fb-7f92-40c2-bc9f-82b3d3bec4a5,2.1,Asian,Prophylaxis,18,0
c.1675G>T,154185309,p.(Glu559*),Glu540*,Nonsense,Substitution,11,540,A2,Heavy chain,N,X,,,,Severe,No,,2010,209,,0,2,1,Exon,Mid,4,8,02a24f51-5570-4226-aca9-069b9c0df009,8.1,Hispanic,Prophylaxis,65,0
c.1676delA,154185308,p.(Glu559Glyfs*4),Glu540Glyfs*4,Frameshift,Deletion,11,540,A2,Heavy chain,N,X,,,,Severe,Not reported,,2016,280,,0,2,1,Exon,Mid,1,2,24201e69-84bd-45de-a32f-d79934ac795e,3.3,Caucasian,Prophylaxis,43,1
c.1678A>G,154185306,p.(Arg560Gly),Arg541Gly,Missense,Substitution,11,541,A2,Heavy chain,N,,,X,,Moderate,Not reported,,2008,181,,0,1,0,Exon,Mid,0,0,719e1055-5d3b-4000-be0f-1fba8bd19a1f,4.4,Caucasian,Prophylaxis,48,0
c.1679G>C,154185305,p.(Arg560Thr),Arg541Thr,Missense,Substitution,11,541,A2,Heavy chain,N,,,X,,Mild,No,,1998,87,,0,0,0,Exon,Mid,0,0,9ba86a02-f4a8-46ca-808d-4bc6c25a7f5d,2,Asian,Prophylaxis,32,1
c.1680delA,154185304,p.(Asp561Ilefs*2),Asp542Ilefs*2,Frameshift,Deletion,11,542,A2,Heavy chain,N,,X,,,Moderate,No,,2010,207,,0,1,1,Exon,Mid,1,1,6217a4a0-9eb8-447b-ba69-989e3c5dd5c3,3.4,Caucasian,Prophylaxis,31,0
c.1681G>A,154185303,p.(Asp561Asn),Asp542Asn,Missense,Substitution,11,542,A2,Heavy chain,N,X,,,,Severe,No,,2010,202,,0,2,0,Exon,Mid,0,0,8559c7bf-4294-400c-bd38-1bc528babef5,3.1,Caucasian,On-Demand,19,0
c.1681G>C,154185303,p.(Asp561His),Asp542His,Missense,Substitution,11,542,A2,Heavy chain,N,X,,,,Severe,No,,1999,101,,0,2,0,Exon,Mid,0,0,a7e39fd4-516c-40f3-a8a7-3d3be271d0ea,3.1,Caucasian,Prophylaxis,28,0
c.1681G>T,154185303,p.(Asp561Tyr),Asp542Tyr,Missense,Substitution,11,542,A2,Heavy chain,N,X,,,,Severe,Not reported,,2000,104,,0,2,0,Exon,Mid,0,0,4d5a2e95-f6f6-4155-94d1-3db1b197e7f5,1.6,Caucasian,On-Demand,6,0
c.1682A>C,154185302,p.(Asp561Ala),Asp542Ala,Missense,Substitution,11,542,A2,Heavy chain,N,X,,,,Severe,No,,0,0,,0,2,0,Exon,Mid,0,0,750253ec-c2ef-4e5f-9e8c-5130a6fd737a,2.7,Asian,Prophylaxis,31,0
c.1682A>G,154185302,p.(Asp561Gly),Asp542Gly,Missense,Substitution,11,542,A2,Heavy chain,N,,,,X,Severe,No,,1991,36,,0,2,0,Exon,Mid,0,0,3eaa4700-17ea-474c-b7db-5e35b67528b7,4.8,Caucasian,Prophylaxis,44,1
c.1682A>T,154185302,p.(Asp561Val),Asp542Val,Missense,Substitution,11,542,A2,Heavy chain,N,X,,,,Severe,No,,2018,301,,0,2,0,Exon,Mid,0,0,c82693b6-8856-43e0-9d12-7c40f6ead406,0.9,Caucasian,Prophylaxis,2,0
c.1682delA,154185302,p.(Asp561Valfs*2),Asp542Valfs*2,Frameshift,Deletion,11,542,A2,Heavy chain,N,X,,,,Severe,No,,2008,188,,0,2,1,Exon,Mid,1,2,b7b2454b-9198-4820-b48a-aed3033b560f,3.9,Caucasian,Prophylaxis,45,0
c.1683T>A,154185301,p.(Asp561Glu),Asp542Glu,Missense,Substitution,11,542,A2,Heavy Chain,N,X,,,,Severe,No,,2012,233,,0,2,0,Exon,Mid,0,0,149c72b6-a341-4329-be96-da37b0e1d5af,6.4,Caucasian,Prophylaxis,62,0
c.1685T>C,154185299,p.(Leu562Pro),Leu543Pro,Missense,Substitution,11,543,A2,Heavy chain,N,,,X,,Mild,Not reported,,2009,189,,0,0,0,Exon,Mid,0,0,50cb5e49-cc31-41b0-ad57-67932aa7af33,29.4,Caucasian,On-Demand,151,0
c.1688C>G,154185296,p.(Ala563Gly),Ala544Gly,Missense,Substitution,11,544,A2,Heavy chain,N,,X,,,Moderate,No,,0,0,,0,1,0,Exon,Mid,0,0,a14b8527-7042-4243-8846-82b66c2ae592,6.1,Caucasian,On-Demand,36,0
c.1691C>T,154185293,p.(Ser564Leu),Ser545Leu,Missense,Substitution,11,545,A2,Heavy chain,N,X,,,,Severe,Not reported,,2014,256,,0,2,0,Exon,Mid,0,0,570957f7-45dc-4f77-b4ff-a2fb43acc81f,2.6,Hispanic,Prophylaxis,34,0
c.1693G>A,154185291,p.(Gly565Arg),Gly546Arg,Missense,Substitution,11,546,A2,Heavy chain,N,,X,,,Mild,No,,2006,155,,0,0,0,Exon,Mid,0,0,5d5e15e3-a8ad-4472-91a1-c60da11915b3,15.2,Other,On-Demand,65,1
c.1693G>C,154185291,p.(Gly565Arg),Gly546Arg,Missense,Substitution,11,546,A2,Heavy chain,N,X,,,,Severe,Not reported,,2018,293,,0,2,0,Exon,Mid,0,0,0ef3cad2-fd61-4d47-bb5b-5e2dba2481d6,4.9,Caucasian,Prophylaxis,45,0
c.1693G>T,154185291,p.(Gly565*),Gly546*,Nonsense,Substitution,11,546,A2,Heavy chain,N,X,,,,Severe,Not reported,,2018,293,,0,2,1,Exon,Mid,4,8,d40b3fe2-69f7-4948-b968-389d1392e77f,1.5,Caucasian,Prophylaxis,25,1
c.1694G>A,154185290,p.(Gly565Glu),Gly546Glu,Missense,Substitution,11,546,A2,Heavy chain,N,X,,,,Severe,No,,2014,255,,0,2,0,Exon,Mid,0,0,b6e34d6e-6eb7-4256-945e-58e00ea8ad2e,1.3,Caucasian,Prophylaxis,13,0
c.1694G>C,154185290,p.(Gly565Ala),Gly546Ala,Missense,Substitution,11,546,A2,Heavy chain,N,,,,X,Not reported,Not reported,,2021,332,X,0,,0,Exon,Mid,0,,9d9b6d91-d5b2-4f24-93b3-c820d58c2336,6.9,Asian,On-Demand,39,0
c.1696C>G,154185288,p.(Leu566Val),Leu547Val,Missense,Substitution,11,547,A2,Heavy chain,N,,,X,,Mild,Not reported,,2013,249,,0,0,0,Exon,Mid,0,0,22e65379-c48a-40d5-893c-13276fa536ea,15.9,Caucasian,On-Demand,88,0
c.1696C>T,154185288,p.(Leu566Phe),Leu547Phe,Missense,Substitution,11,547,A2,Heavy chain,N,X,,,,Severe,No,,2005,151,,0,2,0,Exon,Mid,0,0,07f09299-f386-45fc-9790-1253b5323eff,2.9,Caucasian,Prophylaxis,37,0
c.1697T>G,154185287,p.(Leu566Arg),Leu547Arg,Missense,Substitution,11,547,A2,Heavy chain,N,X,,,,Severe,Not reported,,2014,256,,0,2,0,Exon,Mid,0,0,1e9beec7-61fc-43d0-8638-1d3bc5a89688,2.2,Asian,On-Demand,1,0
c.1699A>T,154185285,p.(Ile567Phe),Ile548Phe,Missense,Substitution,11,548,A2,Heavy chain,N,,,X,,Mild,No,,2007,161,,0,0,0,Exon,Mid,0,0,3969a723-d364-4bc0-95a4-b2330a7d839c,11,Caucasian,On-Demand,53,0
c.1700T>C,154185284,p.(Ile567Thr),Ile548Thr,Missense,Substitution,11,548,A2,Heavy chain,N,,,X,,Mild,No,,2003,133,,0,0,0,Exon,Mid,0,0,dbe2829c-d0ed-44ca-b22c-8d4eb3a6bc64,21.6,Caucasian,On-Demand,93,0
c.1701delT,154185283,p.(Ile567Metfs*12),Ile548Metfs*12,Frameshift,Deletion,11,548,A2,Heavy chain,N,X,,,,Severe,Yes,,2018,300,,1,2,1,Exon,Mid,1,2,2365e93c-18e4-46a7-8e49-227f8fb00603,2.9,Caucasian,Prophylaxis,33,0
c.1702G>A,154185282,p.(Gly568Ser),Gly549Ser,Missense,Substitution,11,549,A2,Heavy chain,N,,,,X,Not reported,Not reported,,2005,145,,0,,0,Exon,Mid,0,,0f599b1e-fb3c-4a73-ada4-daffe033ecc5,18.6,Caucasian,On-Demand,86,0
c.1702G>T,154185282,p.(Gly568Cys),Gly549Cys,Missense,Substitution,11,549,A2,Heavy Chain,N,X,,,,Severe,No,,2012,233,,0,2,0,Exon,Mid,0,0,b2644941-8c65-4858-9f65-e5ce9c8cadad,2.5,Hispanic,On-Demand,1,0
c.1703delG,154185281,p.(Gly568Alafs*11),Gly549Alafs*11,Frameshift,Deletion,11,549,A2,Heavy chain,N,X,,,,Severe,Yes,,2013,240,,1,2,1,Exon,Mid,1,2,324d62da-92ee-4c1d-919b-1f6d6c600f88,10.8,Caucasian,Prophylaxis,103,0
c.1703G>A,154185281,p.(Gly568Asp),Gly549Asp,Missense,Substitution,11,549,A2,Heavy chain,N,X,,,,Severe,No,,2012,227,,0,2,0,Exon,Mid,0,0,985cf425-d552-469b-8005-27d985707c00,4.1,Caucasian,Prophylaxis,34,0
c.1703G>T,154185281,p.(Gly568Val),Gly549Val,Missense,Substitution,11,549,A2,Heavy chain,N,X,,,,Severe,Not reported,,0,0,,0,2,0,Exon,Mid,0,0,02006c4f-7e4e-4dc3-b65e-2d206328efab,3.2,Caucasian,Prophylaxis,42,0
c.1706C>G,154185278,p.(Pro569Arg),Pro550Arg,Missense,Substitution,11,550,A2,Heavy chain,N,X,,,,Severe,No,,2008,188,,0,2,0,Exon,Mid,0,0,217bb565-5afa-46a5-ac1c-b22f9cdee920,2.3,Asian,On-Demand,8,0
c.1709T>C,154185275,p.(Leu570Pro),Leu551Pro,Missense,Substitution,11,551,A2,Heavy chain,N,,,,X,Not reported,Not reported,,2021,332,X,0,,0,Exon,Mid,0,,66427aca-573b-4abb-bbf0-37306b262d6b,16.2,Caucasian,On-Demand,85,0
c.1711_1713del,154185271_154185473,p.(Leu571del),Leu552del,"Small structural change (in-frame, <50 bp)",Deletion,11,552,A2,Heavy chain,N,X,,,,Severe,Not reported,,2018,293,,0,2,0,Exon,Mid,5,10,759e0b73-7d93-489f-829b-2609fdebeb9c,3.1,Asian,Prophylaxis,37,0
c.1711C>T,154185273,p.(Leu571Phe),Leu552Phe,Missense,Substitution,11,552,A2,Heavy Chain,N,,,X,,Mild,Not reported,,2010,211,,0,0,0,Exon,Mid,0,0,95f89dfc-0931-4bac-90a3-637b85c24609,2,Other,On-Demand,1,0
c.1712T>C,154185272,p.(Leu571Pro),Leu552Pro,Missense,Substitution,11,552,A2,Heavy chain,N,,,,X,Not reported,Not reported,,2015,268,,0,,0,Exon,Mid,0,,cab06473-9c26-44b4-8edb-6c6735358d4f,22.5,Caucasian,On-Demand,126,0
c.1714A>T,154185270,p.(Ile572Phe),Ile553Phe,Missense,Substitution,11,553,A2,Heavy chain,N,,,X,,Mild,No,,2008,180,,0,0,0,Exon,Mid,0,0,311a7406-f0ad-4a58-af69-b5a68edd01d5,2.9,Asian,On-Demand,13,0
c.1715del,154185269,p.(Ile572Thrfs*7),Ile553Thrfs*7,Frameshift,Deletion,11,553,A2,Heavy chain,N,X,,,,Severe,Yes,,2020,320,X,1,2,1,Exon,Mid,1,2,4addcc2d-d52c-4703-a712-6e5d0000fb76,2.4,Hispanic,Prophylaxis,25,1
c.1717T>C,154185267,p.(Cys573Arg),Cys554Arg,Missense,Substitution,11,554,A2,Heavy chain,N,X,X,,,Moderate/Severe,Not reported,,2018,"293, 307",,0,,0,Exon,Mid,0,,7cf647e7-7c8c-4890-b2fa-1bb310a4a715,2,Caucasian,On-Demand,3,0
c.1717T>G,154185267,p.(Cys573Gly),Cys554Gly,Missense,Substitution,11,554,A2,Heavy chain,N,,X,,,Moderate,Not reported,,2021,339,X,0,1,0,Exon,Mid,0,0,ce610390-18e8-42fc-b8fe-2b5af4a81772,1,Caucasian,On-Demand,1,1
c.1718G>A,154185266,p.(Cys573Tyr),Cys554Tyr,Missense,Substitution,11,554,A2,Heavy chain,N,,X,,,Moderate,No,,2006,158,,0,1,0,Exon,Mid,0,0,da5b75fb-ac3d-4f0d-85d4-dffda090d8d4,2.2,Asian,Prophylaxis,19,0
c.1718G>T,154185266,p.(Cys573Phe),Cys554Phe,Missense,Substitution,11,554,A2,Heavy chain,N,,X,,,Moderate,Not reported,,2016,280,,0,1,0,Exon,Mid,0,0,77243584-35c4-44da-b727-81ebd9a46976,5.9,Caucasian,Prophylaxis,52,0
c.1719C>A,154185265,p.(Cys573*),Cys554*,Nonsense,Substitution,11,554,A2,Heavy chain,N,X,,,,Severe,Not reported,,2019,314,,0,2,1,Exon,Mid,4,8,ef5a6390-2a9e-44be-bb08-a16180c77142,8.1,Black,Prophylaxis,74,0
c.1722C>A,154185262,p.(Tyr574*),Tyr555*,Nonsense,Substitution,11,555,A2,Heavy Chain,N,,,,X,Not reported,Not reported,,2021,332,X,0,,1,Exon,Mid,4,,a362ca67-1d43-4f0a-b99e-c8a858498241,7.2,Caucasian,On-Demand,47,0
c.1726G>A,154185258,p.(Glu576Lys),Glu557Lys,Missense,Substitution,11,557,A2,Heavy chain,N,,,X,,Mild,No,,0,0,,0,0,0,Exon,Mid,0,0,f3adecae-55f0-4284-bfdd-b82c9cb44989,15.1,Black,On-Demand,78,1
c.1726G>T,154185258,p.(Glu576*),Glu557*,Nonsense,Substitution,11,557,A2,Heavy chain,N,X,,,,Moderate,Not reported,,1992,43,,0,1,1,Exon,Mid,4,4,1d04c982-849d-4415-84e2-2ee06ee90ff1,10,Other,Prophylaxis,94,0
c.1729T>C,154185255,p.(Ser577Pro),Ser558Pro,Missense,Substitution,11,558,A2,Heavy Chain,N,,,,,Severe,No,,2006,158,,0,2,0,Exon,Mid,0,0,772781c7-be05-463a-b64a-899beb128890,3.8,Asian,Prophylaxis,44,0
c.1730C>A,154185254,p.(Ser577Tyr),Ser558Tyr,Missense,Substitution,11,558,A2,Heavy chain,N,,X,,,Moderate,No,,2012,231,,0,1,0,Exon,Mid,0,0,527a9d5c-e741-41a8-8006-7877e0be5dcb,1.1,Asian,Prophylaxis,27,0
c.1730C>T,154185254,p.(Ser577Phe),Ser558Phe,Missense,Substitution,11,558,A2,Heavy chain,N,,,X,,Mild,Not reported,,1993,57,,0,0,0,Exon,Mid,0,0,e7115160-a614-45c7-96dd-a4b1fe3baf16,2,Hispanic,On-Demand,1,0
c.1733T>C,154185251,p.(Val578Ala),Val559Ala,Missense,Substitution,11,559,A2,Heavy chain,N,,,X,,Mild,No,,1998,87,,0,0,0,Exon,Mid,0,0,9061fc15-8918-4588-be4b-6f32479fa568,19.1,Asian,On-Demand,106,1
c.1735G>A,154185249,p.(Asp579Asn),Asp560Asn,Missense,Substitution,11,560,A2,Heavy chain,N,,,X,,Mild,No,,2012,231,,0,0,0,Exon,Mid,0,0,da827c40-4554-4428-a030-b5dfd6ef282f,14.6,Black,On-Demand,62,0
c.1735G>C,154185249,p.(Asp579His),Asp560His,Missense,Substitution,11,560,A2,Heavy chain,N,,,X,,Mild,Not reported,,2002,127,,0,0,0,Exon,Mid,0,0,f01f3daa-b0db-4176-84cb-ecfab67ece45,14.7,Black,On-Demand,93,0
c.1735G>T,154185249,p.(Asp579Tyr),Asp560Tyr,Missense,Substitution,11,560,A2,Heavy chain,N,,X,,,Moderate,Not reported,,2018,293,,0,1,0,Exon,Mid,0,0,03ee4d6b-71a0-4e67-b587-84bb1d1bb68f,4.5,Caucasian,Prophylaxis,32,0
c.1736A>C,154185248,p.(Asp579Ala),Asp560Ala,Missense,Substitution,11,560,A2,Heavy chain,N,,,X,,Mild,No,,2001,123,,0,0,0,Exon,Mid,0,0,2e9e470d-b2bc-43a5-88fa-a4d4f0f83056,14.9,Asian,On-Demand,67,0
c.1736A>G,154185248,p.(Asp579Gly),Asp560Gly,Missense,Substitution,11,560,A2,Heavy chain,N,,,X,,Mild,No,,2012,225,,0,0,0,Exon,Mid,0,0,635c92be-4078-4213-9dca-065cb73685f2,16.9,Black,On-Demand,92,0
c.1736A>T,154185248,p.(Asp579Val),Asp560Val,Missense,Substitution,11,560,A2,Heavy chain,N,,X,,,Moderate,Not reported,,2013,249,,0,1,0,Exon,Mid,0,0,e9448cf5-78cb-41d0-aa30-19e7f8df786c,12.3,Caucasian,Prophylaxis,144,0
c.1738C>T,154185246,p.(Gln580*),Gln561*,Nonsense,Substitution,11,561,A2,Heavy chain,N,X,,,,Severe,Not reported,,2008,"183, 185",,0,2,1,Exon,Mid,4,8,83346729-1e92-4d64-8c52-9897db735b52,3.3,Caucasian,Prophylaxis,35,0
c.1740_1741delAA,154185243_154185244,p.(Gly582Lysfs*17),Gly563Lys*17,Frameshift,Deletion,11,563,A2,Heavy chain,N,X,,,,Severe,Yes,,2022,348,X,1,2,1,Exon,Mid,1,2,604a3031-efb9-417f-b920-ceeeead33f8e,5.3,Caucasian,Prophylaxis,38,0
c.1744G>A,154185240,p.(Gly582Arg),Gly563Arg,Missense,Substitution,11,563,A2,Heavy Chain,N,X,,,,Severe,No,,2012,232,,0,2,0,Exon,Mid,0,0,0b9a2dd7-9947-4fc4-82e4-29eaed43df6d,5.9,Hispanic,On-Demand,45,0
c.1744G>T,154185240,p.(Gly582*),Gly563*,Nonsense,Substitution,11,563,A2,Heavy chain,N,X,,,,Severe,Not reported,,2021,333,X,0,2,1,Exon,Mid,4,8,cd59b56a-d861-4670-bbb0-4d08cb3a0fdb,2.5,Asian,Prophylaxis,26,1
c.1745G>A,154185239,p.(Gly582Glu),Gly563Glu,Missense,Substitution,11,563,A2,Heavy chain,N,,,,,Severe,No,,2006,158,,0,2,0,Exon,Mid,0,0,1ed7061f-8fad-44fd-8050-3af2beb7ada2,2.9,Caucasian,Prophylaxis,26,0
c.1745G>C,154185239,p.(Gly582Ala),Gly563Ala,Missense,Substitution,11,563,A2,Heavy chain,N,,,X,,Mild,No,,2007,161,,0,0,0,Exon,Mid,0,0,3e64c555-e301-44fe-a3a9-6458f4107c0a,24.7,Caucasian,On-Demand,127,0
c.1745G>T,154185239,p.(Gly582Val),Gly563Val,Missense,Substitution,11,563,A2,Heavy chain,N,,X,,,Moderate,No,,2014,"259, 260",,0,1,0,Exon,Mid,0,0,c17f5069-a7fa-4932-8edd-47effeceb6e6,3.5,Hispanic,Prophylaxis,52,0
c.1748A>C,154185236,p.(Asn583Thr),Asn564Thr,Missense,Substitution,11,564,A2,Heavy chain,N,,,X,,Mild,Not reported,,2013,245,,0,0,0,Exon,Mid,0,0,bf959d18-b246-47c6-8f23-613b30aefd76,14,Caucasian,On-Demand,73,1
c.1748A>G,154185236,p.(Asn583Ser),Asn564Ser,Missense,Substitution,11,564,A2,Heavy chain,N,,,X,,Mild,No,,2002,130,,0,0,0,Exon,Mid,0,0,5745b754-e65d-48c8-a159-195c31eedd62,10.3,Caucasian,On-Demand,43,0
c.1748delA,154185236,p.(Asn583Thrfs*3),Asn564Thrfs*3,Frameshift,Deletion,11,564,A2,Heavy chain,Y,X,,,,Severe,Not reported,,2008,"183, 186",,0,2,1,Exon,Mid,1,2,134daef1-f214-4076-9da3-4eacdb9fef7a,6,Asian,Prophylaxis,67,0
c.1750C>A,154185234,p.(Gln584Lys),Gln565Lys,Missense,Substitution,11,565,A2,Heavy chain,N,,,X,,Mild,No,,1991,"35, 41",,0,0,0,Exon,Mid,0,0,f3199836-6f8a-4abc-b980-c8170d1d55d7,9.4,Caucasian,On-Demand,62,0
c.1750C>T,154185234,p.(Gln584*),Gln565*,Nonsense,Substitution,11,565,A2,Heavy chain,N,X,,,,Severe,No,,2020,327,X,0,2,1,Exon,Mid,4,8,8890f222-1e99-4ce6-9a9b-479b92dcdc86,5.5,Caucasian,Prophylaxis,38,0
c.1750delC,154185234,p.(Gln584Argfs*2),Gln565Argfs*2,Frameshift,Deletion,11,565,A2,Heavy chain,N,,,,X,Severe,Not reported,,2001,118,,0,2,1,Exon,Mid,1,2,133fb2f7-2029-4394-a358-5674ba3cb0de,3.1,Caucasian,Prophylaxis,27,1
c.1751A>G,154185233,p.(Gln584Arg),Gln565Arg,Missense,Substitution,11,565,A2,Heavy chain,N,X,,X,,Mild/Severe,No,,1999,"0, 101",,0,,0,Exon,Mid,0,,6e884883-c305-4b84-badd-0264047bdb7e,17.4,Caucasian,On-Demand,87,0
c.1752G>A,154185232,p.(=),0,Synonymous,Substitution,11,565,A2,Heavy Chain,N,,,X,,Mild,Not reported,,2018,293,,0,0,0,Exon,Mid,2,0,3b6c318e-2a22-4dac-9c93-f9bade721f94,2,Hispanic,On-Demand,2,0
c.1752G>T,154185232,p.(Gln584His),Gln565His,Missense,Substitution,11,565,A2,Heavy chain,N,,,X,,Mild,Not reported,,2002,127,,0,0,0,Exon,Mid,0,0,b28dcb28-f47d-4d93-9a66-9e38f1c1fdd0,22.3,Asian,On-Demand,136,0
c.1754T>A,154182316,p.(Ile585Lys),Ile566Lys,Missense,Substitution,12,566,A2,Heavy chain,N,,,,X,Not reported,Not reported,,2019,309,,0,,0,Exon,Mid,0,,ed21f0a1-6735-45f0-bfa7-84eaf813e04f,15.5,Asian,On-Demand,82,0
c.1754T>C,154182316,p.(Ile585Thr),Ile566Thr,Missense,Substitution,12,566,A2,Heavy chain,N,X,,,,Severe,Not reported,New N-glycosylation site N564,1991,"41, 42",,0,2,0,Exon,Mid,0,0,00526a57-0231-41ff-80c7-0ff72ff7565c,2.8,Caucasian,On-Demand,12,0
c.1754T>G,154182316,p.(Ile585Arg),Ile566Arg,Missense,Substitution,12,566,A2,Heavy chain,N,,,,X,Moderate/Severe,No,,2000,105,,0,,0,Exon,Mid,0,,db859c15-59da-4076-8a45-22bf12e8a8e0,20.1,Caucasian,On-Demand,94,0
c.1756A>G,154182314,p.(Met586Val),Met567Val,Missense,Substitution,12,567,A2,Heavy chain,N,,,X,,Mild,No,,2001,116,,0,0,0,Exon,Mid,0,0,399fcfa0-43b9-4fb8-bbeb-d867c1c99733,2,Asian,On-Demand,4,0
c.1757T>A,154182313,p.(Met586Lys),Met567Lys,Missense,Substitution,12,567,A2,Heavy chain,N,,X,,,Moderate,Not reported,,2013,247,,0,1,0,Exon,Mid,0,0,080df634-e0ed-41ed-97f3-ea4d64c2911e,2.2,Hispanic,Prophylaxis,24,1
c.1758G>A,154182312,p.(Met586Ile),Met567Ile,Missense,Substitution,12,567,A2,Heavy chain,N,,,X,,Mild,Not reported,,2021,333,X,0,0,0,Exon,Mid,0,0,1a0b40e1-5233-4800-9c0b-798d817a50b5,16.4,Hispanic,On-Demand,78,1
c.1760C>A,154182310,p.(Ser587*),Ser568*,Nonsense,Substitution,12,568,A2,Heavy chain,N,,,,X,Severe,Not reported,,2001,118,,0,2,1,Exon,Mid,4,8,c99785ff-3c73-478a-894e-efaf983c5c53,2.3,Caucasian,Prophylaxis,21,0
c.1762_1777dup,154182293_154182308,p.(Ile593Argfs*12),Ile574Argfs*12,Frameshift,Duplication,12,574,A2,Heavy chain,N,X,,,,Severe,Not reported,,2014,256,,0,2,1,Exon,Mid,1,2,19fba60f-e5e4-45e5-9c45-a7f990356065,5.7,Asian,Prophylaxis,53,0
c.1762G>A,154182308,p.(Asp588Asn),Asp569Asn,Missense,Substitution,12,569,A2,Heavy chain,N,,X,,,Moderate,Not reported,,2013,249,,0,1,0,Exon,Mid,0,0,b5d35c5b-8633-4ba7-abb5-cca07a56f4c4,0.8,Caucasian,Prophylaxis,8,0
c.1762G>C,154182308,p.(Asp588His),Asp569His,Missense,Substitution,12,569,A2,Heavy chain,N,X,,,,Severe,No,,2012,225,,0,2,0,Exon,Mid,0,0,e0fb7941-6b23-4a0b-8f61-d12961fdeff3,1.8,Hispanic,On-Demand,12,1
c.1762G>T,154182308,p.(Asp588Tyr),Asp569Tyr,Missense,Substitution,12,569,A2,Heavy chain,N,,X,X,,Mild/Moderate,No,,2003,136,,0,,0,Exon,Mid,0,,95fcd7c7-6bfd-4ec3-af9e-60f6e7009787,10.7,Asian,On-Demand,50,0
c.1763A>G,154182307,p.(Asp588Gly),Asp569Gly,Missense,Substitution,12,569,A2,Heavy chain,N,X,,,,Severe,No,,1999,101,,0,2,0,Exon,Mid,0,0,f31840a1-6217-4fed-8aa5-a2d087810ddd,5.8,Caucasian,Prophylaxis,41,0
c.1763A>T,154182307,p.(Asp588Val),Asp569Val,Missense,Substitution,12,569,A2,Heavy chain,N,,X,,,Moderate,No,,2012,237,,0,1,0,Exon,Mid,0,0,0e5340d2-ad65-428f-8309-7237e8eadfe7,3,Caucasian,Prophylaxis,26,0
c.1764C>A,154182306,p.(Asp588Glu),Asp569Glu,Missense,Substitution,12,569,A2,Heavy chain,N,,,X,,Mild,Not reported,,2013,249,,0,0,0,Exon,Mid,0,0,a490e58f-ff98-4271-89bc-dcd07f064770,2,Caucasian,On-Demand,8,0
c.1764C>G,154182306,p.(Asp588Glu),Asp569Glu,Missense,Substitution,12,569,A2,Heavy chain,N,,X,,,Moderate,No,,2020,320,X,0,1,0,Exon,Mid,0,0,98c2f4a1-6fa8-4b1e-9596-f259925ca43b,3.9,Asian,Prophylaxis,44,0
c.1765A>T,154182305,p.(Lys589*),Lys570*,Nonsense,Substitution,12,570,A2,Heavy chain,N,X,,,,Severe,Not reported,,2021,333,X,0,2,1,Exon,Mid,4,8,4b1e19c5-31f4-4c72-94bc-8887cc478f70,9,Asian,Prophylaxis,90,0
c.1775delT,154182295,p.(Val592Alafs*68),Val573Alafs*68,Frameshift,Deletion,12,573,A2,Heavy chain,N,X,,,,Severe,No,,2014,255,,0,2,1,Exon,Mid,1,2,30c854b0-d525-46c7-aa02-b0ef20506e15,1.3,Caucasian,Prophylaxis,9,0
c.1778T>A,154182292,p.(Ile593Asn),Ile574Asn,Missense,Substitution,12,574,A2,Heavy Chain,N,X,,,,Severe,No,,2012,233,,0,2,0,Exon,Mid,0,0,d776183f-4f44-44ef-9545-e41b02cf2ed6,4.4,Caucasian,On-Demand,21,0
c.1778T>C,154182292,p.(Ile593Thr),Ile574Thr,Missense,Substitution,12,574,A2,Heavy chain,N,X,,,,Severe,Not reported,,2018,293,,0,2,0,Exon,Mid,0,0,ac11b516-058d-4d57-bf68-1a27dd1b90ea,1.6,Caucasian,Prophylaxis,21,1
c.1780delC,154182290,p.(Leu594Cysfs*66),Leu575Cysfs*66,Frameshift,Deletion,12,575,A2,Heavy chain,N,,X,,,Moderate,No,,2021,334,X,0,1,1,Exon,Mid,1,1,a82e0f21-e697-496e-98c9-cc9763337545,3,Caucasian,Prophylaxis,30,0
c.1781T>A,154182289,p.(Leu594Gln),Leu575Gln,Missense,Substitution,12,575,A2,Heavy chain,N,,,X,,Mild,No,,2002,130,,0,0,0,Exon,Mid,0,0,81773213-9304-47d2-a84b-913f4216f571,20.2,Hispanic,Prophylaxis,194,0
c.1781T>C,154182289,p.(Leu594Pro),Leu575Pro,Missense,Substitution,12,575,A2,Heavy chain,N,X,,,,Severe,Yes,,2013,248,,1,2,0,Exon,Mid,0,0,fac2c931-66dc-4b1c-9775-1709701c3772,12,Caucasian,Prophylaxis,116,0
c.1783_1790del,154182280_154182287,p.(Phe595Ilefs*2),Phe576Ilefs*2,Frameshift,Deletion,12,576,A2,Heavy chain,N,X,,,,Severe,Not reported,,2008,181,,0,2,1,Exon,Mid,1,2,73d3b1ab-1444-4902-b9c9-61abe880c589,4.3,Hispanic,Prophylaxis,28,1
c.1784T>G,154182286,p.(Phe595Cys),Phe576Cys,Missense,Substitution,12,576,A2,Heavy chain,N,,,X,,Mild,Yes,,2018,304,,1,0,0,Exon,Mid,0,0,f5c9fb96-758d-4cfd-8099-f8c6fa28b88b,18.6,Caucasian,On-Demand,80,0
c.1786delT,154182284,p.(Ser596Leufs*64),Ser577Leufs*64,Frameshift,Deletion,12,577,A2,Heavy chain,N,X,,,,Severe,Not reported,,2021,333,X,0,2,1,Exon,Mid,1,2,06dae469-8c04-4e0f-8b0b-7f8c39f61dfd,2.4,Asian,Prophylaxis,22,0
c.1786T>C,154182284,p.(Ser596Pro),Ser577Pro,Missense,Substitution,12,577,A2,Heavy chain,N,,,,X,Not reported,Not reported,,1991,41,,0,,0,Exon,Mid,0,,2e3976fd-5570-46bd-8a32-d7e635fffd6c,20.9,Caucasian,On-Demand,101,0
c.1787C>T,154182283,p.(Ser596Phe),Ser577Phe,Missense,Substitution,12,577,A2,Heavy chain,N,,,,X,Not reported,Not reported,,2020,320,X,0,,0,Exon,Mid,0,,75fafe8b-f104-4696-8ae8-858a42ea0797,2,Caucasian,On-Demand,7,0
c.1795G>C,154182275,p.(Asp599His),Asp580His,Missense,Substitution,12,580,A2,Heavy chain,N,X,,,,Severe,No,,0,0,,0,2,0,Exon,Mid,0,0,fbe9c1f1-34a2-4a8a-83eb-874151f92664,3.6,Black,Prophylaxis,38,0
c.1796A>G,154182274,p.(Asp599Gly),Asp580Gly,Missense,Substitution,12,580,A2,Heavy chain,N,X,,,,Severe,No,,2016,282,,0,2,0,Exon,Mid,0,0,196c486f-9649-4dd4-9e50-23d3b9d221cc,3.3,Caucasian,Prophylaxis,9,0
c.1796A>T,154182274,p.(Asp599Val),Asp580Val,Missense,Substitution,12,580,A2,Heavy Chain,N,X,,,,Severe,Not reported,,2010,211,,0,2,0,Exon,Mid,0,0,3e16bafa-1e30-45a0-9b9b-3cbd51599a75,3,Caucasian,On-Demand,26,0
c.1798G>A,154182272,p.(Glu600Lys),Glu581Lys,Missense,Substitution,12,581,A2,Heavy Chain,N,X,,,,Severe,No,,2012,233,,0,2,0,Exon,Mid,0,0,b45449ad-32bf-4e0b-8111-1b761c482220,9.1,Asian,Prophylaxis,66,0
c.1798G>C,154182272,p.(Glu600Gln),Glu581Gln,Missense,Substitution,12,581,A2,Heavy chain,N,X,,,,Severe,No,,2012,231,,0,2,0,Exon,Mid,0,0,b26e65bb-ab4e-4add-b4e4-927e2a0e3779,5.9,Asian,Prophylaxis,59,0
c.1798G>T,154182272,p.(Glu600*),Glu581*,Nonsense,Substitution,12,581,A2,Heavy chain,N,X,,,,Severe,No,,1999,101,,0,2,1,Exon,Mid,4,8,ff08f1d9-7747-435d-94b7-bae8397c8710,4.6,Asian,On-Demand,17,0
c.1801A>C,154182269,p.(Asn601His),Asn582His,Missense,Substitution,12,582,A2,Heavy Chain,N,,X,,,Moderate,No,,2012,232,,0,1,0,Exon,Mid,0,0,9f5dcc0a-52c7-4641-b81c-55ab1e4e60ce,1.1,Caucasian,Prophylaxis,8,0
c.1801A>G,154182269,p.(Asn601Asp),Asn582Asp,Missense,Substitution,12,582,A2,Heavy chain,N,X,,,,Severe,No,,1999,101,,0,2,0,Exon,Mid,0,0,2fb2f895-fc37-4acf-a487-9f699c17a378,3.5,Asian,Prophylaxis,36,0
c.1802A>C,154182268,p.(Asn601Thr),Asn582Thr,Missense,Substitution,12,582,A2,Heavy Chain,N,,,X,,Mild,Not reported,,2016,280,,0,0,0,Exon,Mid,0,0,ffca8381-b356-4136-9168-b1296f645165,10.8,Other,On-Demand,60,0
c.1803C>A,154182267,p.(Asn601Lys),Asn582Lys,Missense,Substitution,12,582,A2,Heavy chain,N,,X,,,Moderate,Not reported,,2018,293,,0,1,0,Exon,Mid,0,0,481f53fa-d10a-4a88-b5aa-39bbdcc23524,1.7,Black,Prophylaxis,1,0
c.1803C>G,154182267,p.(Asn601Lys),Asn582Lys,Missense,Substitution,12,582,A2,Heavy chain,N,,X,,,Moderate,No,,1999,101,,0,1,0,Exon,Mid,0,0,9e88d56f-29a7-4f2e-88f8-bd80952496b4,3,Asian,Prophylaxis,21,0
c.1804C>G,154182266,p.(Arg602Gly),Arg583Gly,Missense,Substitution,12,583,A2,Heavy chain,N,,,X,,Mild,No,,1999,"0, 101",,0,0,0,Exon,Mid,0,0,3e22bad3-99df-4bcc-98bf-633728a32eb1,21.3,Caucasian,On-Demand,84,0
c.1804C>T,154182266,p.(Arg602*),Arg583*,Nonsense,Substitution,12,583,A2,Heavy chain,N,X,,,,Severe,No,,1990,33,,0,2,1,Exon,Mid,4,8,5fc69bcf-9e48-44e5-8f15-261b0c418098,2.7,Caucasian,Prophylaxis,23,0
c.1806_1807dupAA,,p.(Ser603Lysfs*58),Ser584Lysfs*58,Frameshift,Duplication,12,584,A2,Heavy chain,N,X,,,,Severe,Yes,,2022,348,X,1,2,1,Exon,Mid,1,2,0c8c4ce0-ae81-4e68-8f43-a361e3301142,1,Caucasian,On-Demand,1,0
c.1807A>T,154182263,p.(Ser603Cys),Ser584Cys,Missense,Substitution,12,584,A2,Heavy chain,N,X,,,,Severe,No,,2012,231,,0,2,0,Exon,Mid,0,0,104506df-1d46-4262-8fa3-a3a89ecf4322,2.3,Caucasian,Prophylaxis,26,0
c.1808G>A,154182262,p.(Ser603Asn),Ser584Asn,Missense,Substitution,12,584,A2,Heavy chain,N,,X,,,Moderate,No,,2020,320,X,0,1,0,Exon,Mid,0,0,9003cf4c-0a85-483e-8a2e-764e25e0ec50,2,Asian,Prophylaxis,11,0
c.1808G>C,154182262,p.(Ser603Thr),Ser584Thr,Missense,Substitution,12,584,A2,Heavy chain,N,X,,,,Severe,No,,2008,180,,0,2,0,Exon,Mid,0,0,38380442-a47a-4d80-a059-3d0a3ed30c02,4.7,Caucasian,Prophylaxis,32,0
c.1808G>T,154182262,p.(Ser603Ile),Ser584Ile,Missense,Substitution,12,584,A2,Heavy chain,N,,,,X,Not reported,Not reported,Loss N-glycosylation site N582,1991,41,,0,,0,Exon,Mid,0,,c8b723ac-b9df-445a-985b-75f6f6184682,31.7,Caucasian,On-Demand,165,0
c.1809C>G,154182261,p.(Ser603Arg),Ser584Arg,Missense,Substitution,12,584,A2,Heavy chain,N,X,,,,Severe,No,Loss N-glycosylation site N582,1998,87,,0,2,0,Exon,Mid,0,0,fd6b8293-11b9-4b75-8ace-e8c39bd7dfcc,3.3,Caucasian,Prophylaxis,44,0
c.1810T>C,154182260,p.(Trp604Arg),Trp585Arg,Missense,Substitution,12,585,A2,Heavy chain,N,X,,,,Severe,Not reported,,2008,"183, 186",,0,2,0,Exon,Mid,0,0,c25c8d45-cb4f-48ca-a698-d9c8b39ae1fd,9.8,Caucasian,On-Demand,24,0
c.1811G>A,154182259,p.(Trp604*),Trp585*,Nonsense,Substitution,12,585,A2,Heavy chain,N,X,,,,Severe,Not reported,,2008,"183, 186",,0,2,1,Exon,Mid,4,8,f6ed6f1e-8f7e-48c9-bc22-933c085382c9,4.7,Caucasian,On-Demand,3,0
c.1811G>T,154182259,p.(Trp604Leu),Trp585Leu,Missense,Substitution,12,585,A2,Heavy chain,N,,X,,,Moderate,No,,2013,239,,0,1,0,Exon,Mid,0,0,176b2721-6e38-4d7d-bdcb-e23b699764ed,2.4,Other,Prophylaxis,16,0
c.1812delG,154182258,p.(Trp604Cysfs*56),Trp585Cysfs*56,Frameshift,Deletion,12,585,A2,Heavy chain,N,X,,,,Severe,Not reported,,2018,293,,0,2,1,Exon,Mid,1,2,c73d6645-f371-43a4-a292-10b659e72397,10.8,Asian,Prophylaxis,91,0
c.1812G>C,154182258,p.(Trp604Cys),Trp585Cys,Missense,Substitution,12,585,A2,Heavy chain,N,X,,,,Severe,No,,1993,56,,0,2,0,Exon,Mid,0,0,2a6d5616-3354-4643-a655-60d7ccb9b776,1.8,Asian,Prophylaxis,14,0
c.1812G>T,154182258,p.(Trp604Cys),Trp585Cys,Missense,Substitution,12,585,A2,Heavy Chain,N,X,,,,Severe,No,,2012,232,,0,2,0,Exon,Mid,0,0,4fe36ef1-cd20-4465-9ed3-f6fcea2a8d73,5.3,Hispanic,Prophylaxis,54,0
c.1813T>C,154182257,p.(Tyr605His),Tyr586His,Missense,Substitution,12,586,A2,Heavy chain,N,,,X,,Mild,No,,1999,101,,0,0,0,Exon,Mid,0,0,a56a144f-6910-4368-bd27-f93dab73e348,4.4,Black,On-Demand,28,1
c.1814A>C,154182256,p.(Tyr605Ser),Tyr586Ser,Missense,Substitution,12,586,A2,Heavy chain,N,X,,,,Severe,No,,1993,56,,0,2,0,Exon,Mid,0,0,77928844-aeb6-4d6e-b202-37467237bbc5,4.3,Caucasian,Prophylaxis,54,0
c.1814A>G,154182256,p.(Tyr605Cys),Tyr586Cys,Missense,Substitution,12,586,A2,Heavy Chain,N,X,,,,Severe,No,,2008,"180, 183, 186",,0,2,0,Exon,Mid,0,0,6886e2d9-59da-4f59-a939-88eabe8cbfb4,5,Asian,Prophylaxis,51,0
c.1815C>A,154182255,p.(Tyr605*),Tyr586*,Nonsense,Substitution,12,586,A2,Heavy chain,N,X,,,,Severe,No,,0,0,,0,2,1,Exon,Mid,4,8,46fd57cd-e873-4e54-8050-f1e6e2715ba2,0.7,Asian,Prophylaxis,19,0
c.1815C>G,154182255,p.(Tyr605*),Tyr586*,Nonsense,Substitution,12,586,A2,Heavy chain,N,X,,,,Severe,No,,2012,231,,0,2,1,Exon,Mid,4,8,e3e1cbe5-dbef-4974-8d61-fb5741a593b7,13.6,Black,Prophylaxis,136,0
c.1820_1821del,154182249_154182250,p.(Thr607Argfs*16),Thr588Argfs*16,Frameshift,Deletion,12,588,A2,Heavy chain,N,X,,,,Severe,No,,0,0,,0,2,1,Exon,Mid,1,2,67d66fd6-c152-4c28-98b3-73adfdac552b,1.2,Caucasian,Prophylaxis,1,0
c.1823_1835del,154182235_154182247,p.(Glu608Alafs*48),Glu589Alafs*48,Frameshift,Deletion,12,589,A2,Heavy chain,N,X,,,,Severe,No,,2011,218,,0,2,1,Exon,Mid,1,2,792dd7bd-133e-4134-a53b-8773702e2726,1.3,Black,On-Demand,1,0
c.1825A>G,154182245,p.(Asn609Asp),Asn590Asp,Missense,Substitution,12,590,A2,Heavy Chain,N,,,X,,Mild,Not reported,,2010,211,,0,0,0,Exon,Mid,0,0,4a928b5c-c512-4cb3-802b-c785277e6024,23.1,Caucasian,On-Demand,132,0
c.1825A>T,154182245,p.(Asn609Tyr),Asn590Tyr,Missense,Substitution,12,590,A2,Heavy Chain,N,X,,,,Severe,No,,2012,233,,0,2,0,Exon,Mid,0,0,30afccf7-e684-464b-a45a-8682ffc1e211,1.9,Black,Prophylaxis,51,0
c.1826A>T,154182244,p.(Asn609Ile),Asn590Ile,Missense,Substitution,12,590,A2,Heavy chain,N,,X,,,Moderate/Severe,No,,2002,"0, 130",,0,,0,Exon,Mid,0,,d9afb029-bbfb-42be-a1e3-4da65784682e,24,Asian,On-Demand,123,0
c.1827T>A,154182243,p.(Asn609Lys),Asn590Lys,Missense,Substitution,12,590,A2,Heavy Chain,N,X,,,,Severe,Not reported,,2012,224,,0,2,0,Exon,Mid,0,0,3444c09d-50b2-4835-bda5-1584a924ab71,2.5,Caucasian,Prophylaxis,31,0
c.1831C>T,154182239,p.(Gln611*),Gln592*,Nonsense,Substitution,12,592,A2,Heavy chain,N,X,,,,Severe,No,,1997,82,,0,2,1,Exon,Mid,4,8,228a0d31-e090-48a4-be38-e6f5a9495224,0.8,Hispanic,Prophylaxis,24,0
c.1832_1834del,154182236_154182238,p.(Gln611del),Gln592del,"Small structural change (in-frame, <50 bp)",Deletion,12,592,A2,Heavy chain,N,,,X,,Mild,No,,2012,231,,0,0,0,Exon,Mid,5,0,826f177d-f592-4e29-89e8-3fef98d1f2ab,21.2,Asian,On-Demand,106,0
c.1834C>T,154182236,p.(Arg612Cys),Arg593Cys,Missense,Substitution,12,593,A2,Heavy chain,N,,,,X,Mild/Moderate,Not reported,1 stage-2 stage assay discrepancy,1991,"36, 41",,0,,0,Exon,Mid,0,,0eb321be-41b2-47dc-b555-10963a1520c8,4.6,Caucasian,On-Demand,15,0
c.1835G>C,154182235,p.(Arg612Pro),Arg593Pro,Missense,Substitution,12,593,A2,Heavy chain,N,X,,,,Severe,No,,2009,195,,0,2,0,Exon,Mid,0,0,b12146ed-46e3-4cda-8a00-4afcb5fedddf,3.9,Asian,On-Demand,9,1
c.1838_1841delinsGTGTATATTCC,154182229_154182232,p.(Phe613Cysfs*13),Phe594Cysfs*13,Frameshift,Deletion/Insertion,12,594,A2,Heavy Chain,N,X,,,,Severe,No,,2012,233,,0,2,1,Exon,Mid,1,2,de0c40e7-bc1c-4796-b639-6043b5f8cae7,5.4,Caucasian,Prophylaxis,58,0
c.1841T>G,154182229,p.(Leu614Arg),Leu595Arg,Missense,Substitution,12,595,A2,Heavy chain,N,,,X,,Mild,Not reported,,2018,293,,0,0,0,Exon,Mid,0,0,8083147c-c1fc-40af-bf97-8adce4a67fb3,3.3,Caucasian,On-Demand,2,0
c.1844_1861del,154182209_15418226del,p.(Pro615_Val620del),Pro596_Val601del,"Small structural change (in-frame, <50 bp)",Deletion,12,596,A2,Heavy Chain,N,,,,X,Not reported,Not reported,,2019,309,,0,,0,Exon,Mid,5,,d4be0dc4-4afd-4a88-9b73-5d0ff6bd7682,9.2,Hispanic,On-Demand,45,0
c.1845delC,154182225,p.(Asn616Ilefs*44),Asn597Ilefs*44,Frameshift,Deletion,12,597,A2,Heavy chain,N,X,,,,Severe,Not reported,,2008,"183, 186",,0,2,1,Exon,Mid,1,2,e2265b1f-4590-4ff7-b613-3ec488ec6597,5.1,Hispanic,Prophylaxis,72,0
c.1847A>G,154182223,p.(Asn616Ser),Asn597Ser,Missense,Substitution,12,597,A2,Heavy chain,N,,X,,,Moderate,No,,2018,300,,0,1,0,Exon,Mid,0,0,a352f173-ea1e-4d8f-9e9e-67454d30de18,4.4,Caucasian,Prophylaxis,68,1
c.1858G>A,154182212,p.(Val620Met),Val601Met,Missense,Substitution,12,601,A2,Heavy Chain,N,,,X,,Mild,No,,2012,234,,0,0,0,Exon,Mid,0,0,cb1ec773-f325-421e-af87-e469cbf26c1f,12.2,Asian,On-Demand,59,0
c.1861_1865dup,154182205_154182209,p.(Leu622Profs*3),Leu603Profs*3,Frameshift,Duplication,12,603,A2,Heavy chain,N,X,,,,Severe,Yes,,2012,227,,1,2,1,Exon,Mid,1,2,4376e8bd-7785-432a-9c7d-471534ba0213,3.1,Caucasian,Prophylaxis,23,0
c.1861C>T,154182209,p.(Gln621*),Gln602*,Nonsense,Substitution,12,602,A2,Heavy chain,N,X,,,,Severe,No,,1998,89,,0,2,1,Exon,Mid,4,8,9c4b5855-7f1e-4354-b2fc-dbf16f21bb99,0.9,Asian,Prophylaxis,2,0
c.1861delC,154182209,p.(Gln621Serfs*39),Gln602Serfs*39,Frameshift,Deletion,12,602,A2,Heavy chain,N,X,,,,Severe,No,,0,0,,0,2,1,Exon,Mid,1,2,51304d6a-6de1-4f71-bde4-ef9b4bfae8ea,1.8,Black,Prophylaxis,23,0
c.1871A>T,154182199,p.(Asp624Val),Asp605Val,Missense,Substitution,12,605,A2,Heavy chain,N,,,X,,Mild,No,,2010,203,,0,0,0,Exon,Mid,0,0,a98d061b-1d77-420d-b552-cc3a70a38cf8,22.3,Caucasian,On-Demand,133,0
c.1874_1875del,154182195_154182196,p.(Pro625Argfs*17),Pro606Argfs*17,Frameshift,Deletion,12,606,A2,Heavy chain,N,X,,,,Severe,Not reported,,2008,"183, 186",,0,2,1,Exon,Mid,1,2,fe2ac4f9-437c-436c-afd8-472390ac0982,3,Asian,Prophylaxis,16,0
c.1880T>G,154182190,p.(Phe627Cys),Phe608Cys,Missense,Substitution,12,608,A2,Heavy chain,N,X,,,,Severe,Not reported,,2013,249,,0,2,0,Exon,Mid,0,0,f4b273bf-9ecf-4b94-92dd-d2a93a53ca23,2.1,Hispanic,Prophylaxis,24,0
c.1882C>T,154182188,p.(Gln628*),Gln609*,Nonsense,Substitution,12,609,A2,Heavy Chain,N,X,,,,Severe,No,,2008,182,,0,2,1,Exon,Mid,4,8,19ef9a01-8623-4a0b-a053-6f1c9e8739e8,9.4,Asian,Prophylaxis,94,0
c.1891A>G,154182179,p.(Asn631Asp),Asn612Asp,Missense,Substitution,12,612,A2,Heavy chain,N,X,,,,Severe,No,,2009,198,,0,2,0,Exon,Mid,0,0,585c55d9-e017-41ae-96da-3d75a07c8f2b,6.1,Caucasian,Prophylaxis,52,0
c.1892A>G,154182178,p.(Asn631Ser),Asn612Ser,Missense,Substitution,12,612,A2,Heavy chain,N,,,,X,Not reported,Not reported,,1991,41,,0,,0,Exon,Mid,0,,4cd88b80-53b9-40d4-84a9-41e9cb33e4ae,26,Asian,Prophylaxis,256,1
c.1892A>T,154182178,p.(Asn631Ile),Asn612Ile,Missense,Substitution,12,612,A2,Heavy chain,N,X,,,,Severe,Not reported,,2008,173,,0,2,0,Exon,Mid,0,0,fc9c830f-dcad-47cc-a9d5-8acea8ea4c9a,5.4,Caucasian,Prophylaxis,43,1
c.1893C>A,154182177,p.(Asn631Lys),Asn612Lys,Missense,Substitution,12,612,A2,Heavy chain,N,X,,,,Severe,Not reported,,1998,88,,0,2,0,Exon,Mid,0,0,a43dc926-268a-44a2-887f-42bc190d9ea2,8.5,Caucasian,Prophylaxis,80,0
c.1893C>G,154182177,p.(Asn631Lys),Asn612Lys,Missense,Substitution,12,612,A2,Heavy chain,N,X,,,,Severe,No,,2021,330,X,0,2,0,Exon,Mid,0,0,3870c511-bf76-466f-bfe0-ee62bc15eede,3.5,Caucasian,Prophylaxis,22,0
c.1894_1896dup,154182174_154182176,p.(Ile632dup),Ile613dup,"Small structural change (in-frame, <50 bp)",Duplication,12,613,A2,Heavy chain,N,X,,,,Severe,No,,0,0,,0,2,0,Exon,Mid,5,10,ce8ecaa5-9dfa-469a-9f35-cdacdd5c6a05,2.4,Other,Prophylaxis,22,0
c.1894delA,154182176,p.(Ile632Serfs*28),Ile613Serfs*28,Frameshift,Deletion,12,613,A2,Heavy Chain,N,,,,X,Not reported,Not reported,,2019,312,,0,,1,Exon,Mid,1,,22fe20ae-3fe0-44f3-8946-4d8d057912fe,22.7,Hispanic,On-Demand,111,0
c.1896_1898del,154182172_154182175,p.(Ile632del),Ile613del,"Small structural change (in-frame, <50 bp)",Deletion,12,613,A2,Heavy Chain,N,X,,,,Severe,Not reported,,2018,293,,0,2,0,Exon,Mid,5,10,6d9f6830-89e4-4193-83ee-1ef59c930b5d,2.1,Hispanic,Prophylaxis,23,0
c.1897A>G,154182173,p.(Met633Val),Met614Val,Missense,Substitution,12,614,A2,Heavy chain,N,,,X,,Mild,Not reported,,2008,"183, 186",,0,0,0,Exon,Mid,0,0,493372b8-9b4d-418e-8234-00973b18ab04,7.8,Caucasian,On-Demand,40,0
c.1898T>C,154182172,p.(Met633Thr),Met614Thr,Missense,Substitution,12,614,A2,Heavy Chain,N,,,X,,Mild,No,1 stage-2 stage assay discrepancy,2012,233,,0,0,0,Exon,Mid,0,0,e00bde97-0bcf-4bb7-9de9-bba2c7287906,7.7,Caucasian,On-Demand,61,0
c.1898T>G,154182172,p.(Met633Arg),Met614Arg,Missense,Substitution,12,614,A2,Heavy chain,N,,, X,,Mild,No,,2012,231,,0,0,0,Exon,Mid,0,0,d75a0d89-981a-43fa-8281-516d7d57e9fb,6.4,Asian,On-Demand,22,0
c.1899G>T,154182171,p.(Met633Ile),Met614Ile,Missense,Substitution,12,614,A2,Heavy chain,N,,,X,,Mild,No,,1998,87,,0,0,0,Exon,Mid,0,0,fc896ac2-d798-48c9-bb7c-a026c2bda16e,19.5,Caucasian,On-Demand,105,0
c.1901A>G,154182169,p.(His634Arg),His615Arg,Missense,Substitution,12,615,A2,Heavy chain,N,,,X,,Mild,Not reported,,2022,347,X,0,0,0,Exon,Mid,0,0,e7aff768-e075-48bb-aa6e-0ba380e2a923,6.6,Caucasian,On-Demand,37,0
c.1215_1217del,154176069_154176071,p.(Phe672del),Phe653del,"Small structural change (in-frame, <50 bp)",Deletion,13,653,A2,Heavy chain,N,X,,,,Severe,No,,2021,330,X,0,2,0,Exon,Mid,5,10,18010edd-10c1-48d2-9823-f831d827b313,1.6,Caucasian,Prophylaxis,1,0
c.1904-?_2113+?del,154175973_154176182,,,Large structural change (>50 bp),Deletion,13,,A2,single domain,N,X,,,,Severe,Not reported,,2007,"0, 165",,0,2,0,Exon,Mid,3,6,cd84aef3-b035-461a-9097-138864319b0a,6.5,Caucasian,Prophylaxis,54,0
c.1904-?_2113+?dup,154175973_154176182,,,Large structural change (>50 bp),Duplication,13,,A2,single domain,N,,,X,,Mild,No,,1990,"26, 31",,0,0,0,Exon,Mid,3,0,5951f6d8-9b58-4c05-ba69-329dbaa7b8b1,23.3,Hispanic,Prophylaxis,243,0
c.1904G>A,154176182,p.(Ser635Asn),Ser616Asn,Missense,Substitution,13,616,A2,Heavy chain,N,,,X,,Mild,No,,2002,130,,0,0,0,Exon,Mid,0,0,9ba3542a-43fa-4074-83c2-da9055c27a04,9.3,Hispanic,On-Demand,25,0
c.1907T>G,154176179,p.(Ile636Ser),Ile617Ser,Missense,Substitution,13,617,A2,Heavy chain,N,X,,,,Severe,No,,2012,231,,0,2,0,Exon,Mid,0,0,f716082e-1109-4532-bfe1-fc903e3613e6,3.5,Asian,Prophylaxis,31,0
c.1909A>C,154176177,p.(Asn637His),Asn618His,Missense,Substitution,13,618,A2,Heavy chain,N,X,,,,Severe,No,,2014,258,,0,2,0,Exon,Mid,0,0,bed4dc6e-9353-4f09-bb92-24d7e7d0c21f,1.3,Caucasian,On-Demand,1,0
c.1909A>G,154176177,p.(Asn637Asp),Asn618Asp,Missense,Substitution,13,618,A2,Heavy chain,N,,X,,,Moderate,No,,1995,66,,0,1,0,Exon,Mid,0,0,84b600f4-fd11-4852-9ded-76880c4862ec,2.5,Caucasian,On-Demand,5,0
c.1910A>G,154176176,p.(Asn637Ser),Asn618Ser,Missense,Substitution,13,618,A2,Heavy chain,N,X,,X,,Mild/Severe,Yes,,2000,108,,1,,0,Exon,Mid,0,,940d6b0a-91b2-4317-83b7-88bc9e97634d,11.6,Caucasian,On-Demand,56,0
c.1910A>T,154176176,p.(Asn637Ile),Asn618Ile,Missense,Substitution,13,618,A2,Heavy chain,N,,X,,,Moderate,No,,2008,188,,0,1,0,Exon,Mid,0,0,07988e9d-7b08-4233-be99-8151d411910e,2,Caucasian,On-Demand,11,0
c.1912G>A,154176174,p.(Gly638Ser),Gly619Ser,Missense,Substitution,13,619,A2,Heavy chain,N,X,,,,Severe,No,,0,0,,0,2,0,Exon,Mid,0,0,6cde3d0f-34f7-451f-b7a3-27871e16b6ce,6.6,Hispanic,Prophylaxis,77,0
c.1912G>T,154176174,p.(Gly638Cys),Gly619Cys,Missense,Substitution,13,619,A2,Heavy chain,N,,,,X,Not reported,Not reported,,2019,309,,0,,0,Exon,Mid,0,,57db636a-7df1-4f5c-8593-e31045c21e78,13.5,Hispanic,On-Demand,54,0
c.1913G>A,154176173,p.(Gly638Asp),Gly619Asp,Missense,Substitution,13,619,A2,Heavy chain,N,X,,,,Severe,Not reported,,2008,"183, 186",,0,2,0,Exon,Mid,0,0,c5ea0aeb-67a3-43e4-83ee-36d612b4c82d,2.9,Hispanic,Prophylaxis,19,0
c.1913G>T,154176173,p.(Gly638Val),Gly619Val,Missense,Substitution,13,619,A2,Heavy Chain,N,,,,X,Not reported,Not reported,,2010,206,,0,,0,Exon,Mid,0,,71fcd7a9-2caa-4923-b64c-e2ae6a6e99c9,30.3,Black,On-Demand,150,0
c.1916A>G,154176170,p.(Tyr639Cys),Tyr620Cys,Missense,Substitution,13,620,A2,Heavy chain,N,,X,,,Moderate,No,,1997,83,,0,1,0,Exon,Mid,0,0,3eff2ba6-f9d2-450e-a8ec-4154c63edfce,2.2,Black,Prophylaxis,32,0
c.1917T>A,154176169,p.(Tyr639*),Tyr620*,Nonsense,Substitution,13,620,A2,Heavy chain,N,,,,,Severe,No,,2006,158,,0,2,1,Exon,Mid,4,8,6178e6a1-fa78-4fa6-9947-724208e35457,1.8,Caucasian,Prophylaxis,3,0
c.1918delG,154176168,p.(Val640Phefs*20),Val621Phefs*20,Frameshift,Deletion,13,621,A2,Heavy chain,N,X,,,,Severe,Not reported,,2014,256,,0,2,1,Exon,Mid,1,2,1fca8551-882c-4979-84f5-5f61d6ccfd59,2.7,Caucasian,Prophylaxis,21,0
c.1918G>T,154176168,p.(Val640Phe),Val621Phe,Missense,Substitution,13,621,A2,Heavy chain,N,,X,,,Moderate,Not reported,,0,0,,0,1,0,Exon,Mid,0,0,49be4f03-7d56-4ebb-bb27-d22ae5b5d3e6,1.7,Asian,Prophylaxis,39,0
c.1921T>G,154176165,p.(Phe641Val),Phe622Val,Missense,Substitution,13,622,A2,Heavy chain,N,X,,,,Severe,No,,2020,324,X,0,2,0,Exon,Mid,0,0,2791fd34-02b3-4c21-b58a-e9b6bf0aec06,11.4,Asian,Prophylaxis,113,0
c.1922_1945del,154176141_154176164,p.(Phe641_Val648del),Phe622_Val629del,"Small structural change (in-frame, <50 bp)",Deletion,13,622-629,A2,single domain,N,X,,,,Severe,No,,1999,101,,0,2,0,Exon,Mid,5,10,107d4969-0398-4ef2-9145-4dd787ee4f94,2.4,Caucasian,Prophylaxis,19,0
c.1922_1946del,154176140_154176164,p.(Asp642Cysfs*10),Asp623Cysfs*10,Frameshift,Deletion,13,623,A2,Heavy chain,N,X,,,,Severe,No,,2008,180,,0,2,1,Exon,Mid,1,2,6f02e3b0-a64e-4dcc-9d48-7380ca4f2624,1.5,Caucasian,Prophylaxis,12,0
c.1922T>C,154176164,p.(Phe641Ser),Phe622Ser,Missense,Substitution,13,622,A2,Heavy chain,N,,,X,,Mild,No,,2008,180,,0,0,0,Exon,Mid,0,0,0487bdd8-5024-47c4-b208-a663e7c0db5a,28.7,Hispanic,On-Demand,126,0
c.1923_1924delinsA,154176162_154176163,p.(Phe641Leufs*19),Phe622Leufs*19,Frameshift,Deletion/Insertion,13,622,A2,Heavy chain,N,X,,,,Severe,Not reported,,0,0,,0,2,1,Exon,Mid,1,2,4439bda1-1c32-43c1-936e-90c650e6a16a,3.7,Caucasian,Prophylaxis,32,0
c.1925_1928del,154176158_154176161,p.(Asp642Valfs*17),Asp623Valfs*17,Frameshift,Deletion,13,623,A2,Heavy chain,N,X,,,,Severe,Yes,,2013,249,,1,2,1,Exon,Mid,1,2,1182cb83-abf9-441c-ad97-a2530c8864c2,8.4,Caucasian,Prophylaxis,91,0
c.1926delT,154176160,p.(Asp642Glufs*18),Asp623Glufs*18,Frameshift,Deletion,13,623,A2,Heavy Chain,N,X,,,,Severe,No,,2012,233,,0,2,1,Exon,Mid,1,2,1bfd08ed-e0f0-41a0-8118-b74bab774dfd,1.7,Caucasian,Prophylaxis,8,1
c.1930T>G,154176156,p.(Leu644Val),Leu625Val,Missense,Substitution,13,625,A2,Heavy chain,N,,,X,,Mild,No,,1998,"0, 84",,0,0,0,Exon,Mid,0,0,70e92e09-89e5-4caf-a589-f9b51ef61abe,20.6,Black,On-Demand,96,0
c.1931T>C,154176155,p.(Leu644Ser),Leu625Ser,Missense,Substitution,13,625,A2,Heavy chain,N,,,,,Severe,No,,2006,158,,0,2,0,Exon,Mid,0,0,f2de7d0e-249e-46ed-9e61-7f2803e17f06,5.3,Asian,Prophylaxis,47,0
c.1931T>G,154176155,p.(Leu644Trp),Leu625Trp,Missense,Substitution,13,625,A2,Heavy Chain,N,,,X,,Mild,Not reported,,2016,280,,0,0,0,Exon,Mid,0,0,c5f815f0-9c61-443b-a404-1186cf7eca9a,11.4,Asian,On-Demand,34,1
c.1933C>T,154176153,p.(Gln645*),Gln626*,Nonsense,Substitution,13,626,A2,Heavy chain,N,X,,,,Severe,Yes,,2002,"0, 126",,1,2,1,Exon,Mid,4,8,d13915a3-1102-48ba-b31d-aef735ab162f,2.9,Black,Prophylaxis,32,1
c.1934A>C,154176152,p.(Gln645Pro),Gln626Pro,Missense,Substitution,13,626,A2,Heavy chain,N,,X,,,Moderate,No,,0,0,,0,1,0,Exon,Mid,0,0,9e6a1549-4ed8-4ad4-9524-b72097d567ec,1.9,Caucasian,On-Demand,11,0
c.1941_1944del,154176142_154176145,p.(Leu650Metfs*9),Leu631Metfs*9,Frameshift,Deletion,13,631,A2,Heavy chain,N,X,,,,Severe,Not reported,,1996,72,,0,2,1,Exon,Mid,1,2,353b298b-17b9-4a58-92a8-3403fbb171e9,2.4,Caucasian,Prophylaxis,21,0
c.1941dup,154176145,p.(Val648Serfs*5),Val629Serfs*5,Frameshift,Duplication,13,629,A2,Heavy chain,N,X,,,,Severe,No,,2020,320,X,0,2,1,Exon,Mid,1,2,592360e0-f786-4a09-96fe-633e81e60bf7,4.6,Caucasian,Prophylaxis,69,0
c.1945T>A,154176141,p.(Cys649Ser),Cys630Ser,Missense,Substitution,13,630,A2,Heavy chain,N,X,,,,Severe,Not reported,,2018,293,,0,2,0,Exon,Mid,0,0,bd3b239b-1aa8-4938-b952-3444dd4ef093,2.2,Hispanic,Prophylaxis,11,0
c.1945T>C,154176141,p.(Cys649Arg),Cys630Arg,Missense,Substitution,13,630,A2,Heavy chain,N,,,X,,Mild,No,,2007,161,,0,0,0,Exon,Mid,0,0,1d129810-fe02-4eba-a24c-2c5636798b7f,19.2,Black,On-Demand,97,0
c.1945T>G,154176141,p.(Cys649Gly),Cys630Gly,Missense,Substitution,13,630,A2,Heavy chain,N,,X,,,Moderate,No,,2010,213,,0,1,0,Exon,Mid,0,0,7ab4a7e8-6ac0-4ff8-883c-5174cd22a2c3,4.3,Caucasian,Prophylaxis,32,0
c.1946G>A,154176140,p.(Cys649Tyr),Cys630Tyr,Missense,Substitution,13,630,A2,Heavy Chain,N,,X,,,Moderate,Not reported,,2018,293,,0,1,0,Exon,Mid,0,0,0d41d056-d0dd-4e77-89ef-5c450a056b66,6,Asian,Prophylaxis,65,0
c.1946G>C,154176140,p.(Cys649Ser),Cys630Ser,Missense,Substitution,13,630,A2,Heavy chain,N,X,,,,Severe,Not reported,,2010,200,,0,2,0,Exon,Mid,0,0,a1decc71-3d32-4ac0-bdc2-5784d1ab1eec,5.1,Caucasian,Prophylaxis,47,0
c.1947_1950del,154176136_154176139,p.(Leu650Metfs*9),Leu631Metfs*9,Frameshift,Deletion,13,631,A2,Heavy chain,N,X,,,,Severe,No,,2005,"0, 153",,0,2,1,Exon,Mid,1,2,85966272-b359-4b8a-9027-fcc7f9d76758,2.5,Caucasian,Prophylaxis,34,1
c.1948T>G,154176138,p.(Leu650Val),Leu631Val,Missense,Substitution,13,631,A2,Heavy chain,N,,,X,,Mild,Not reported,,2014,256,,0,0,0,Exon,Mid,0,0,00483ef8-c591-43ca-b74e-fe4cf6e817f4,26.3,Caucasian,On-Demand,144,0
c.1950G>C,154176136,p.(Leu650Phe),Leu631Phe,Missense,Substitution,13,631,A2,Heavy chain,N,,,X,,Mild,Not reported,,2002,127,,0,0,0,Exon,Mid,0,0,99e4e568-2033-4663-80a8-f48592bf1713,8.1,Asian,Prophylaxis,79,0
c.1952A>C,154176134,p.(His651Pro),His632Pro,Missense,Substitution,13,632,A2,Heavy chain,N,,X,,,Moderate,Not reported,,2013,249,,0,1,0,Exon,Mid,0,0,0ba549be-699b-4e12-9e06-5860f77c9977,8,Caucasian,Prophylaxis,103,0
c.1955A>G,154176131,p.(Glu652Gly),Glu633Gly,Missense,Substitution,13,633,A2,Heavy chain,N,,,X,,Mild,Not reported,,2018,293,,0,0,0,Exon,Mid,0,0,63f30bd6-9901-4237-9635-aff3f6df4489,9.7,Caucasian,On-Demand,52,0
c.1957G>A,154176129,p.(Val653Met),Val634Met,Missense,Substitution,13,634,A2,Heavy chain,N,X,,,,Severe,Not reported,,1993,57,,0,2,0,Exon,Mid,0,0,51a0d5b2-d8c1-4033-8dd3-6f3992198f33,5.2,Black,Prophylaxis,53,0
c.1958T>C,154176128,p.(Val653Ala),Val634Ala,Missense,Substitution,13,634,A2,Heavy chain,N,,X,,,Mild,Not reported,,1993,57,,0,0,0,Exon,Mid,0,0,658a8f8f-fc14-4800-b528-17cd94ada098,2,Black,On-Demand,5,0
c.1961C>A,154176125,p.(Ala654Glu),Ala635Glu,Missense,Substitution,13,635,A2,Heavy chain,N,,X,,,Moderate,Not reported,,2016,280,,0,1,0,Exon,Mid,0,0,000ab902-1221-4f73-990d-e84e0146f734,3.1,Other,On-Demand,16,0
c.1963_1964insT,154176122_154176123,p.(Tyr655Serfs*5),Tyr636Serfs*5,Frameshift,Insertion,13,636,A2,Heavy Chain,N,X,,,,Severe,No,,2021,337,X,0,2,1,Exon,Mid,1,2,195fa9ea-cef9-4ea5-b2a4-af4e5f7754eb,3.7,Black,Prophylaxis,27,0
c.1963T>A,154176123,p.(Tyr655Asn),Tyr636Asn,Missense,Substitution,13,636,A2,Heavy chain,N,,,X,,Mild,No,,2020,319,X,0,0,0,Exon,Mid,0,0,dc41c65d-1ed3-473f-a094-fc592b12fe59,13.9,Caucasian,On-Demand,79,0
c.1963T>C,154176123,p.(Tyr655His),Tyr636His,Missense,Substitution,13,636,A2,Heavy chain,N,,,,X,Not reported,Not reported,,2005,145,,0,,0,Exon,Mid,0,,b6c0b75f-812f-4e31-b9a5-fcb6eb023e47,21.2,Asian,On-Demand,133,0
c.1964A>G,154176122,p.(Tyr655Cys),Tyr636Cys,Missense,Substitution,13,636,A2,Heavy chain,N,,,X,,Mild,No,,2008,180,,0,0,0,Exon,Mid,0,0,8627fb06-f411-4296-a261-58f8699c77c5,4.6,Caucasian,On-Demand,22,0
c.1965C>A,154176121,p.(Tyr655*),Tyr636*,Nonsense,Substitution,13,636,A2,Heavy chain,N,X,,,,Severe,Yes,,2020,319,X,1,2,1,Exon,Mid,4,8,66509b98-6f10-4951-b103-19b393ae69eb,3,Asian,Prophylaxis,45,1
c.1965C>G,154176121,p.(Tyr655*),Tyr636*,Nonsense,Substitution,13,636,A2,Heavy chain,N,X,,,,Severe,Not reported,,1996,72,,0,2,1,Exon,Mid,4,8,4f737bb6-24dd-4be9-b7d6-2d9b74867a60,2.6,Caucasian,Prophylaxis,7,0
c.1966_1967insA,154176119_154176120,p.(Trp656*),Trp637*,Frameshift,Insertion,13,637,A2,Heavy chain,N,X,,,,Severe,No,,2017,287,,0,2,1,Exon,Mid,1,2,fdae269c-a9e8-493c-a87f-b469cc20e16f,7.9,Asian,Prophylaxis,82,1
c.1966T>C,154176120,p.(Trp656Arg),Trp637Arg,Missense,Substitution,13,637,A2,Heavy chain,N,X,,,,Severe,No,,2008,"183, 186",,0,2,0,Exon,Mid,0,0,b041e8d5-400c-4b01-bf67-7a381222f33c,2.4,Other,Prophylaxis,44,0
c.1966T>G,154176120,p.(Trp656Gly),Trp637Gly,Missense,Substitution,13,637,A2,Heavy chain,N,,X,,,Moderate,Not reported,,2008,"183, 186",,0,1,0,Exon,Mid,0,0,ba6782f6-b195-4dbe-901d-0d8c3e8e8d60,1.4,Asian,Prophylaxis,11,0
c.1967G>A,154176119,p.(Trp656*),Trp637*,Nonsense,Substitution,13,637,A2,Heavy chain,N,X,,,,Severe,No,,2009,191,,0,2,1,Exon,Mid,4,8,ed321545-75f6-433a-87bb-a9cc2c04e4bc,2.7,Caucasian,Prophylaxis,25,0
c.1968G>A,154176118,p.(Trp656*),Trp637*,Nonsense,Substitution,13,637,A2,Heavy chain,N,,X,,,Moderate,Not reported,,2014,256,,0,1,1,Exon,Mid,4,4,3ce69234-9a95-4ac4-8779-390041ecec0f,6.5,Other,Prophylaxis,72,0
c.1968G>T,154176118,p.(Trp656Cys),Trp637Cys,Missense,Substitution,13,637,A2,Heavy chain,N,X,,,,Severe,Not reported,,2018,293,,0,2,0,Exon,Mid,0,0,b425d8d5-24bd-4984-86db-41f6e80789b4,1.2,Caucasian,Prophylaxis,5,0
c.1969_1979del,154176107_154176117,p.(Tyr657Hisfs*6),Tyr638Hisfs*6,Frameshift,Deletion,13,638,A2,Heavy chain,N,,X,,,Moderate,Not reported,,2013,249,,0,1,1,Exon,Mid,1,1,a31af7dd-7263-4f8a-bb8e-61b56714c51f,6.7,Caucasian,Prophylaxis,52,0
c.1970A>G,154176116,p.(Tyr657Cys),Tyr638Cys,Missense,Substitution,13,638,A2,Heavy chain,N,,,X,,Mild,Not reported,,2018,293,,0,0,0,Exon,Mid,0,0,5fe610ee-c906-41ad-8ce1-72f584115c8f,11.3,Asian,On-Demand,61,1
c.1971C>G,154176115,p.(Tyr657*),Tyr638*,Nonsense,Substitution,13,638,A2,Heavy chain,N,X,,,,Severe,Not reported,,2019,314,,0,2,1,Exon,Mid,4,8,ad8fc613-5bbd-42fe-a2c4-624f98c80908,9.3,Other,Prophylaxis,82,0
c.1972A>T,154176114,p.(Ile658Phe),Ile639Phe,Missense,Substitution,13,639,A2,Heavy chain,N,,,X,,Mild,No,,2013,239,,0,0,0,Exon,Mid,0,0,9c45bd55-d86a-418a-b71b-675ac230de13,8.5,Asian,On-Demand,38,0
c.1973T>G,154176113,p.(Ile658Ser),Ile639Ser,Missense,Substitution,13,639,A2,Heavy chain,N,,X,,,Moderate,Not reported,,2018,293,,0,1,0,Exon,Mid,0,0,4d8d1b0c-a470-4f47-9253-50fc96ca4d7b,5.3,Asian,Prophylaxis,50,0
c.1975delC,154176111,p.(Leu659*),Leu640*,Frameshift,deletion,13,640,A2,Heavy chain,N,X,,,,Severe,Not reported,,2018,293,,0,2,1,Exon,Mid,1,2,e9304977-e628-43c2-a691-7246db67177e,2.6,Caucasian,Prophylaxis,31,0
c.1976_1977ins>50bp,154176109_154176110,,,Large structural change (>50 bp),Insertion,13,,A2,single domain,N,X,,,X,Severe,Not reported,,2018,293,,0,2,0,Exon,Mid,3,6,2eabb5b1-8dca-43ac-b96c-9cc09023722b,2.5,Caucasian,Prophylaxis,1,0
c.1976T>C,154176110,p.(Leu659Pro),Leu640Pro,Missense,Substitution,13,640,A2,Heavy chain,N,X,,,,Severe,Not reported,,1996,"0, 72",,0,2,0,Exon,Mid,0,0,79d6bc0d-66ab-408e-9bac-1aa3ccccdf81,1.4,Caucasian,Prophylaxis,11,0
c.1978_1979insTTGT,154176107_154176108,p.(Ser660Ilefs*8),Ser641lefs*8,Frameshift,Insertion,13,641,A2,Heavy chain,N,X,,,,Severe,No,,2020,319,X,0,2,1,Exon,Mid,1,2,cd0bd5e5-af71-457d-9a51-d8df7fb8ac95,1.4,Caucasian,Prophylaxis,23,0
c.1979G>T,154176107,p.(Ser660Ile),Ser641Ile,Missense,Substitution,13,641,A2,Heavy chain,N,X,,,,Severe,Not reported,,2018,293,,0,2,0,Exon,Mid,0,0,88c2309b-3e45-4890-bdfa-5dc67965e470,2.2,Asian,On-Demand,6,0
c.1980C>A,154176106,p.(Ser660Arg),Ser641Arg,Missense,Substitution,13,641,A2,Heavy Chain,N,X,,,,Severe,No,,2018,300,,0,2,0,Exon,Mid,0,0,61405acf-1bc0-41eb-98e3-01782d5c227f,3.2,Caucasian,Prophylaxis,41,0
c.1982T>A,154176104,p.(Ile661Asn),Ile642Asn,Missense,Substitution,13,642,A2,Heavy Chain,N,,,X,,Mild,No,,2012,229,,0,0,0,Exon,Mid,0,0,7f6e26a7-b42f-4905-837f-c4dd7ff47611,3.2,Caucasian,On-Demand,25,0
c.1984G>A,154176102,p.(Gly662Arg),Gly643Arg,Missense,Substitution,13,643,A2,Heavy chain,N,X,,,,Severe,Not reported,,2018,293,,0,2,0,Exon,Mid,0,0,4bf86ccb-aab8-4f87-8631-1cc6b38f5100,5.8,Caucasian,Prophylaxis,56,0
c.1985G>A,154176101,p.(Gly662Glu),Gly643Glu,Missense,Substitution,13,643,A2,Heavy chain,N,X,,,,Severe,Not reported,,2018,293,,0,2,0,Exon,Mid,0,0,543c417a-937c-450d-9fe3-7173fbf33f76,3.5,Black,Prophylaxis,31,0
c.1985G>C,154176101,p.(Gly662Ala),Gly643Ala,Missense,Substitution,13,643,A2,Heavy chain,N,X,,,,Severe,No,,0,0,,0,2,0,Exon,Mid,0,0,8df9e130-a4be-414e-a4b0-5c5106debaac,0.8,Caucasian,Prophylaxis,17,0
c.1985G>T,154176101,p.(Gly662Val),Gly643Val,Missense,Substitution,13,643,A2,Heavy chain,N,,,,X,Not reported,Not reported,,2021,332,X,0,,0,Exon,Mid,0,,da3364a0-1250-4b3c-b393-e009e62b6ab6,21.1,Caucasian,On-Demand,109,0
c.1988C>T,154176098,p.(Ala663Val),Ala644Val,Missense,Substitution,13,644,A2,Heavy chain,N,,,X,,Mild,Not reported,,1991,35,,0,0,0,Exon,Mid,0,0,574e99bb-047a-4ec2-b94d-758049ce645e,21.9,Caucasian,On-Demand,89,0
c.1990_1991del,154176095_154176096,p.(Gln664Aspfs*2),Gln645Aspfs*2,Frameshift,Deletion,13,645,A2,Heavy chain,N,,,,X,Not reported,Not reported,,2005,145,,0,,1,Exon,Mid,1,,34dd75ad-1f4c-4fe3-b02a-37b3d06e8930,2,Black,On-Demand,11,0
c.1990C>T,154176096,p.(Gln664*),Gln645*,Nonsense,Substitution,13,645,A2,Heavy Chain,N,X,,,,Severe,No,,2012,232,,0,2,1,Exon,Mid,4,8,bc91b3ac-c956-4176-8520-7671ec7bdeff,4.1,Asian,Prophylaxis,31,0
c.1991_1994dup,154176092_154176095,p.(Phe667*),Phe648*,Frameshift,Duplication,13,648,A2,Heavy chain,N,X,,,,Severe,Not reported,,2016,280,,0,2,1,Exon,Mid,1,2,0dede29d-0112-4858-8dca-99449cf4fa81,7.1,Caucasian,Prophylaxis,82,0
c.1991A>C,154176095,p.(Gln664Pro),Gln645Pro,Missense,Substitution,13,645,A2,Heavy chain,N,,,,X,Moderate/Severe,No,,2000,105,,0,,0,Exon,Mid,0,,aef7a041-458f-42cf-8642-c38d665efa93,19.4,Black,On-Demand,83,1
c.1991A>G,154176095,p.(Gln664Arg),Gln645Arg,Missense,Substitution,13,645,A2,Heavy chain,N,,X,,,Moderate,Not reported,,2008,"183, 186",,0,1,0,Exon,Mid,0,0,9ce8a150-62ed-4c03-837a-db20a87eae60,1.5,Other,Prophylaxis,32,0
c.1992G>C,154176094,p.(Gln664His),Gln645His,Missense,Substitution,13,645,A2,Heavy chain,N,,,X,,Mild,No,,2005,150,,0,0,0,Exon,Mid,0,0,d4a8418a-b9eb-429d-9091-912ec62a9343,20.7,Black,Prophylaxis,200,0
c.1996_1999del,154176087_154176090,p.(Asp666Serfs*55),Asp647Serfs*55,Frameshift,Deletion,13,647,A2,Heavy chain,N,X,,,,Severe,Not reported,,0,0,,0,2,1,Exon,Mid,1,2,001c1c1c-a21b-4eed-8fad-e8079e6df25a,1.6,Caucasian,Prophylaxis,30,0
c.1996_1999dup,154176087_154176090,p.(Phe667*),Phe648*,Frameshift,Duplication,13,648,A2,Heavy chain,N,X,,,,Severe,Not reported,,2013,249,,0,2,1,Exon,Mid,1,2,777d6f43-282b-4f20-9b98-bc2c7755e7b4,4.2,Asian,Prophylaxis,34,0
c.2000delT,154176086,p.(Phe667Serfs*55),Phe648Serfs*55,Frameshift,Deletion,13,648,A2,Heavy chain,N,X,,,,Severe,No,,0,0,,0,2,1,Exon,Mid,1,2,64554526-1910-4ab7-b3b3-8c69e58f7b43,3,Hispanic,On-Demand,14,0
c.2002delC,154176084,p.(Leu668Phefs*54),Leu649Phefs*54,Frameshift,Deletion,13,649,A2,Heavy chain,N,X,,,,Severe,No,,2016,282,,0,2,1,Exon,Mid,1,2,356f2ead-8e09-482e-972d-8aa40716b567,7.6,Caucasian,Prophylaxis,78,0
c.2003T>A,154176083,p.(Leu668His),Leu649His,Missense,Substitution,13,649,A2,Heavy chain,N,,,,X,Not reported,Not reported,,2021,332,X,0,,0,Exon,Mid,0,,abba5951-251d-4027-8800-2123b4055419,20.8,Asian,On-Demand,108,0
c.2003T>C,154176083,p.(Leu668Pro),Leu649Pro,Missense,Substitution,13,649,A2,Heavy chain,N,X,,,,Severe,No,,2017,287,,0,2,0,Exon,Mid,0,0,b5108d80-e857-4531-84ab-410cd39202be,5.2,Caucasian,Prophylaxis,57,0
c.2004_2007del,154176079_154176082,p.(Val670Serfs*51),Val651Serfs*51,Frameshift,Deletion,13,651,A2,Heavy chain,N,X,,,,Severe,No,,2012,231,,0,2,1,Exon,Mid,1,2,3a02f78c-2beb-4e0f-b203-aa6271f67db8,2.6,Asian,Prophylaxis,21,0
c.2005delT,154176081,p.(Ser669Leufs*53),Ser650Leufs*53,Frameshift,Deletion,13,650,A2,Heavy chain,N,,,X,,Mild,No,,2010,207,,0,0,1,Exon,Mid,1,0,7ead5de5-13de-4a40-a595-ded5ffe6f320,2,Hispanic,On-Demand,25,0
c.2005T>C,154176081,p.(Ser669Pro),Ser650Pro,Missense,Substitution,13,650,A2,Heavy chain,N,,X,,,Moderate,Not reported,,2016,280,,0,1,0,Exon,Mid,0,0,0855191c-9504-418f-a478-e4b8993f6aa0,3.8,Caucasian,Prophylaxis,49,0
c.2006_2007del,154176079_154176080,p.(Ser669Cysfs*15),Ser650Cysfs*15,Frameshift,Deletion,13,650,A2,Heavy Chain,N,X,,,,Severe,No,,2012,229,,0,2,1,Exon,Mid,1,2,609dfc10-db61-4874-b4bf-2e4481bb384b,3.6,Black,Prophylaxis,47,0
c.2006C>A,154176080,p.(Ser669Tyr),Ser650Tyr,Missense,Substitution,13,650,A2,Heavy chain,N,,X,,,Moderate,Not reported,,2013,247,,0,1,0,Exon,Mid,0,0,440dc84c-efe5-4d5e-b648-894a4d8bd576,3.4,Caucasian,Prophylaxis,48,0
c.2006C>T,154176080,p.(Ser669Phe),Ser650Phe,Missense,Substitution,13,650,A2,Heavy chain,N,X,,,,Severe,No,,2012,227,,0,2,0,Exon,Mid,0,0,cccde441-d1bd-4726-b6f6-9eedfa920f8b,4.4,Other,Prophylaxis,56,0
c.2008G>C,154176078,p.(Val670Leu),Val651Leu,Missense,Substitution,13,651,A2,Heavy chain,N,,,X,,Mild,No,,2008,180,,0,0,0,Exon,Mid,0,0,92e234a6-47e0-48e4-92aa-434952965978,36.4,Caucasian,On-Demand,177,0
c.2009_2011del,154176075_154176077,p.(Val670del),Val651del,"Small structural change (in-frame, <50 bp)",Deletion,13,651,A2,Heavy chain,N,,X,,,Moderate,No,,2008,180,X,0,1,0,Exon,Mid,5,5,b728ffb7-66bf-4f9f-b72b-d85054d9fc2f,1.4,Asian,Prophylaxis,16,0
c.2013_2015del,154176071_154176073,p.(Phe672del),Phe653del,"Small structural change (in-frame, <50 bp)",Deletion,13,653,A2,Heavy chain,N,X,,,,Severe,No,,2020,326,X,0,2,0,Exon,Mid,5,10,16114db7-0798-4cad-8120-0a0fe376dc43,4.9,Caucasian,Prophylaxis,44,0
c.2013C>G,154176073,p.(Phe671Leu),Phe652Leu,Missense,Substitution,13,652,A2,Heavy chain,N,,,X,,Mild,No,,0,0,,0,0,0,Exon,Mid,0,0,cbe5e16b-3ded-4d01-b060-1a7883d02041,11.9,Asian,On-Demand,74,0
c.2013dupC,154176073,p.(Phe672Leufs*13),Phe653fsLeu*13,Frameshift,Duplication,13,653,A2,Heavy chain,N,,,,X,Not reported,Not reported,,2021,332,X,0,,1,Exon,Mid,1,,98d6c473-f606-4d5d-bc8c-a243e8efbd7f,12.8,Black,On-Demand,52,0
c.2014_2016del,154176070_154176072,p.(Phe672del),Phe653del,"Small structural change (in-frame, <50 bp)",Deletion,13,653,A2,Heavy chain,N,,X,,,Moderate,Not reported,,1993,57,,0,1,0,Exon,Mid,5,5,8efe70b6-3514-46bc-8d6c-2a574f2330ff,1.7,Caucasian,Prophylaxis,13,0
c.2014_2017del,154176069_154176072,p.(Phe672Leufs*49),Phe653Leufs*49,Frameshift,Deletion,13,653,A2,Heavy chain,N,X,,,,Severe,No,,2006,160,,0,2,1,Exon,Mid,1,2,0e1b7524-fd11-4cdb-be4d-64cca4de706d,5.3,Caucasian,Prophylaxis,43,1
c.2015T>C,154176071,p.(Phe672Ser),Phe653Ser,Missense,Substitution,13,653,A2,Heavy chain,N,X,,,,Severe,No,,2012,225,,0,2,0,Exon,Mid,0,0,12d65045-452c-4721-bd98-9f54b11b7672,7,Caucasian,Prophylaxis,52,1
c.2019dupT,154176067,p.(Gly674Trpfs*11),Gly655Trpfs*11,Frameshift,Duplication,13,655,A2,Heavy chain,N,X,,,,Severe,Not reported,,2018,293,,0,2,1,Exon,Mid,1,2,f9d1cdaf-2b38-419d-8e63-83789f511b7b,6.8,Caucasian,Prophylaxis,74,0
c.2020G>A,154176066,p.(Gly674Arg),Gly655Arg,Missense,Substitution,13,655,A2,Heavy chain,N,X,,,,Severe,Yes,,2022,348,X,1,2,0,Exon,Mid,0,0,5482c01a-0a5f-43b1-9d94-6ab461b92975,3.8,Asian,Prophylaxis,44,0
c.2020G>T,154176066,p.(Gly674*),Gly655*,Nonsense,Substitution,13,655,A2,Heavy chain,N,X,,,,Severe,Not reported,,2008,173,,0,2,1,Exon,Mid,4,8,082a5753-5d2d-43d2-a3d8-f7f00a6757f2,4,Other,Prophylaxis,23,0
c.2021G>A,154176065,p.(Gly674Glu),Gly655Glu,Missense,Substitution,13,655,A2,Heavy chain,N,,,,,Severe,No,,2006,158,,0,2,0,Exon,Mid,0,0,a2e15978-a645-4343-b79a-2116cdfccd25,1.7,Asian,Prophylaxis,15,0
c.2021G>C,154176065,p.(Gly674Ala),Gly655Ala,Missense,Substitution,13,655,A2,Heavy Chain,N,,X,,,Moderate,No,1 stage-2 stage assay discrepancy,2012,233,,0,1,0,Exon,Mid,0,0,01d00e97-e06b-409d-91c8-eda5e21fdb09,4.5,Caucasian,Prophylaxis,33,0
c.2026A>G,154176060,p.(Thr676Ala),Thr657Ala,Missense,Substitution,13,657,A2,Heavy chain,N,,,X,,Mild,No,,2013,239,,0,0,0,Exon,Mid,0,0,90f186e1-427c-4af7-957e-0c940b188a86,7.9,Caucasian,On-Demand,35,0
c.2026A>T,154176060,p.(Thr676Ser),Thr657Ser,Missense,Substitution,13,657,A2,Heavy chain,N,,,X,,Mild,No,,2007,161,,0,0,0,Exon,Mid,0,0,cb12b9de-a07d-4bfc-8982-1d33b1a522b8,18.8,Hispanic,Prophylaxis,174,1
c.2027C>A,154176059,p.(Thr676Asn),Thr657Asn,Missense,Substitution,13,657,A2,Heavy Chain,N,,,X,,Mild,No,,2020,324,X,0,0,0,Exon,Mid,0,0,34a87686-63f3-41f9-a905-b750406002b1,11.9,Asian,Prophylaxis,103,0
c.2029T>C,154176057,p.(Phe677Leu),Phe658Leu,Missense,Substitution,13,658,A2,Heavy chain,N,,,X,,Mild/Moderate,No,,1994,65,,0,,0,Exon,Mid,0,,caf8809f-2e5d-4ae0-980b-545b30fa5bb8,6.5,Caucasian,On-Demand,25,0
c.2029T>G,154176057,p.(Phe677Val),Phe658Val,Missense,Substitution,13,658,A2,Heavy chain,N,,X,,,Moderate,Not reported,,2008,"183, 186",,0,1,0,Exon,Mid,0,0,93ada465-aa76-40fc-b09e-746830be00f6,5.7,Black,Prophylaxis,75,0
c.2030delT,154176056,p.(Phe677Serfs*45),Phe658Serfs*45,Frameshift,Deletion,13,658,A2,Heavy Chain,N,X,,,,Severe,No,,2012,233,,0,2,1,Exon,Mid,1,2,dd3fd895-0780-42af-b33b-9910dc206f34,4.8,Caucasian,On-Demand,17,0
c.2031C>A,154176055,p.(Phe677Leu),Phe658Leu,Missense,Substitution,13,658,A2,Heavy chain,N,,X,,,Moderate,Not reported,,2016,280,,0,1,0,Exon,Mid,0,0,3e8d6c93-3bea-45a8-8c8e-e56fe4923755,5.2,Hispanic,On-Demand,24,0
c.2032A>T,154176054,p.(Lys678*),Lys659*,Nonsense,Substitution,13,659,A2,Heavy chain,N,X,,,,Severe,No,,2006,160,,0,2,1,Exon,Mid,4,8,200d58c1-ca20-4771-addd-b0af6fa95899,2.9,Caucasian,Prophylaxis,13,0
c.2033_2036dup,154176050_154176053,p.(His679Glnfs*7),His660Glnfs*7,Frameshift,Duplication,13,660,A2,Heavy chain,Y,,,,,Severe,Yes,,2006,158,,1,2,1,Exon,Mid,1,2,886c28ed-094c-4983-a103-935702cbb532,2.8,Black,On-Demand,1,0
c.2036A>C,154176050,p.(His679Pro),His660Pro,Missense,Substitution,13,660,A2,Heavy chain,N,X,,,,Severe,Not reported,,2016,280,,0,2,0,Exon,Mid,0,0,00807a17-2317-48d8-9b09-9052a2f6abca,8.5,Caucasian,Prophylaxis,97,1
c.2037C>A,154176049,p.(His679Gln),His660Gln,Missense,Substitution,13,660,A2,Heavy chain,N,,,X,,Mild,No,,2008,180,,0,0,0,Exon,Mid,0,0,c0614ba1-6802-469a-ba10-82f734af290b,16.6,Caucasian,On-Demand,86,0
c.2040_2043del,154176043_154176046,p.(Met681Serfs*40),Met662Serfs*40,Frameshift,Deletion,13,662,A2,Heavy chain,Y,,,,,Severe,No,,2008,177,,0,2,1,Exon,Mid,1,2,1f8b6ad9-fa32-4d7f-b981-2aae2beaa63e,2.4,Caucasian,Prophylaxis,18,1
c.2043G>A,154176043,p.(Met681Ile),Met662Ile,Missense,Substitution,13,662,A2,Heavy chain,N,,,,X,Mild/Moderate,No,,2005,152,,0,,0,Exon,Mid,0,,746ecd50-a983-47bd-98d1-2a0591e12287,15.2,Caucasian,On-Demand,77,0
c.2043G>C,154176043,p.(Met681Ile),Met662Ile,Missense,Substitution,13,662,A2,Heavy chain,N,,,X,,Mild,Not reported,,2002,127,,0,0,0,Exon,Mid,0,0,3d9d0796-be40-4783-80d9-567360497161,3.9,Caucasian,On-Demand,9,0
c.2043G>T,154176043,p.(Met681Ile),Met662Ile,Missense,Substitution,13,662,A2,Heavy chain,N,,X,,,Moderate,Not reported,,2008,183,,0,1,0,Exon,Mid,0,0,b4331a09-3f85-462a-a936-a76810f57ba6,3.3,Black,Prophylaxis,37,0
c.2044G>T,154176042,p.(Val682Phe),Val663Phe,Missense,Substitution,13,663,A2,Heavy chain,N,,X,,,Moderate,Yes,,1998,85,,1,1,0,Exon,Mid,0,0,5e970b7e-727e-4e4a-93ce-922a03288adf,1.7,Caucasian,On-Demand,1,1
c.2045T>C,154176041,p.(Val682Ala),Val663Ala,Missense,Substitution,13,663,A2,Heavy Chain,N,,,X,,Mild,No,,2012,234,,0,0,0,Exon,Mid,0,0,2834cda0-c3fd-4156-8a95-40bf7945e899,2,Caucasian,On-Demand,1,0
c.2045T>G,154176041,p.(Val682Gly),Val663Gly,Missense,Substitution,13,663,A2,Heavy chain,N,,,X,,Mild,Not reported,,2013,249,,0,0,0,Exon,Mid,0,0,192c945f-1bd2-4928-9a2a-8e16607b040b,14.5,Asian,On-Demand,68,0
c.2047T>A,154176039,p.(Tyr683Asn),Tyr664Asn,Missense,Substitution,13,664,A2,Heavy chain,N,,,X,,Mild,No,,1998,87,,0,0,0,Exon,Mid,0,0,2fae9473-9715-4792-85a4-c01a5e3ec730,29.3,Caucasian,On-Demand,149,0
c.2047T>C,154176039,p.(Tyr683His),Tyr664His,Missense,Substitution,13,664,A2,Heavy chain,N,,,X,,Mild,No,,2012,225,,0,0,0,Exon,Mid,0,0,4dd2c0f6-cb0d-407b-83e8-d89415cef5b0,14.2,Asian,On-Demand,81,0
c.2048A>C,154176038,p.(Tyr683Ser),Tyr664Ser,Missense,Substitution,13,664,A2,Heavy chain,N,,,X,,Mild,No,,2013,239,,0,0,0,Exon,Mid,0,0,c73140b3-1c51-4dc9-a468-8334e46b3a77,20.7,Asian,On-Demand,114,0
c.2048A>G,154176038,p.(Tyr683Cys),Tyr664Cys,Missense,Substitution,13,664,A2,Heavy chain,N,,X,,,Severe,No,,2001,123,,0,2,0,Exon,Mid,0,0,6e00bbb1-de4e-4b29-946f-527e7b5752e0,1.4,Caucasian,On-Demand,1,0
c.2049T>A,154176037,p.(Tyr683*),Tyr664*,Nonsense,Substitution,13,664,A2,Heavy chain,N,,,,X,Not reported,Not reported,,2021,332,X,0,,1,Exon,Mid,4,,e574b880-b59d-4f1b-9fa3-3b337a914052,2,Caucasian,On-Demand,1,0
c.2053G>A,154176033,p.(Asp685Asn),Asp666Asn,Missense,Substitution,13,666,A2,Heavy chain,N,,,X,,Mild,Not reported,,2016,280,,0,0,0,Exon,Mid,0,0,7a3aebd4-ab37-4af0-9d49-1a9c0f631d2f,21.1,Hispanic,On-Demand,110,0
c.2054A>G,154176032,p.(Asp685Gly),Asp666Gly,Missense,Substitution,13,666,A2,Heavy Chain,N,,X,,,Moderate,No,,2012,232,,0,1,0,Exon,Mid,0,0,8cb90553-d7a6-424c-b0a2-a91169530098,3.7,Hispanic,On-Demand,28,0
c.2054A>T,154176032,p.(Asp685Val),Asp666Val,Missense,Substitution,13,666,A2,Heavy chain,N,X,X,,,Moderate/Severe,Not reported,,2016,280,,0,,0,Exon,Mid,0,,cd196ca8-7a7a-4bad-84d9-90db5ecdb017,7.9,Caucasian,On-Demand,24,0
c.2057C>A,154176029,p.(Thr686Lys),Thr667Lys,Missense,Substitution,13,667,A2,Heavy chain,N,X,,,,Severe,Not Reported,,2018,293,,,2,0,Exon,Mid,0,0,625b2ff3-ecc2-4118-afd3-b6855d920632,1.9,Caucasian,Prophylaxis,24,0
c.2057C>G,154176029,p.(Thr686Arg),Thr667Arg,Missense,Substitution,13,667,A2,Heavy chain,N,,X,,,Moderate,Not reported,,1997,80,,0,1,0,Exon,Mid,0,0,d2a925c0-7d5d-4cf1-ac9c-fc6cc0c81c9e,3.2,Hispanic,Prophylaxis,35,0
c.2058_2059del,154176027_154176028,p.(Leu687Hisfs*42),Leu668Hisfs*42,Frameshift,Deletion,13,668,A2,Heavy chain,N,X,,,,Severe,Not reported,,2008,"183, 186",,0,2,1,Exon,Mid,1,2,5201bd52-4ecf-43a9-96b4-09231b857dfe,12.5,Caucasian,Prophylaxis,126,1
c.2058_2061del,,p.(Leu687Profs*34),Leu668Profs*34,Frameshift,Deletion,13,668,A2,Heavy chain,,X,,,,Severe,No,,2012,233,X,0,2,1,Exon,Mid,1,2,4b46704d-ca9e-4859-9a86-f3cd91c317cd,4.7,Asian,Prophylaxis,63,0
c.2059C>T,154176027,p.(Leu687Phe),Leu668Phe,Missense,Substitution,13,668,A2,Heavy chain,N,,,X,,Mild,No,1 stage-2 stage assay discrepancy,0,0,,0,0,0,Exon,Mid,0,0,7e218af0-7c9a-4c5f-b762-62e433423a96,31.5,Caucasian,On-Demand,151,0
c.2060_2063del,154176023_154176026,p.(Leu687Profs*34),Leu668Profs*34,Frameshift,Deletion,13,668,A2,Heavy Chain,N,X,,,,Severe,No,,2005,146,,0,2,1,Exon,Mid,1,2,26afb6b4-6635-4fbe-a889-41270cd839f8,10.3,Hispanic,Prophylaxis,94,0
c.2060T>A,154176026,p.(Leu687His),Leu668His ,Missense,Substitution,13,668,A2,Heavy Chain,N,X,,,,Severe,No,,2020,319,X,0,2,0,Exon,Mid,0,0,7c6ed45b-6115-406e-be0c-0b043d54a175,3.2,Caucasian,On-Demand,12,0
c.2060T>C,154176026,p.(Leu687Pro),Leu668Pro,Missense,Substitution,13,668,A2,Heavy chain,N,X,,,,Severe,No,,2010,209,,0,2,0,Exon,Mid,0,0,0fc539db-620c-4135-a3cd-4219d40040a4,3.9,Asian,Prophylaxis,25,0
c.2062dupA,154176024,p.(Thr688Asnfs*42),Thr669Asnfs*42,Frameshift,Duplication,13,669,A2,Heavy chain,N,X,,,,Severe,No,,1994,65,,0,2,1,Exon,Mid,1,2,19449bd2-0709-4dab-a8c8-cc857e01c7f4,2.9,Caucasian,Prophylaxis,36,0
c.2063C>A,154176023,p.(Thr688Asn),Thr669Asn,Missense,Substitution,13,669,A2,Heavy Chain,N,X,,,,Severe,Not reported,,2010,211,,0,2,0,Exon,Mid,0,0,bfeedd3e-5830-4a8f-99b1-2e21d4ea462b,1.2,Caucasian,Prophylaxis,5,0
c.2063C>G,154176023,p.(Thr688Ser),Thr669Ser,Missense,Substitution,13,669,A2,Heavy chain,N,,,,X,Not reported,Not reported,,2008,180,,0,,0,Exon,Mid,0,,24f905b6-a549-4b94-9150-e5646cd3333d,26.7,Caucasian,On-Demand,137,0
c.2066T>C,154176020,p.(Leu689Pro),Leu670Pro,Missense,Substitution,13,670,A2,Heavy chain,N,X,,,,Severe,Not reported,,2014,256,,0,2,0,Exon,Mid,0,0,f12fe2ea-7620-4b8c-9344-c96f13276729,0.7,Black,Prophylaxis,23,0
c.2066T>G,154176020,p.(Leu689Arg),Leu670Arg,Missense,Substitution,13,670,A2,Heavy chain,N,,X,,,Severe,No,,0,0,,0,2,0,Exon,Mid,0,0,6e621c92-6f1b-4077-b79f-595abd2dbf64,3,Caucasian,Prophylaxis,16,0
c.2067_2088del,154175998_154176019,p.(Phe690Serfs*25),Phe671Serfs*25,Frameshift,Deletion,13,671,A2,Heavy chain,N,X,,,,Severe,No,,2006,160,,0,2,1,Exon,Mid,1,2,645ea649-acea-4913-bab0-d9476f12c0d5,1.3,Caucasian,On-Demand,8,0
c.2070C>A,154176016,p.(Phe690Leu),Phe671Leu,Missense,Substitution,13,671,A2,Heavy chain,N,,,X,,Mild,Not reported,,2021,331,X,0,0,0,Exon,Mid,0,0,c966312c-51f1-4be7-a3a4-42ba025c4590,15,Asian,On-Demand,69,0
c.2071C>T,154176015,p.(Pro691Ser),Pro672Ser,Missense,Substitution,13,672,A2,Heavy chain,N,X,X,,,Moderate/Severe,No,,2009,199,,0,,0,Exon,Mid,0,,a590ee09-6f6e-4cb1-b866-2906528e1e1c,9.5,Hispanic,On-Demand,40,0
c.2077_2078delinsCT,154176008_154176009,p.(Ser693Leu),Ser674Leu,"Small structural change (in-frame, <50 bp)",Deletion/Insertion,13,674,A2,Heavy chain,N,,,,X,Moderate,Not reported,,0,0,,0,1,0,Exon,Mid,5,5,8ecca6b1-b0a4-487b-b1a5-e907d510ec44,1.3,Caucasian,Prophylaxis,12,0
c.2077T>C,154176009,p.(Ser693Pro),Ser674Pro,Missense,Substitution,13,674,A2,Heavy chain,N,X,,,,Severe,No,,2012,231,,0,2,0,Exon,Mid,0,0,d66e026f-ca49-446f-827f-66c65a42b18d,1.7,Caucasian,Prophylaxis,18,0
c.2078C>G,154176008,p.(Ser693*),Ser674*,Nonsense,Substitution,13,674,A2,Heavy chain,N,X,,,,Severe,Not reported,,2008,"183, 186",,0,2,1,Exon,Mid,4,8,705514dc-f7c1-45a4-a384-c00f251aabd5,6.8,Caucasian,Prophylaxis,50,0
c.2078C>T,154176008,p.(Ser693Leu),Ser674Leu,Missense,Substitution,13,674,A2,Heavy chain,N,,X,,,Moderate,No,,2010,203,,0,1,0,Exon,Mid,0,0,e9a1748a-4456-4669-bfa2-f9d432b05e91,11.4,Asian,Prophylaxis,105,0
c.2080G>A,154176006,p.(Gly694Arg),Gly675Arg,Missense,Substitution,13,675,A2,Heavy chain,N,X,,,,Severe,Not reported,,2021,333,X,0,2,0,Exon,Mid,0,0,1293f339-ed84-4a70-ab32-66f2d51c1187,4.1,Hispanic,Prophylaxis,45,0
c.2081G>A,154176005,p.(Gly694Glu),Gly675Glu,Missense,Substitution,13,675,A2,Heavy chain,N,X,X,,,Moderate/Severe,Not reported,,2008,"183, 186",,0,,0,Exon,Mid,0,,c550a376-114e-4ff2-964e-a90715362fa0,3.8,Asian,On-Demand,11,0
c.2083_2084delinsT,154176002_154176003,p.(Glu695*),Glu676*,Frameshift,Deletion/Insertion,13,676,A2,Heavy chain,N,X,,,,Severe,Not reported,,2016,280,,0,2,1,Exon,Mid,1,2,ed41cab0-6446-4d5d-9d5a-2228a4f9937b,2.2,Caucasian,Prophylaxis,22,0
c.2084A>G,154176002,p.(Glu695Gly),Glu676Gly,Missense,Substitution,13,676,A2,Heavy chain,N,,,X,,Mild,No,,2006,158,,0,0,0,Exon,Mid,0,0,7c80deda-8d13-4ceb-b41b-0c486315d86f,24.5,Asian,On-Demand,120,0
c.2086A>G,154176000,p.(Thr696Ala),Thr677Ala,Missense,Substitution,13,677,A2,Heavy chain,N,,,X,,Mild,No,,2013,239,,0,0,0,Exon,Mid,0,0,fd0b9072-64e0-4823-acbe-cfe706fd29dc,14.9,Black,On-Demand,84,0
c.2087C>A,154175999,p.(Thr696Asn),Thr677Asn,Missense,Substitution,13,677,A2,Heavy chain,N,,,X,,Mild,No,,2008,180,,0,0,0,Exon,Mid,0,0,91a69ecb-5d44-4169-b84f-b9aac6b4304a,24.9,Caucasian,On-Demand,121,0
c.2087C>T,154175999,p.(Thr696Ile),Thr677Ile,Missense,Substitution,13,677,A2,Heavy Chain,N,,,X,,Mild,No,,2012,232,,0,0,0,Exon,Mid,0,0,97c8d46a-9569-42e6-80ad-38c0dcdc548b,2,Black,On-Demand,1,0
c.2089_2090del,154175996_154175997,p.(Val697Leufs*32),Val678Leufs*32,Frameshift,Deletion,13,678,A2,Heavy chain,N,X,,,,Severe,Not reported,,2002,126,,0,2,1,Exon,Mid,1,2,d790af83-c216-4ff6-961a-5c6bcb76959a,2,Asian,Prophylaxis,21,0
c.2089G>C,154175997,p.(Val697Leu),Val678Leu,Missense,Substitution,13,678,A2,Heavy chain,N,,,X,,Mild,Not reported,1 stage-2 stage assay discrepancy,2014,263,,0,0,0,Exon,Mid,0,0,068a9542-bd8b-4b7d-8ddf-1647d92093c4,6.9,Asian,On-Demand,34,0
c.2090T>A,154175996,p.(Val697Asp),Val678Asp,Missense,Substitution,13,678,A2,Heavy chain,N,X,,,,Severe,No,,2007,168,,0,2,0,Exon,Mid,0,0,30d6d94e-1747-48b9-9478-df0973c14530,2.4,Caucasian,Prophylaxis,26,0
c.2090T>C,154175996,p.(Val697Ala),Val678Ala,Missense,Substitution,13,678,A2,Heavy chain,N,,,X,,Mild,No,,0,0,,0,0,0,Exon,Mid,0,0,ccaa9e5f-8abb-4e78-88eb-ce055597884f,6.6,Caucasian,On-Demand,25,0
c.2091_2092del,154175995_154175994,p.(Phe698Hisfs*31),Phe679Hisfs*31,Frameshift,Deletion,13,679,A2,Heavy chain,N,X,,,,Severe,No,,2017,288,,0,2,1,Exon,Mid,1,2,04e44297-c150-4aed-b362-be1eab6932c8,1.7,Caucasian,Prophylaxis,26,0
c.2092T>C,154175994,p.(Phe698Leu),Phe679Leu,Missense,Substitution,13,679,A2,Heavy chain,N,,,,X,Not reported,No,,2001,123,,0,,0,Exon,Mid,0,,7b144351-3fed-404d-ac80-7ec804970f06,15.6,Caucasian,On-Demand,75,0
c.2093T>C,154175993,p.(Phe698Ser),Phe679Ser,Missense,Substitution,13,679,A2,Heavy chain,N,,,X,,Mild,Not reported,,2013,249,,0,0,0,Exon,Mid,0,0,9792a0e7-e9a4-4681-b649-66a3a26845e3,5.2,Hispanic,On-Demand,4,0
c.2095A>C,154175991,p.(Met699Leu),Met680Leu,Missense,Substitution,13,680,A2,Heavy Chain,N,,X,,,Moderate,No,,2010,205,,0,1,0,Exon,Mid,0,0,e7d2c801-a34a-418e-be48-71944c9f468c,8.6,Caucasian,Prophylaxis,79,0
c.2095A>G,154175991,p.(Met699Val),Met680Val,Missense,Substitution,13,680,A2,Heavy chain,N,X,,,,Severe,No,,1998,84,,0,2,0,Exon,Mid,0,0,ca4b2d2a-45d9-4bad-acc7-c5c16194ecdd,7.8,Caucasian,Prophylaxis,67,0
c.2095A>T,154175991,p.(Met699Leu),Met680Leu,Missense,Substitution,13,680,A2,Heavy chain,N,,X,,,Moderate,No,,0,0,,0,1,0,Exon,Mid,0,0,a9c26241-a977-4bc9-83df-46e1694f63b7,15.8,Caucasian,Prophylaxis,162,0
c.2096T>A,154175990,p.(Met699Lys),Met680Lys,Missense,Substitution,13,680,A2,Heavy chain,N,,X,,,Moderate,No,,2008,180,,0,1,0,Exon,Mid,0,0,9deda468-f3de-464f-a41f-7b1afde0c362,2.3,Black,Prophylaxis,22,0
c.2096T>C,154175990,p.(Met699Thr),Met680Thr,Missense,Substitution,13,680,A2,Heavy chain,N,,,X,,Mild,No,,2002,130,,0,0,0,Exon,Mid,0,0,f37ece3f-5a2b-436a-a77a-002ac9437e1f,4.3,Black,On-Demand,18,0
c.2097G>A,154175989,p.(Met699Ile),Met680Ile,Missense,Substitution,13,680,A2,Heavy chain,N,,X,,,Moderate,No,,2010,207,,0,1,0,Exon,Mid,0,0,6b460b51-4f8f-4f59-9b53-fc3940a91a03,7.8,Caucasian,Prophylaxis,89,0
c.2098T>C,154175988,p.(Ser700Pro),Ser681Pro,Missense,Substitution,13,681,A2,Heavy Chain,N,,,X,,Mild,No,,2012,232,,0,0,0,Exon,Mid,0,0,3c1ca29b-6463-4190-9bb8-ef26f46e0d42,11.9,Asian,On-Demand,41,0
c.2099C>A,154175987,p.(Ser700*),Ser681*,Nonsense,Substitution,13,681,A2,Heavy chain,N,X,,,,Moderate/Severe,No,,2001,123,,0,,1,Exon,Mid,4,,eaf5b6b5-31db-4b17-a0f5-c8d7537d3a82,25.8,Caucasian,Prophylaxis,268,0
c.2099C>T,154175987,p.(Ser700Leu),Ser681Leu,Missense,Substitution,13,681,A2,Heavy Chain,N,,,X,,Mild,No,,2012,229,,0,0,0,Exon,Mid,0,0,9a72e5c8-3a50-4150-be70-25187c5f1021,2,Black,On-Demand,1,0
c.2100_2101delinsTT,154175985_154175986,p.(Met701Leu),Met682Leu,Missense,Deletion/Insertion,13,682,A2,Heavy chain,N,,,X,,Mild,Not reported,,2013,249,,0,0,0,Exon,Mid,0,0,9cea95f7-9d35-4c27-88ce-65a1520ea291,2,Asian,On-Demand,10,1
c.2101_2105del,154175981_154175985,p.(Met701Lysfs*27),Met682Lysfs*27,Frameshift,Deletion,13,682,A2,Heavy chain,N,X,,,,Severe,No,,2006,157,,0,2,1,Exon,Mid,1,2,8ea00ee1-1ffc-4435-8e3c-f4df4a8f44ec,2.5,Hispanic,Prophylaxis,20,0
c.2101A>C,154175985,p.(Met701Leu),Met682Leu,Missense,Substitution,13,682,A2,Heavy Chain,N,,,X,,Mild,Not reported,,2016,280,,0,0,0,Exon,Mid,0,0,ab88f922-2e93-49d0-b27f-2abbfdf69cb1,20.9,Caucasian,On-Demand,106,0
c.2101A>G,154175985,p.(Met701Val),Met682Val,Missense,Substitution,13,682,A2,Heavy chain,N,,,X,,Mild,Not reported,,2013,249,,0,0,0,Exon,Mid,0,0,64c2c191-f5cd-46dd-b655-7fe6e15706f5,20.4,Asian,On-Demand,97,0
c.2102delT,154175984,p.(Met701Argfs*21),Met682Argfs*21,Frameshift,Deletion,13,682,A2,Heavy chain,N,,,X,,Mild,No,,2014,260,,0,0,1,Exon,Mid,1,0,38888c8e-a8f4-474e-906d-e69491973931,14.7,Asian,On-Demand,92,0
c.2102T>C,154175984,p.(Met701Thr),Met682Thr,Missense,Substitution,13,682,A2,Heavy chain,N,,,X,,Mild,Not reported,,2008,"183, 186",,0,0,0,Exon,Mid,0,0,1a8af8c4-c4a0-4944-b5e3-681cf891f2ea,26.6,Asian,On-Demand,125,0
c.2103G>A,154175983,p.(Met701Ile),Met682Ile,Missense,Substitution,13,682,A2,Heavy chain,N,,X,,,Mild,No,,2002,130,,0,0,0,Exon,Mid,0,0,16f04e77-761e-4196-b3c5-ba21fc8619dd,32.1,Caucasian,On-Demand,157,0
c.2107A>G,154175979,p.(Asn703Asp),Asn684Asp,Missense,Substitution,13,684,A2,Heavy chain,N,X,,,,Severe,Yes,,2005,146,,1,2,0,Exon,Mid,0,0,ed632f03-6df2-4d27-af27-5ed3df710219,2.4,Black,Prophylaxis,23,0
c.2108A>C,154175978,p.(Asn703Thr),Asn684Asn,Missense,Substitution,13,684,A2,Heavy chain,N,X,,,,Severe,Not reported,,2016,280,,0,2,0,Exon,Mid,0,0,02d4942b-367d-4535-bde4-82c102e9df85,3.7,Caucasian,Prophylaxis,30,0
c.2108A>G,154175978,p.(Asn703Ser),Asn684Ser,Missense,Substitution,13,684,A2,Heavy chain,N,,,X,,Mild,No,,0,0,,0,0,0,Exon,Mid,0,0,49d7b061-0785-4217-bc16-02eeee91940b,12,Caucasian,On-Demand,57,0
c.2109C>A,154175977,p.(Asn703Lys),Asn684Lys,Missense,Substitution,13,684,A2,Heavy Chain,N,,,X,,Mild,Not reported,,2018,293,,0,0,0,Exon,Mid,0,0,c68daa18-38c1-465b-bbd2-7e758501d083,15,Black,On-Demand,82,0
c.2109C>G,154175977,p.(Asn703Lys),Asn684Lys,Missense,Substitution,13,684,A2,Heavy chain,N,,,X,,Mild,Not reported,,2013,249,,0,0,0,Exon,Mid,0,0,e588e56c-8d7c-4ee5-bd19-734aa17481ae,12.7,Asian,On-Demand,78,0
c.2110C>T,154175976,p.(Pro704Ser),Pro685Ser,Missense,Substitution,13,685,A2,Heavy Chain,N,,,X,,Mild,No,1 stage-2 stage assay discrepancy,2012,233,,0,0,0,Exon,Mid,0,0,8d5a25fc-448d-447c-b73d-40316ed69e98,28.4,Hispanic,On-Demand,150,0
c.2111C>G,154175975,p.(Pro704Arg),Pro685Arg,Missense,Substitution,13,685,A2,Heavy chain,N,,,X,,Mild,No,,2018,300,,0,0,0,Exon,Mid,0,0,48b5109b-52b7-4d5e-8996-59eb8c817c84,22.3,Black,Prophylaxis,245,0
c.2111C>T,154175975,p.(Pro704Leu),Pro685Leu,Missense,Substitution,13,685,A2,Heavy chain,N,,,X,,Mild,No,,2013,239,,0,0,0,Exon,Mid,0,0,2d6b298f-1bf6-47fb-98c8-0f530cfc8f46,2,Asian,On-Demand,4,0
c.2113G>A,154175973,p.(Gly705Ser),Gly686Ser,Missense,Substitution,13,686,A2,Heavy chain,N,X,,,,Severe,Not reported,,0,0,,0,2,0,Exon,Mid,0,0,8adc51ad-8b10-4c4d-a598-4eddea0c23a3,3.9,Caucasian,Prophylaxis,27,1
c.2113G>C,154175973,p.(Gly705Arg),Gly686Arg,Missense,Substitution,13,686,A2,Heavy chain,N,X,,,,Severe,Yes,,2005,146,,1,2,0,Exon,Mid,0,0,482519ce-4968-466a-bc38-98f91c79bba4,4.7,Asian,Prophylaxis,52,0
c.[4169_4170insATCT;4172_4173insT],,p.(Asp1391Serfs*35),Asp1372Ser*35,Frameshift,Insertion,14,1372,B,Heavy chain,,,,,X,Severe,No,,1998,93,,0,2,1,Exon,Mid,1,2,406c929e-1508-4a94-acca-d4ecf1ae7398,1.9,Caucasian,On-Demand,1,0
c.[4738_4753del;4754_4771dup],154157312_154157327,p.(Leu1581Glyfs*41),Leu1562Glyfs*41,Frameshift,Deletion/Duplication,14,1562,B,Heavy chain,N,X,,,,Severe,No,,2020,324,X,0,2,1,Exon,Mid,1,2,af2f019a-5fa8-4458-bf15-62336ebb98a1,2,Black,On-Demand,17,1
c.2114-?_2995del,154159070_154159951,,,Large structural change (>50 bp),Deletion,14,,B,single domain,N,X,,,X,Severe,Not reported,,2018,293,,0,2,0,Exon,Mid,3,6,546bbf9d-a936-4450-aa1b-975281518eb6,2.9,Caucasian,Prophylaxis,36,0
c.2114-?_3555+?del,154158510_154159951,,,Large structural change (>50 bp),Deletion,14,,B,single domain,N,X,,,,Severe,Not reported,,2016,280,,0,2,0,Exon,Mid,3,6,9f7573ee-44a7-48d5-b60b-683765e9e4bb,2.6,Asian,Prophylaxis,35,0
c.2114-?_5219+?del,154156846_154159951,,,Large structural change (>50 bp),Deletion,14,,B,single domain,N,X,,,,Severe,No,,1987,"0, 6",,0,2,0,Exon,Mid,3,6,0dafa14b-241b-46e4-bee6-b0f802c031cd,5,Asian,Prophylaxis,47,0
c.2114-?_5219+?dup,154156846_154159951,,,Large structural change (>50 bp),Duplication,14,,B,single domain,N,X,,,,Severe,No,,2008,184,,0,2,0,Exon,Mid,3,6,025a8298-66d1-445c-a979-390df9ee6a35,3.8,Caucasian,Prophylaxis,30,0
c.2114G>A,154159951,p.(Gly705Asp),Gly686Asp,Missense,Substitution,14,686,A2,Heavy chain,N,X,,,,Severe,No,,2012,225,,0,2,0,Exon,Mid,0,0,e4475ccb-0540-47c9-ac7a-352f835b0d6d,4.1,Caucasian,Prophylaxis,57,0
c.2114G>C,154159951,p.(Gly705Ala),Gly686Ala,Missense,Substitution,14,686,A2,Heavy chain,N,,X,,,Moderate,No,,2022,342,X,0,1,0,Exon,Mid,0,0,aa3dc776-99fa-4bd2-8549-b0550ba5b9f6,0.8,Asian,Prophylaxis,15,0
c.2114G>T,154159951,p.(Gly705Val),Gly686Val,Missense,Substitution,14,686,A2,Heavy chain,N,,X,,,Moderate,No,,1995,70,,0,1,0,Exon,Mid,0,0,182794d4-1863-4a8f-9384-856e6e2c1fff,8.2,Black,Prophylaxis,87,0
c.2118dupA,154159947,p.(Trp707Metfs*23),Trp688Metfs*23,Frameshift,Duplication,14,688,A2,Heavy chain,N,X,,,,Severe,No,,2011,218,,0,2,1,Exon,Mid,1,2,1bebe4b9-3d52-4197-a0f2-2ff9ec3289f7,3.4,Caucasian,Prophylaxis,30,0
c.2119T>C,154159946,p.(Trp707Arg),Trp688Arg,Missense,Substitution,14,688,A2,Heavy chain,N,,,X,,Mild,Not reported,,2009,189,,0,0,0,Exon,Mid,0,0,5e482d9b-8376-451d-9547-007c32a3cb70,2,Caucasian,On-Demand,27,0
c.2120G>A,154159945,p.(Trp707*),Trp688*,Nonsense,Substitution,14,688,A2,Heavy chain,N,X,,,,Severe,No,,0,0,,0,2,1,Exon,Mid,4,8,33e605c5-0067-4a8a-abe7-d8ae8bd32799,4.4,Asian,Prophylaxis,43,0
c.2120G>T,154159945,p.(Trp707Leu),Trp688Leu,Missense,Substitution,14,688,A2,Heavy chain,N,,,X,,Mild,Not reported,1 stage-2 stage assay discrepancy,2013,243,,0,0,0,Exon,Mid,0,0,0db4843c-f2b3-4f76-8a90-7b3aa4e9f28a,42.2,Caucasian,On-Demand,208,0
c.2121G>A,154159944,p.(Trp707*),Trp688*,Nonsense,Substitution,14,688,A2,Heavy chain,N,X,,,,Severe,No,,2006,160,,0,2,1,Exon,Mid,4,8,5f900330-f09b-40ea-a1c2-0f6b92129493,3.5,Caucasian,Prophylaxis,41,0
c.2128G>T,154159937,p.(Gly710Trp),Gly691Trp,Missense,Substitution,14,691,A2,Heavy chain,N,,,,X,Not reported ,No,,2001,123,,0,,0,Exon,Mid,0,,d046002b-4ef8-4105-a3e4-2a0e0a1aaae6,11.1,Caucasian,On-Demand,66,1
c.2129G>A,154159936,p.(Gly710Glu),Gly691Glu,Missense,Substitution,14,691,A2,Heavy chain,N,,,X,,Mild,Not reported,,2013,245,,0,0,0,Exon,Mid,0,0,3656da12-5136-4031-a9f2-06c77a39129e,2,Caucasian,On-Demand,23,0
c.2129G>T,154159936,p.(Gly710Val),Gly691Val,Missense,Substitution,14,691,A2,Heavy chain,N,X,,,,Severe,Not reported,,2008,180,,0,2,0,Exon,Mid,0,0,081fe554-1506-4fd1-9a74-bc8bb77a0959,1.9,Caucasian,Prophylaxis,10,0
c.2130dupG,154159935,p.(Cys711Valfs*19),Cys692Valfs*19,Frameshift,Duplication,14,692,A2,Heavy chain,N,X,,,,Severe,Not reported,,2018,293,,0,2,1,Exon,Mid,1,2,55b96e22-ec35-4afb-9377-9d847fae442c,5.9,Caucasian,Prophylaxis,54,0
c.2131T>C,154159934,p.(Cys711Arg),Cys692Arg,Missense,Substitution,14,692,A2,Heavy chain,N,,,X,,Mild,No,,2007,161,,0,0,0,Exon,Mid,0,0,61734dce-3507-45dd-afd0-34785bbd8b37,14.6,Asian,On-Demand,86,0
c.2132G>A,154159933,p.(Cys711Tyr),Cys692Tyr,Missense,Substitution,14,692,A2,Heavy chain,N,X,,,,Severe,Not reported,,2007,162,,0,2,0,Exon,Mid,0,0,47dcb267-d342-4274-b8d9-b9d0c7f2155a,4,Caucasian,Prophylaxis,32,1
c.2132G>T,154159933,p.(Cys711Phe),Cys692Phe,Missense,Substitution,14,692,A2,Heavy chain,N,,X,,,Moderate,No,,0,0,,0,1,0,Exon,Mid,0,0,497baea7-2fd7-4080-9473-5cc3e1474db9,2.3,Caucasian,Prophylaxis,24,0
c.2133_2134insT,154159931_154159932,p.(His712Serfs*18),p.His693Serfs*18,Frameshift,Insertion,14,693,A2,Heavy chain,N,X,,,,Severe,Not reported,,2021,333,X,0,2,1,Exon,Mid,1,2,bc787414-3983-4bf7-b0ce-cdbdb1dc85d6,0.7,Asian,Prophylaxis,2,0
c.2133C>A,154159932,p.(Cys711*),Cys692*,Nonsense,Substitution,14,692,A2,Heavy chain,N,X,,,,Severe,Not reported,,2016,280,,0,2,1,Exon,Mid,4,8,ca397a7e-76c5-4c5e-ae2e-45f34dc82ba9,9.6,Caucasian,Prophylaxis,103,0
c.2138A>T,154159927,p.(Asn713Ile),Asn694Ile,Missense,Substitution,14,694,A2,Heavy chain,N,,,X,,Mild,Not reported,1 stage-2 stage assay discrepancy,2000,109,,0,0,0,Exon,Mid,0,0,795ce20d-cfe6-442a-bbc4-0cf265731558,24.3,Caucasian,On-Demand,133,0
c.2141C>T,154159924,p.(Ser714Leu),Ser695Leu,Missense,Substitution,14,695,A2,Heavy chain,N,,,X,,Mild,No,,2008,180,,0,0,0,Exon,Mid,0,0,88f82074-497e-47c9-8e7b-f7ec6080ac7b,7.2,Caucasian,On-Demand,24,0
c.2149C>T,154159916,p.(Arg717Trp),Arg698Trp,Missense,Substitution,14,698,A2,Heavy chain,N,,,X,,Mild,Not reported,1 stage-2 stage assay discrepancy,1992,43,,0,0,0,Exon,Mid,0,0,6a1e6763-9683-4d62-bb02-c5177cfda241,34.9,Caucasian,On-Demand,185,0
c.2150G>A,154159915,p.(Arg717Gln),Arg698Gln,Missense,Substitution,14,698,A2,Heavy chain,N,,,X,,Mild,No,,0,0,,0,0,0,Exon,Mid,0,0,295a9b26-df4b-4f5e-8613-4b018c56b67f,15.4,Black,On-Demand,88,0
c.2150G>T,154159915,p.(Arg717Leu),Arg698Leu,Missense,Substitution,14,698,A2,Heavy chain,N,,,X,,Mild,No,1 stage-2 stage assay discrepancy,1996,75,,0,0,0,Exon,Mid,0,0,4d275dc3-3de1-4219-8d1a-fffd7ac127fe,2,Caucasian,On-Demand,5,0
c.2152_2153delAA,154159912_154159913,p.(Asn718Glufs*11),Asn699Glufs*11,Frameshift,Deletion,14,699,A2,Heavy chain,N,X,,,,Severe,Yes,,2021,337,X,1,2,1,Exon,Mid,1,2,02288139-dd47-4f32-9e50-78c253071ec3,2.3,Asian,Prophylaxis,23,0
c.2154dupC,154159911,p.(Arg719Glnfs*11),Arg700ThrGlnfs*11,Frameshift,Duplication,14,700,A2,Heavy chain,N,X,,,,Severe,Not reported,,2018,293,,0,2,1,Exon,Mid,1,2,8257bdd8-6dc4-4e90-87bc-e68234c39bb5,5.9,Hispanic,Prophylaxis,60,0
c.2156G>C,154159909,p.(Arg719Thr),Arg700Thr,Missense,Substitution,14,700,A2,Heavy Chain,N,,,X,,Mild,No,,2009,199,,0,0,0,Exon,Mid,0,0,c7986450-7dce-40e3-bf16-043d619451f8,15.3,Hispanic,On-Demand,97,0
c.2157_2158delAG,154159907_154159908,p.(Gly720Hisfs*9),Gly701Hisfs*9,Frameshift,Deletion,14,701,A2,Heavy Chain,N,,,X,,Mild,No,,2022,342,X,0,0,1,Exon,Mid,1,0,0a30aaa0-9ccc-421a-9560-6fc43911551e,10.7,Black,On-Demand,71,1
c.2158G>A,154159907,p.(Gly720Ser),Gly701Ser,Missense,Substitution,14,701,A2,Heavy chain,N,,,,,Severe,No,,2003,136,,0,2,0,Exon,Mid,0,0,db01d79b-9301-4abe-bd45-6ac7a6a1f1b1,1.3,Black,Prophylaxis,1,0
c.2158G>C,154159907,p.(Gly720Arg),Gly701Arg,Missense,Substitution,14,701,A2,Heavy chain,N,X,,,,Severe,No,,2012,231,,0,2,0,Exon,Mid,0,0,b842e172-27f2-4073-afb1-c1ffbb0f7f1d,4.3,Caucasian,Prophylaxis,66,0
c.2158G>T,154159907,p.(Gly720Cys),Gly701Cys,Missense,Substitution,14,701,A2,Heavy Chain,N,X,,,,Severe,No,,2012,233,,0,2,0,Exon,Mid,0,0,d142985a-8b89-46e2-a71d-a4e2d5da5407,2.9,Caucasian,Prophylaxis,23,0
c.2159G>A,154159906,p.(Gly720Asp),Gly701Asp,Missense,Substitution,14,701,A2,Heavy chain,N,,X,,,Moderate,Yes,,1995,67,,1,1,0,Exon,Mid,0,0,c2a7d684-3efa-4f6d-b6c1-9c39e3e477c1,9.7,Caucasian,Prophylaxis,94,0
c.2159G>C,154159906,p.(Gly720Ala),Gly701Ala,Missense,Substitution,14,701,A2,Heavy chain,N,,,,,Severe,Yes,,2006,158,,1,2,0,Exon,Mid,0,0,72eec87c-5c54-437b-857a-c1946e914bfe,20.1,Asian,Prophylaxis,202,0
c.2159G>T,154159906,p.(Gly720Val),Gly701Val,Missense,Substitution,14,701,A2,Heavy chain,N,X,,,,Severe,No,,2018,306,,0,2,0,Exon,Mid,0,0,bd1b134d-8494-4caf-bde6-8d6c9075ffaa,5.9,Other,Prophylaxis,52,0
c.2161A>C,154159904,p.(Met721Leu),Met702Leu,Missense,Substitution,14,702,A2,Heavy chain,N,,X,,,Mild,No,,1998,87,,0,0,0,Exon,Mid,0,0,9505c96b-18f8-4402-b3de-7431a42528ca,27.9,Caucasian,On-Demand,134,0
c.2161A>G,154159904,p.(Met721Val),Met702Val,Missense,Substitution,14,702,A2,Heavy chain,N,X,,,,Severe,Not reported,,2008,"183, 186",,0,2,0,Exon,Mid,0,0,ae3ce264-65e5-47a9-a7f8-ee22a45cb746,2.2,Caucasian,Prophylaxis,20,0
c.2161A>T,154159904,p.(Met721Leu),Met702Leu,Missense,Substitution,14,702,A2,Heavy chain,N,,,X,,Mild,No,,2007,161,,0,0,0,Exon,Mid,0,0,8d65a381-50b0-48a5-907e-ce2403cdf5f4,11.5,Caucasian,On-Demand,56,0
c.2162T>A,154159903,p.(Met721Lys),Met702Lys,Missense,Substitution,14,702,A2,Heavy Chain,N,X,,,,Severe,No,,2016,282,,0,2,0,Exon,Mid,0,0,dbf770fa-3d1f-4b7d-bf75-2850ff3eb004,3.9,Black,Prophylaxis,49,0
c.2162T>C,154159903,p.(Met721Thr),Met702Thr,Missense,Substitution,14,702,A2,Heavy chain,N,,X,,,Moderate,Not reported,,2013,249,,0,1,0,Exon,Mid,0,0,2b9d4bb8-eff3-458b-926a-bb71fefb4dd4,7,Hispanic,Prophylaxis,77,0
c.2163G>C,154159902,p.(Met721Ile),Met702Ile,Missense,Substitution,14,702,A2,Heavy chain,N,X,,,,Severe,No,,2002,130,,0,2,0,Exon,Mid,0,0,a5027530-4d49-450f-828f-95519fb0a8a9,11.1,Black,Prophylaxis,130,0
c.2164dupA,154159901,p.(Thr722Asnfs*8),Thr703Asnfs*8,Frameshift,Duplication,14,703,A2,Heavy chain,N,X,,,,Severe,No,,0,0,,0,2,1,Exon,Mid,1,2,3428ae2d-2263-4d2d-b7e2-5738954555db,3.9,Caucasian,On-Demand,18,0
c.2167G>A,154159898,p.(Ala723Thr),Ala704Thr,Missense,Substitution,14,704,A2,Heavy chain,N,,,,X,Mild/Moderate,Not reported,,1991,36,,0,,0,Exon,Mid,0,,f99908a3-99d2-42df-a0e2-36e8f93eefdd,8.4,Caucasian,On-Demand,50,0
c.2167G>T,154159898,p.(Ala723Ser),Ala704Ser,Missense,Substitution,14,704,A2,Heavy chain,N,,,X,,Mild,No,,2012,231,,0,0,0,Exon,Mid,0,0,3c2e93de-7763-4a5d-89eb-9c7e265bf2a3,39.3,Caucasian,On-Demand,205,0
c.2168C>A,154159897,p.(Ala723Asp),Ala704Asp,Missense,Substitution,14,704,A2,Heavy chain,N,X,,,,Severe,No,,0,0,,0,2,0,Exon,Mid,0,0,2625712e-a798-4a2d-8e8b-ba09c077bc05,3.3,Black,Prophylaxis,32,0
c.2172A>T,154159893,p.(Leu724Phe),Leu705Phe,Missense,Substitution,14,705,A2,Heavy chain,N,,,X,,Mild,No,,2008,180,,0,0,0,Exon,Mid,0,0,37128fae-7b96-4600-874a-3daedb01050f,22.7,Asian,Prophylaxis,226,0
c.2174T>A,154159891,p.(Leu725Gln),Leu706Gln,Missense,Substitution,14,706,A2,Heavy chain,N,X,,,,Severe,Not reported,,2002,127,,0,2,0,Exon,Mid,0,0,690ce42d-f5ff-4b74-9f86-8dee20d189c7,1.9,Hispanic,Prophylaxis,18,0
c.2174T>C,154159891,p.(Leu725Pro),Leu706Pro,Missense,Substitution,14,706,A2,Heavy chain,N,X,,,,Severe,Not reported,,2018,293,,0,2,0,Exon,Mid,0,0,16a118b0-f28b-4332-aa59-cc6fcb5ec3c5,11.5,Asian,Prophylaxis,113,0
c.2175_2184del,154159881_154159890,p.(Lys726Valfs*22),Lys708Valfs*22,Frameshift,Deletion,14,708,A2,Heavy chain,N,X,,,,Severe,Not reported,,2018,293,,0,2,1,Exon,Mid,1,2,cebbc4af-bca5-4be8-bca3-58e10c5751a1,3.7,Caucasian,Prophylaxis,25,0
c.2177_2178insAATGA,154159887_154159888,p.(Val727Metfs*26),Val708Metfs*26,Frameshift,Insertion,14,708,A2,Heavy chain,N,,,,,Severe,No,,2003,136,,0,2,1,Exon,Mid,1,2,f37a0984-ec55-4d18-95b5-d2a93c640076,2.2,Asian,Prophylaxis,41,0
c.2179G>T,154159886,p.(Val727Phe),Val708Phe,Missense,Substitution,14,708,A2,Heavy chain,N,X,,,,Severe,Yes,,1998,84,,1,2,0,Exon,Mid,0,0,4fba3ac5-8512-4b7f-bef3-80e19876b789,4,Caucasian,Prophylaxis,32,0
c.2182delT,154159883,p.(Ser728Leufs*23),Ser709Leufs*23,Frameshift,Deletion,14,709,A2,Heavy chain,N,,X,,,Moderate/Severe,Yes,,2008,178,,1,,1,Exon,Mid,1,,1874f937-f8d7-4672-9ada-6cafd4d8306b,10.5,Black,On-Demand,41,0
c.2185delA,154159880,p.(Ser729Valfs*22),Ser710Valfs*22,Frameshift,Deletion,14,710,A2,Heavy chain,N,,X,,,Moderate,Not reported,,2019,316,,0,1,1,Exon,Mid,1,1,76760539-15b1-4b11-9d0c-86101da03ebf,9.6,Black,Prophylaxis,102,0
c.2186delG,154159879,p.(Ser729Ilefs*22),Ser710Ilefs*22,Frameshift,Deletion,14,710,A2,Heavy chain,N,,X,,,Moderate,No,,2010,205,,0,1,1,Exon,Mid,1,1,49cdfb67-79a8-47dd-ab01-f25d0a786588,3.5,Caucasian,Prophylaxis,46,0
c.2188T>G,154159877,p.(Cys730Gly),Cys711Gly,Missense,Substitution,14,711,A2,Heavy chain,N,X,,,,Severe,No,,2012,231,,0,2,0,Exon,Mid,0,0,926ee211-2247-42d2-9acf-30eb276f9534,5,Hispanic,Prophylaxis,73,1
c.2189G>A,154159876,p.(Cys730Tyr),Cys711Tyr,Missense,Substitution,14,711,A2,Heavy chain,N,X,,,,Severe,No,,2014,254,,0,2,0,Exon,Mid,0,0,aa27d3a4-1301-4fa6-a973-8ef639d32886,8.9,Black,Prophylaxis,88,0
c.2189G>T,154159876,p.(Cys730Phe),Cys711Phe,Missense,Substitution,14,711,A2,Heavy chain,N,,,,X,Not reported,Not reported,,2022,345,X,0,,0,Exon,Mid,0,,deb3123e-ca25-40d7-96b0-55d4abd093c3,2,Black,On-Demand,5,0
c.2202delT,154159863,p.(Gly735Valfs*16),Gly716Valfs*16,Frameshift,Deletion,14,716,a2,Heavy chain,N,X,,,,Severe,Not reported,,2008,"183, 186",,0,2,1,Exon,Mid,1,2,37897b74-0fcb-4a88-ac9a-622e62acb367,2.5,Caucasian,Prophylaxis,38,0
c.2203_2204insAGAA,154159861_154159862,p.(Gly735Glufs*3),Gly716Glufs*3,Frameshift,Insertion,14,716,a2,Heavy chain,N,,,,,Severe,No,,2006,158,,0,2,1,Exon,Mid,1,2,c83d4f53-baa2-4962-bb1a-9103901578bd,1.9,Black,Prophylaxis,33,0
c.2208_2214delinsCTCTT,154159851_154159857,p.(Tyr737Serfs*2),Tyr718Serfs*2,Frameshift,Deletion/Insertion,14,718,a2,Heavy chain,N,X,,,,Severe,Yes,,2002,125,,1,2,1,Exon,Mid,1,2,7eea4a2c-21ad-43a1-a7d2-98e972cc5266,1.5,Hispanic,Prophylaxis,2,1
c.2208T>G,154159857,p.(Asp736Glu),Asp717Glu,Missense,Substitution,14,717,a2,Heavy chain,N,,,,X,Not reported,Not reported,,2022,345,X,0,,0,Exon,Mid,0,,fc20f144-9335-478f-989d-64b1688c0134,12.1,Asian,On-Demand,71,0
c.2210A>G,154159855,p.(Tyr737Cys),Tyr718Cys,Missense,Substitution,14,718,a2,Heavy chain,N,,,X,,Mild,No,,2014,"259, 260",,0,0,0,Exon,Mid,0,0,e9e7a99a-38fa-45bf-a93c-f4565be9f364,9.4,Caucasian,On-Demand,39,0
c.2212T>G,154159853,p.(Tyr738Asp),Tyr719Asp,Missense,Substitution,14,719,a2,Heavy chain,N,,,,X,Not reported,Not reported,,2017,289,,0,,0,Exon,Mid,0,,492589b6-ab04-4078-b8b9-f3d0f4257cf6,30,Asian,On-Demand,146,0
c.2213A>G,154159852,p.(Tyr738Cys),Tyr719Cys,Missense,Substitution,14,719,a2,Heavy chain,N,,,,X,Mild/Moderate,No,,2005,152,,0,,0,Exon,Mid,0,,9f58327b-465e-45c9-a11b-a2df54998d02,2,Hispanic,On-Demand,13,0
c.2214C>A,154159851,p.(Tyr738*),Tyr719*,Nonsense,Substitution,14,719,a2,Heavy chain,N,X,,,,Severe,Not reported,,2018,293,,0,2,1,Exon,Mid,4,8,6e537554-9b46-477d-afd4-903987d802d8,6.7,Caucasian,On-Demand,38,0
c.2214C>G,154159851,p.(Tyr738*),Tyr719*,Nonsense,Substitution,14,719,a2,Heavy chain,N,X,,,,Severe,Not reported,,1997,78,,0,2,1,Exon,Mid,4,8,85b0bfd2-94b6-44f1-a984-bc52019cc048,5.2,Caucasian,Prophylaxis,49,0
c.2215G>T,154159850,p.(Glu739*),Glu720*,Nonsense,Substitution,14,720,a2,Heavy chain,N,,,,,Severe,No,,2003,136,,0,2,1,Exon,Mid,4,8,e62308f6-823e-486f-8b6d-2c823723657d,8,Asian,Prophylaxis,85,0
c.2216delA,154159849,p.(Glu739Glyfs*12),Glu720Glyfs*12,Frameshift,Deletion,14,720,a2,Heavy chain,N,X,,,,Severe,Not reported,,2008,"183, 186",,0,2,1,Exon,Mid,1,2,3679e39f-2e7a-4e2d-94bf-94d7ea97719b,5.6,Caucasian,Prophylaxis,64,0
c.2225A>G,154159840,p.(Tyr742Cys),Tyr723Cys,Missense,Substitution,14,723,a2,Heavy chain,N,,,X,,Mild,No,,1998,87,,0,0,0,Exon,Mid,0,0,a5b6f120-6db6-4b13-9301-e203e4fb48a0,4.4,Asian,On-Demand,3,0
c.2227G>T,154159838,p.(Glu743*),Glu724*,Nonsense,Substitution,14,724,a2,Heavy chain,N,X,,,,Severe,No,,2020,320,X,0,2,1,Exon,Mid,4,8,1bee683f-8229-43db-a3eb-cc0d9d468122,7.9,Hispanic,Prophylaxis,101,1
c.2236dupT,154159829,p.(Ser746Phefs*7),Ser727Phefs*7,Frameshift,Duplication,14,727,a2,Heavy chain,N,,,X,,Moderate,No,,2012,226,,0,1,1,Exon,Mid,1,1,84c8bd90-b35b-4ad5-ab45-553a1162ee6b,1,Caucasian,Prophylaxis,9,0
c.2237C>G,154159828,p.(Ser746*),Ser727*,Nonsense,Substitution,14,727,a2,Heavy chain,N,,,,X,Not reported,Not reported,,2021,332,X,0,,1,Exon,Mid,4,,1d2d6ec4-b4a1-42ea-891b-0b8930fb9080,12.5,Caucasian,On-Demand,67,0
c.2243A>G,154159822,p.(Tyr748Cys),Tyr729Cys,Missense,Substitution,14,729,a2,Heavy chain,N,,,X,,Mild,Not reported,,2013,249,,0,0,0,Exon,Mid,0,0,b82d31d5-6e22-4d77-b719-1874d10f79e9,2,Caucasian,On-Demand,12,0
c.2244C>A,154159821,p.(Tyr748*),Tyr729*,Nonsense,Substitution,14,729,a2,Heavy chain,N,X,,,,Severe,Not reported,,1996,74,,0,2,1,Exon,Mid,4,8,d248494a-e38e-46eb-a169-87d7c227fd49,1.2,Caucasian,Prophylaxis,7,0
c.2246T>A,154159819,p.(Leu749*),Leu730*,Nonsense,Substitution,14,730,a2,Heavy chain,N,X,,,,Severe,No,,2001,116,,0,2,1,Exon,Mid,4,8,1c29146b-ae8a-4af3-a3db-0d3f131401bf,4.7,Hispanic,Prophylaxis,64,0
c.2248C>G,154159817,p.(Leu750Val),Leu731Val,Missense,Substitution,14,731,a2,Heavy chain,N,,X,,,Moderate,Yes,,2008,180,,1,1,0,Exon,Mid,0,0,a54e2df3-cca6-4591-b7b4-0cdb27b07829,17.5,Caucasian,Prophylaxis,182,1
c.2253delT,154159812,p.(Ser751Argfs*35),Ser732Argfs*35,Frameshift,Deletion,14,732,B,Heavy chain,N,,,,X,Not reported,Not reported,,2022,345,X,0,,1,Exon,Mid,1,,32ac9abf-5536-4d66-8154-e9bd472145b1,10.2,Caucasian,On-Demand,56,0
c.2259delC,154159806,p.(Asn753Lysfs*33),Asn734Lysfs*33,Frameshift,Deletion,14,734,B,Heavy chain,Y,X,,,,Severe,Yes,,2013,249,,1,2,1,Exon,Mid,1,2,c879346e-6752-4412-ad19-8e5809ba7294,2,Caucasian,Prophylaxis,11,0
c.2271_2272insG,154159793_154159794,p.(Pro758Alafs*12),Pro739Alafs*12,Frameshift,Insertion,14,739,B,Heavy chain,N,X,,,,Severe,Yes,,2013,249,,1,2,1,Exon,Mid,1,2,87ffd777-39f3-466b-9893-9e8bdf55bd09,5.4,Caucasian,Prophylaxis,44,0
c.2275A>T,154159790,p.(Arg759*),Arg740*,Nonsense,Substitution,14,740,B,Heavy chain,,X,,,,Severe,Not reported,,2021,333,X,0,2,1,Exon,Mid,4,8,65ab9130-98c9-4333-9e6a-49bfb6e3b17e,7.9,Caucasian,Prophylaxis,82,0
c.2294C>G,154159771,p.(Ser765*),Ser746*,Nonsense,Substitution,14,746,B,Heavy chain,N,X,,,,Severe,Yes,,2014,258,,1,2,1,Exon,Mid,4,8,8bc5e0b2-d32d-48ca-bdba-82628e7ed378,3.1,Caucasian,Prophylaxis,43,1
c.2309C>G,154159756,p.(Thr770Ser),Thr751Ser,Missense,Substitution,14,751,B,Heavy chain,N,,,X,,Mild,No,,2007,161,,0,0,0,Exon,Mid,0,0,13a46ea1-4738-40cf-a3de-3cfa5132ef25,3.9,Caucasian,On-Demand,1,0
c.2314C>T,154159751,p.(Gln772*),Gln753*,Nonsense,Substitution,14,753,B,Heavy chain,N,X,,,,Severe,Not reported,,2008,181,,0,2,1,Exon,Mid,4,8,de616a79-4e1a-4dd1-9f4a-4ed2cda4ee5a,4.4,Caucasian,Prophylaxis,38,0
c.2317_2318del,154159747_154159748,p.(Lys773Alafs*3),Lys754Alafs*3,Frameshift,Deletion,14,754,B,Heavy chain,Y,X,,,,Severe,No,,2007,168,,0,2,1,Exon,Mid,1,2,78a129b6-f454-4ace-9ca5-8715faaa744a,3.1,Caucasian,Prophylaxis,33,0
c.2320C>T,154159745,p.(Gln774*),Gln755*,Nonsense,Substitution,14,755,B,Heavy chain,N,X,,,,Severe,No,,2002,130,,0,2,1,Exon,Mid,4,8,d6d30b71-4c23-4ab4-be1f-cfb0269c5311,6.4,Caucasian,Prophylaxis,57,0
c.2322del,154159743,p.(Gln774Hisfs*12),Gln755Hisfs*12,Frameshift,Deletion,14,755,B,Heavy chain,N,X,,,,Severe,No,,2020,320,X,0,2,1,Exon,Mid,1,2,87014431-ee71-487c-aa8c-4e283249973e,3.8,Other,Prophylaxis,10,0
c.2331delC,154159734,p.(Thr778Profs*8),Thr759Profs*8,Frameshift,Deletion,14,759,B,Heavy chain,N,X,,,,Severe,Not reported,,2016,280,,0,2,1,Exon,Mid,1,2,b4ab8402-4b20-4ad2-8e34-95e610c21c11,3.4,Caucasian,Prophylaxis,41,0
c.2344G>T,154159721,p.(Glu782*),Glu763*,Nonsense,Substitution,14,763,B,Heavy chain,N,X,,,,Severe,Yes,,2022,348,X,1,2,1,Exon,Mid,4,8,52612bfa-5608-4ad6-bfcd-d652edeebdff,4.1,Asian,Prophylaxis,32,0
c.2347_2348del,154159717_154159718,p.(Asn783*),Asn764*,Frameshift,Deletion,14,764,B,Heavy chain,Y,X,,,,Severe,No,,2012,229,,0,2,1,Exon,Mid,1,2,15c3d8b3-94e9-4021-91ef-cfef8eab5c7d,2.7,Caucasian,Prophylaxis,15,0
c.2348delA,154159717,p.(Asn783Metfs*3),Asn764Metfs*3,Frameshift,Deletion,14,764,B,Heavy chain,Y,X,,,,Severe,Not reported,,2010,213,,0,2,1,Exon,Mid,1,2,66c7db50-e48f-4fe9-a831-8ee1d769dbb7,5.2,Hispanic,Prophylaxis,61,0
c.2352delC,154159713,p.(Asp784Glufs*2),Asp765Glufs*2,Frameshift,Deletion,14,765,B,Heavy chain,N,,,,X,Not reported,Not Reported,,2022,345,X,,,1,Exon,Mid,1,,50f8a6a6-bc0f-45e9-bbc5-52887f3add2a,2,Caucasian,Prophylaxis,29,1
c.2353delA,154159712,p.(Ile785*),Ile766*,Frameshift,Deletion,14,766,B,Heavy chain,N,X,,,,Severe,Not reported,,2016,280,,0,2,1,Exon,Mid,1,2,6252a385-46c5-468d-8cde-042f7a9c5727,3.6,Black,Prophylaxis,34,0
c.2358_2359del,154159706_154159707,p.(Lys787Aspfs*2),Lys768Aspfs*2,Frameshift,Deletion,14,768,B,Heavy chain,N,X,,,,Severe,No,,2012,231,,0,2,1,Exon,Mid,1,2,e250fbee-9dea-4d27-8b29-feaf282c3632,5.6,Caucasian,Prophylaxis,43,0
c.2360delA,154159705,p.(Lys787Argfs*24),Lys768Argfs*24,Frameshift,Deletion,14,768,B,Heavy chain,Y,X,,,,Severe,No,,1998,87,,0,2,1,Exon,Mid,1,2,d1052b59-ad80-4079-830e-bb07f5389d23,4.9,Other,Prophylaxis,48,0
c.2369delC,154159696,p.(Pro790Leufs*21),Pro771Leufs*21,Frameshift,Deletion,14,771,B,Heavy chain,N,,,,,Severe,No,,2006,158,,0,2,1,Exon,Mid,1,2,8bb37568-4b71-4231-896f-9e8100c71426,2.7,Black,Prophylaxis,40,0
c.2372G>A,154159693,p.(Trp791*),Trp772*,Nonsense,Substitution,14,772,B,Heavy chain,N,X,,,,Severe,Not reported,,2008,"183, 186",,0,2,1,Exon,Mid,4,8,23287b77-05a1-4706-be23-c2766d543b1f,8.5,Caucasian,Prophylaxis,96,0
c.2373dupG,154159692,p.(Phe792Valfs*9),Phe773Valfs*9,Frameshift,Duplication,14,773,B,Heavy chain,N,X,,,,Severe,No,,2001,116,,0,2,1,Exon,Mid,1,2,6a4f4a3c-9493-4035-954b-93daab9096b9,4.7,Hispanic,Prophylaxis,58,0
c.2373G>A,154159692,p.(Trp791*),Trp772*,Nonsense,Substitution,14,772,B,Heavy chain,N,X,X,,,Moderate/Severe,No,,2010,"0, 210",,0,,1,Exon,Mid,4,,a9cda357-f13e-4683-ae27-b561f9a1f104,2,Caucasian,On-Demand,1,0
c.2376delT,154159689,p.(Phe792Leufs*19),Phe773Leufs*19,Frameshift,Deletion,14,773,B,Heavy chain,N,X,,,,Severe,Not reported,,2007,162,,0,2,1,Exon,Mid,1,2,79be90ed-4c80-4a48-a092-4f0198adb829,3.3,Caucasian,Prophylaxis,42,0
c.2378delC,154159687,p.(Ala793Aspfs*18),Ala774Aspfs*18,Frameshift,Deletion,14,774,B,Heavy chain,N,X,,,,Severe,No,,2018,300,,0,2,1,Exon,Mid,1,2,dee54a17-6d1c-4822-b01a-6c780a8d17f0,6.6,Caucasian,Prophylaxis,62,0
c.2383A>T,154159682,p.(Arg795*),Arg776*,Nonsense,Substitution,14,776,B,Heavy chain,N,X,,,,Severe,Yes,,2014,264,,1,2,1,Exon,Mid,4,8,1adfaedc-a686-40e1-a80a-84dc5df0d9c4,1.6,Caucasian,Prophylaxis,9,0
c.2384_2388del,154159677_154159681,p.(Arg795Thrfs*4),Arg776Thrfs*4,Frameshift,Deletion,14,776,B,Heavy chain,N,X,,,,Severe,Not reported,,1996,72,,0,2,1,Exon,Mid,1,2,1bf868f9-8ccd-4595-b43e-a0b0fe2d2df2,9.3,Caucasian,Prophylaxis,87,0
c.2386delA,154159679,p.(Thr796Hisfs*15),Thr777Hisfs*15,Frameshift,Deletion,14,777,B,Heavy chain,N,X,,,,Severe,Not reported,,2018,293,,0,2,1,Exon,Mid,1,2,74bdfdd1-43e3-4ff9-a66b-8ab7cb89bbf8,1.3,Black,Prophylaxis,24,0
c.2387delC,154159678,p.(Thr796Asnfs*15),Thr777Asnfs*15,Frameshift,Deletion,14,777,B,Heavy chain,N,X,,,,Severe,Not Reported,,2016,280,,0,2,1,Exon,Mid,1,2,1ffaea55-07d5-4c96-b732-4324418d53bd,5.9,Hispanic,Prophylaxis,48,0
c.2393T>C,154159672,p.(Met798Thr),Met779Thr,Missense,Substitution,14,779,B,Heavy chain,N,X,,,,Severe,Yes,,2022,348,X,1,2,0,Exon,Mid,0,0,6e2f7da1-923b-4bcf-9b8a-1370e82b02e5,6.4,Black,On-Demand,35,0
c.2397delT,154159668,p.(Ile801Tyrfs*10),Ile782Tyrfs*10,Frameshift,Deletion,14,782,B,Heavy chain,N,X,,,,Severe,No,,2007,168,,0,2,1,Exon,Mid,1,2,3e430937-b6dd-4cfa-8e19-2b962fd9fb21,4.3,Caucasian,Prophylaxis,57,0
c.2404C>T,154159661,p.(Gln802*),Gln783*,Nonsense,Substitution,14,783,B,Heavy chain,N,X,,,,Severe,No,,2012,234,,0,2,1,Exon,Mid,4,8,7a19cc51-32ba-43db-adb0-9c3547bdfd1e,2.4,Caucasian,On-Demand,10,0
c.2409delT,154159656,p.(Asn803Lysfs*8),Asn784Lysfs*8,Frameshift,Deletion,14,784,B,Heavy chain,N,X,,,,Severe,No,,2000,"0, 112",,0,2,1,Exon,Mid,1,2,d4efedb0-169c-4076-87a4-a8df1f6fb16f,2.7,Hispanic,Prophylaxis,18,0
c.2409T>C,154159656,p.(=),0,Synonymous,Substitution,14,784,B,Heavy chain,N,X,,,,Severe,No,,2012,226,,0,2,0,Exon,Mid,2,4,fa8dfebd-8f02-4355-952f-a370de3423db,2.4,Caucasian,Prophylaxis,26,0
c.2410_2417dup,154159648_154159655,p.(Asp808Profs*6),Asn789Profs*6,Frameshift,Duplication,14,789,B,Heavy chain,N,X,,,,Severe,Not reported,,2018,293,,0,2,1,Exon,Mid,1,2,5ce446e1-fce7-40d5-909f-b4f399af240f,7.5,Caucasian,Prophylaxis,81,0
c.2412_2421del,154159644_154159653,p.(Ser805Ilefs*3),Ser786Ilefs*3,Frameshift,Deletion,14,786,B,Heavy chain,N,,X,,,Severe,No,,0,0,,0,2,1,Exon,Mid,1,2,a926e32f-4747-4e3f-a936-288d2ab2555d,2.7,Asian,Prophylaxis,20,1
c.2414_2418dup,154159647_154159651,p.(Ser807Profs*6),Ser788Profs*6,Frameshift,Duplication,14,788,B,Heavy chain,N,X,,,,Severe,Not reported,,2012,224,,0,2,1,Exon,Mid,1,2,8d11d4a1-e76e-4b75-9898-a54f00467bbe,5.4,Caucasian,Prophylaxis,42,0
c.2415delC,154159650,p.(Ser806Leufs*5),Ser787Leufs*5,Frameshift,Deletion,14,787,B,Heavy chain,N,X,,,,Severe,Not reported,,2016,280,,0,2,1,Exon,Mid,1,2,ecf17522-159d-43bb-bd38-27dfe91ff8f3,6,Asian,Prophylaxis,50,0
c.2417delC,154159648,p.(Ser806Leufs*5),Ser787Leufs*5,Frameshift,Deletion,14,787,B,Heavy chain,N,X,,,,Severe,No,,2008,180,,0,2,1,Exon,Mid,1,2,810b52f1-be67-4485-b77c-a600656987f4,3,Caucasian,On-Demand,3,0
c.2419dupA,154159646,p.(Ser807Lysfs*2),Ser788Lysfs*2,Frameshift,Duplication,14,788,B,Heavy chain,N,X,,,,Severe,Yes,,2008,180,,1,2,1,Exon,Mid,1,2,e9cd5fe0-bfd6-4dbb-a3ee-ec113fb5e8e6,4.1,Black,Prophylaxis,20,0
c.2438_2448del,154159617_154159627,p.(Leu813Serfs*10),Leu794Serfs*10,Frameshift,Deletion,14,794,B,Heavy chain,N,X,,,,Severe,Not reported,,2021,330,X,0,2,1,Exon,Mid,1,2,3f995caf-8e9d-4e0b-a89f-f3825ae51b0a,1,Black,Prophylaxis,5,1
c.2440C>T,154159625,p.(Arg814*),Arg795*,Nonsense,Substitution,14,795,B,Heavy chain,N,X,,,,Severe,No,,1990,33,,0,2,1,Exon,Mid,4,8,453773e2-9379-487c-a370-9848f016543f,1.6,Asian,Prophylaxis,23,0
c.2442delinsGCC,154159623,p.(Gln815Profs*31),Gln796Profs*31,Frameshift,Deletion/Insertion,14,796,B,Heavy chain,N,,X,,,Moderate,Not reported,,2016,280,,0,1,1,Exon,Mid,1,1,03dabc5b-5794-4578-8c01-4c0f18d5cb8e,2.1,Caucasian,Prophylaxis,29,0
c.2443C>T,154159622,p.(Gln815*),Gln796*,Nonsense,Substitution,14,796,B,Heavy chain,N,X,,,,Severe,No,,2001,116,,0,2,1,Exon,Mid,4,8,606e053a-7dee-4949-a4d3-08e0cd08878e,5.8,Caucasian,Prophylaxis,65,0
c.2444dupA,154159621,p.(Ser816Glufs*11),Ser797Glufs*11,Frameshift,Duplication,14,797,B,Heavy chain,N,X,,,,Severe,No,,2012,233,,0,2,1,Exon,Mid,1,2,44d3ab73-bdc5-4842-8cad-7f4c331298c6,0.9,Caucasian,Prophylaxis,6,0
c.2446_2447del,154159620_154159621,p.(Pro817Tyrfs*9),Pro798Tyrfs*9,Frameshift,Deletion,14,798,B,Heavy chain,N,X,,,,Severe,No,,2018,306,,0,2,1,Exon,Mid,1,2,68cedf92-fdeb-4e24-91bb-e349723a16e8,6.9,Black,Prophylaxis,76,0
c.2452dupA,154159613,p.(Thr818Aspfs*9),Thr799Aspfs*9,Frameshift,Duplication,14,799,B,Heavy chain,N,X,,,,Severe,Yes,,2017,288,,1,2,1,Exon,Mid,1,2,79c1d7f6-4d11-4abd-bee9-ac908c28a317,2.6,Black,Prophylaxis,20,0
c.2464del,154159601,p.(Leu822Tyrfs*23),Leu803Tyrfs*23,Frameshift,Deletion,14,803,B,Heavy chain,N,X,,,,Severe,Yes,,2020,320,X,1,2,1,Exon,Mid,1,2,c69d0a4e-f33f-440c-a89f-054f52482f23,6,Caucasian,Prophylaxis,68,0
c.2482C>T,154159583,p.(Gln828*),Gln809*,Nonsense,Substitution,14,809,B,Heavy chain,N,,,,X,Severe,No,,0,0,,0,2,1,Exon,Mid,4,8,6c65d8ae-63c1-4274-8e84-38aad9683e95,1.7,Caucasian,Prophylaxis,25,0
c.2485delG,154159580,p.(Glu829Lysfs*16),Glu810Lysfs*16,Frameshift,Deletion,14,810,B,Heavy chain,N,X,,,,Severe,No,,2001,119,,0,2,1,Exon,Mid,1,2,a46af755-c662-47ce-98e4-3296c7dfd8ec,3.4,Black,Prophylaxis,39,0
c.2485dupG,154159580,p.(Glu829Glyfs*5),Glu810Glyfs*5,Frameshift,Duplication,14,810,B,Heavy chain,N,X,,,,Severe,No,,2010,209,,0,2,1,Exon,Mid,1,2,50e32dfe-381b-4d81-be98-b0cad6f664c3,2,Asian,Prophylaxis,11,1
c.2485G>T,154159580,p.(Glu829*),Glu810*,Nonsense,Substitution,14,810,B,Heavy chain,N,,,,X,Severe,No,,0,0,,0,2,1,Exon,Mid,4,8,15d50d53-4a48-4b5e-b7f9-d8db435ec0b1,5.6,Caucasian,On-Demand,15,0
c.2487delA,154159578,p.(Ala830Profs*15),Ala811Profs*15,Frameshift,Deletion,14,811,B,Heavy chain,N,X,,,,Severe,Yes,,2018,300,,1,2,1,Exon,Mid,1,2,74a20283-ff2b-439b-9e51-9039933a5da6,1.8,Caucasian,Prophylaxis,12,0
c.2490delC,154159575,p.(Lys831Asnfs*14),Lys812Asnfs*14,Frameshift,Deletion,14,812,B,Heavy chain,N,X,,,,Severe,Yes,,2007,169,,1,2,1,Exon,Mid,1,2,6d944674-6621-4692-8e3b-dde19f693824,1.2,Hispanic,Prophylaxis,25,0
c.2496dupT,154159569,p.(Glu833*),Glu814*,Frameshift,Duplication,14,814,B,Heavy chain,N,X,,,,Severe,Not reported,,2018,293,,0,2,1,Exon,Mid,1,2,30a1bb65-97dd-4738-873c-0afa41bc561f,3.3,Caucasian,Prophylaxis,34,0
c.2496T>G,154159569,p.(Tyr832*),Tyr813*,Nonsense,Substitution,14,813,B,Heavy chain,N,,,,X,Severe,No,,2002,129,,0,2,1,Exon,Mid,4,8,05e946ae-adca-43e3-a948-b04f757ce3d5,3,Asian,Prophylaxis,30,1
c.2514_2526del,154159539_154159551,p.(Asp838Glufs*3),Asp819Glufs*3,Frameshift,Deletion,14,819,B,Heavy chain,N,,,,X,Not reported,Not reported,,2019,309,,0,,1,Exon,Mid,1,,43f6cc6c-321e-4e96-8398-b60e0f46b2ab,4.4,Black,On-Demand,39,0
c.2521_2530del,154159535_154159544,p.(Pro841*),Pro822*,Frameshift,Deletion,14,822,B,Heavy chain,N,X,,,,Severe,Not reported,,2008,"183, 186",,0,2,1,Exon,Mid,1,2,ef8a43f7-f755-41b5-b2b7-48c8668ecca3,4.9,Black,Prophylaxis,40,0
c.2522delC,154159543,p.(Pro841Leufs*4),Pro822Leufs*4,Frameshift,Deletion,14,822,B,Heavy chain,N,,X,,,Moderate,Yes,,2012,232,,1,1,1,Exon,Mid,1,1,4b84153c-11b5-41b7-9f2a-26ecc88ac72e,3.9,Caucasian,Prophylaxis,42,1
c.2526_2527del,154159538_154159539,p.(Ala843Asnfs*4),Ala824Asnfs*4,Frameshift,Deletion,14,824,B,Heavy chain,N,X,,,,Severe,No,,2005,"0, 152",,0,2,1,Exon,Mid,1,2,17bd4528-ac21-4b7c-9b17-80f3892b57a1,4,Caucasian,Prophylaxis,41,0
c.2534_2537del,154159528_154159531,p.(Asp845Valfs*8),Asp826Valfs*8,Frameshift,Deletion,14,826,B,Heavy chain,N,X,,,,Severe,Not reported,,2008,"183, 186",,0,2,1,Exon,Mid,1,2,1408c64d-dee4-40d2-a747-126dde075625,8.5,Caucasian,Prophylaxis,92,0
c.2535C>A,154159530,p.(Asp845Glu),Asp826Glu,Missense,Substitution,14,826,B,Heavy chain,N,X,,,,Severe,Not reported,,1999,102,,0,2,0,Exon,Mid,0,0,0d6fbc12-94c0-4005-97b6-4890e3e11194,16.1,Caucasian,Prophylaxis,143,0
c.2551_2563dup,154159502_154159514,p.(His855Leufs*2),His836Leufs*2,Frameshift,Duplication,14,836,B,Heavy chain,N,X,,,,Severe,Not reported,,1998,86,,0,2,1,Exon,Mid,1,2,0f50d85b-a887-4e86-ac9b-ce42e390b240,3.1,Hispanic,Prophylaxis,35,1
c.2553_2554ins13,154159511_154159512,p.(Glu852*),Glu833*,Frameshift,Insertion,14,833,B,Heavy chain,N,X,,,,Severe,No,,2012,231,,0,2,1,Exon,Mid,1,2,0f22bce2-54ff-43de-9cd4-9a0e9df74c2b,7.3,Black,Prophylaxis,62,0
c.2554_2555delinsT,154159510_154159511,p.(Glu852*),Glu833*,Frameshift,Deletion/Insertion,14,833,B,Heavy chain,N,,X,,,Severe,No,,0,0,,0,2,1,Exon,Mid,1,2,a4716d1f-3992-4795-af18-fc8f0b24fe30,4.1,Caucasian,On-Demand,46,0
c.2554_2566dup,154159499_154159511,p.(Phe856*),Phe837*,Frameshift,Duplication,14,837,B,Heavy chain,N,X,,,,Severe,Not reported,,1998,86,,0,2,1,Exon,Mid,1,2,569f98f6-4b6b-485b-b2df-445c705db9e5,3.7,Caucasian,Prophylaxis,48,0
c.2564_2565delAC,154159500_154159501,p.(His855Leufs*16),His836Leufs*16,Frameshift,Deletion,14,836,B,Heavy chain,N,X,,,,Severe,Yes,,2022,348,X,1,2,1,Exon,Mid,1,2,22286811-36f2-4083-80f7-f9fef4e8f3f6,4,Asian,Prophylaxis,51,0
c.2567_2579del,154159486_154159498,p.(Phe856Serfs*17),Phe837Serfs*17,Frameshift,Deletion,14,837,B,Heavy chain,N,X,,,,Severe,Not reported,,2016,280,,0,2,1,Exon,Mid,1,2,67cc1f39-740b-4dd6-93e0-bd50187aa5fd,1.4,Caucasian,Prophylaxis,10,0
c.2575C>T,154159490,p.(Gln859*),Gln840*,Nonsense,Substitution,14,840,B,Heavy chain,N,X,,,,Severe,Yes,,2010,212,,1,2,1,Exon,Mid,4,8,f262ed0a-9fc6-4034-be15-e0724f7b43b8,2.1,Caucasian,Prophylaxis,14,0
c.2577delG,154159488,p.(Gln859Hisfs*18),Gln840Hisfs*18,Frameshift,Deletion,14,840,B,Heavy chain,N,X,,,,Severe,No,,2012,233,,0,2,1,Exon,Mid,1,2,fd370bc4-935e-447a-a6e3-cf70fabe289b,5.1,Caucasian,Prophylaxis,68,1
c.2589_2644dup,154159421_154159476,p.(Thr885Trpfs*11),Thr866Trpfs*11,Frameshift,Duplication,14,866,B,Heavy chain,N,X,,,,Severe,No,,2011,218,,0,2,1,Exon,Mid,1,2,f7b17ba0-901a-4886-96e9-6193649961ce,4.3,Caucasian,Prophylaxis,39,0
c.2591G>A,154159474,p.(Gly864Glu),Gly845Glu,Missense,Substitution,14,845,B,Heavy chain,N,X,,,,Severe,Not Reported,,2019,314,,,2,0,Exon,Mid,0,0,0fc6c92c-0e50-4521-883a-6d7819ff5fdb,2.8,Black,Prophylaxis,30,0
c.2593delG,154159472,p.(Asp865Thrfs*12),Asp846Thrfs*12,Frameshift,Deletion,14,846,B,Heavy chain,N,X,,,,Severe,Yes,,2006,157,,1,2,1,Exon,Mid,1,2,3f4e6d85-88d0-4a62-af50-7e2aa5cd1745,7,Caucasian,Prophylaxis,81,0
c.2594delA,154159471,p.(Asp865Alafs*12),Asp846Alafs*12,Frameshift,Deletion,14,846,B,Heavy chain,N,,X,,,Moderate,Not Reported,,2018,293,,,1,1,Exon,Mid,1,1,4b4fe838-610f-4887-be61-1a825e2fe3ec,4.4,Black,Prophylaxis,32,0
c.2596_2606del,154159459_154159469,p.(Met866Profs*2),Met847Profs*2,Frameshift,Deletion,14,847,B,Heavy chain,N,X,,,,Severe,No,,2012,232,,0,2,1,Exon,Mid,1,2,d6ef3ae3-e9e0-4090-b4c0-321dec01bb22,5.8,Caucasian,Prophylaxis,55,1
c.2597dupT,154159468,p.(Met866Ilefs*6),Met847Ilefs*6,Frameshift,Duplication,14,847,B,Heavy chain,N,X,,,,Severe,No,,0,0,,0,2,1,Exon,Mid,1,2,2d548e9b-398a-4019-b535-aa1e00ef3246,3.2,Caucasian,Prophylaxis,28,0
c.2599delG,154159466,p.(Val867Tyrfs*10),Val848Tyrfs*10,Frameshift,Deletion,14,848,B,Heavy chain,N,,,,X,Not reported,Not reported,,2015,268,,0,,1,Exon,Mid,1,,55a912b4-9e1e-4847-b674-c73d5adfcd70,30.9,Caucasian,On-Demand,169,0
c.2599G>C,154159466,p.(Val867Leu),Val848Leu,Missense,Substitution,14,848,B,Heavy chain,N,X,,,,Severe,No,,2012,233,,0,2,0,Exon,Mid,0,0,072e13e6-41ce-42a4-89a6-7f56d472ded9,3.3,Caucasian,Prophylaxis,29,0
c.2600_2601insG,154159464_154159465,p.(Phe868Ilefs*4),Phe849Ilefs*4,Frameshift,Insertion,14,849,B,Heavy chain,N,X,,,,Severe,No,,2010,201,,0,2,1,Exon,Mid,1,2,d39a8e84-73e7-491d-a168-07200f765a73,6.3,Caucasian,On-Demand,35,0
c.2602_2603ins56,154159462_154159463,,,Large structural change (>50 bp),Insertion,14,,B,single domain,N,X,,,,Severe,No,,2006,160,,0,2,0,Exon,Mid,3,6,e5c09dca-facc-46ff-9809-5cdeb3ca4161,1.5,Caucasian,Prophylaxis,24,0
c.2609_2610del,154159455_154159456,p.(Pro870Argfs*10),Pro851Argfs*10,Frameshift,Deletion,14,851,B,Heavy chain,N,,,,,Severe,No,,2003,136,,0,2,1,Exon,Mid,1,2,c96389ab-5c48-4d13-9384-0fc7ca00ee4f,5.6,Caucasian,Prophylaxis,27,0
c.2609dupC,154159456,p.(Glu871*),Glu852*,Frameshift,Duplication,14,852,B,Heavy chain,N,X,,,,Severe,Not reported,,2008,181,,0,2,1,Exon,Mid,1,2,2b8da1a5-d61b-4ef1-b8f0-fca7e3aa8f0e,8.3,Caucasian,Prophylaxis,75,0
c.2610delT,154159455,p.(Glu871Serfs*6),Glu852Serfs*6,Frameshift,Deletion,14,852,B,Heavy chain,N,X,,,,Severe,Yes,,2002,125,,1,2,1,Exon,Mid,1,2,b49cd1b0-95a8-4411-8371-ceed335c68a0,2.5,Asian,Prophylaxis,52,1
c.2611_2614dup,154159451_154159454,p.(Ser872*),Ser853*,Frameshift,Duplication,14,853,B,Heavy chain,N,X,,,,Severe,No,,2006,157,,0,2,1,Exon,Mid,1,2,60c24b37-37a3-4621-bb18-73dddad64663,4.7,Other,Prophylaxis,42,1
c.2615C>A,154159450,p.(Ser872*),Ser853*,Nonsense,Substitution,14,853,B,Heavy chain,N,X,,,,Severe,Yes,,2017,287,,1,2,1,Exon,Mid,4,8,6928e1db-307a-4a8d-a0c0-8574bd5f426b,3.6,Black,Prophylaxis,29,1
c.2615C>G,154159450,p.(Ser872*),Ser853*,Nonsense,Substitution,14,853,B,Heavy chain,N,X,,,,Severe,Not reported,,1996,72,,0,2,1,Exon,Mid,4,8,543032d9-936d-4685-8534-56b1abe7c552,1.4,Hispanic,Prophylaxis,27,0
c.2621delT,154159444,p.(Leu874Profs*3),Leu855Profs*3,Frameshift,Deletion,14,855,B,Heavy chain,N,X,,,,Severe,Not reported,,2021,333,X,0,2,1,Exon,Mid,1,2,8a0497eb-7eb1-45a8-9dcd-ebb92a011e15,0.9,Black,Prophylaxis,15,0
c.2623C>T,154159442,p.(Gln875*),Gln856*,Nonsense,Substitution,14,856,B,Heavy chain,N,X,,,,Severe,No,,2012,232,,0,2,1,Exon,Mid,4,8,4ff7bda9-3556-4a13-b1a6-2a85405ebfec,3,Hispanic,Prophylaxis,9,0
c.2633T>G,154159432,p.(Leu878*),Leu859*,Nonsense,Substitution,14,859,B,Heavy chain,N,X,,,,Severe,No,,2004,139,,0,2,1,Exon,Mid,4,8,25174407-73b0-4636-96b1-7839958a59ed,3.5,Caucasian,Prophylaxis,40,0
c.2638dupG,154159427,p.(Glu880Glyfs*15),Glu861Glyfs*15,Frameshift,Duplication,14,861,B,Heavy chain,N,X,,,,Severe,No,,2021,330,X,0,2,1,Exon,Mid,1,2,07d14133-389b-4f33-9061-a040b5b240b1,2.7,Asian,Prophylaxis,51,0
c.2638G>T,154159427,p.(Glu880*),Glu861*,Nonsense,Substitution,14,861,B,Heavy chain,N,X,,,,Severe,Not reported,,2002,126,,0,2,1,Exon,Mid,4,8,e2c49257-a9f4-48c2-b118-54f79608f2f6,5.1,Caucasian,On-Demand,28,0
c.2640_2641delGA,154159424_154159425,p.(Lys881Thrfs*13),Lys6862Thrfs*13,Frameshift,Deletion,14,862,B,Heavy chain,N,X,,,,Severe,Yes,,2022,348,X,1,2,1,Exon,Mid,1,2,d08af2aa-158e-4e98-9039-3484f3aacb73,3,Caucasian,Prophylaxis,27,1
c.2640_2641ins288,154159424_154159425,p.(Lys811fs*?),Lys792fs,Frameshift,Insertion,14,792,B,Heavy chain,N,X,,,,Severe,Not reported,,2015,269,,0,2,1,Exon,Mid,1,2,86c30d5e-2556-43e7-95e8-0240ad3ec87d,4.7,Other,Prophylaxis,54,0
c.2645_2646del,154159419_154159420,p.(Leu882Argfs*12),Leu863Argfs*12,Frameshift,Deletion,14,863,B,Heavy chain,N,X,,,,Severe,No,,2012,227,,0,2,1,Exon,Mid,1,2,42d414cb-1b7c-4e70-8f50-0e440c8fbad7,4.7,Caucasian,On-Demand,30,0
c.2645delT,154159420,p.(Leu882Argfs*9),Leu863Argfs*9,Frameshift,Deletion,14,863,B,Heavy chain,N,X,,,,Severe,Yes,,2014,260,,1,2,1,Exon,Mid,1,2,48d225f0-2785-45df-9990-01f04a6d7a81,2.9,Asian,Prophylaxis,23,0
c.2647_2655delinsCTGCAGTT,154159410_154159418,p.(Gly883Leufs*8),Gly864Leufs*8,Frameshift,Deletion/Insertion,14,864,B,Heavy chain,N,X,,,,Severe,Yes,,2001,119,,1,2,1,Exon,Mid,1,2,697d47b8-e153-4308-99af-ed45dfeee981,6.8,Caucasian,Prophylaxis,67,0
c.2649_2651delinsCAATTAAATGAGA,154159414_154159416,p.(Thr884Asnfs*2),Thr865Asnfs*2,Frameshift,Deletion/Insertion,14,865,B,Heavy chain,N,X,,,,Severe,No,,2005,154,,0,2,1,Exon,Mid,1,2,33ed3a9b-ad98-40bc-bac2-3db086a256cd,4.2,Caucasian,Prophylaxis,57,0
c.2649delG,154159416,p.(Thr884Glnfs*7),Thr865Glnfs*7,Frameshift,Deletion,14,865,B,Heavy chain,N,X,,,,Severe,No,,2001,119,,0,2,1,Exon,Mid,1,2,b41d87c9-f163-4ad9-b1bd-8b91d6a24e7e,2.6,Black,Prophylaxis,21,0
c.2649dupG,154159419_154159420,p.(Thr884Aspfs*11),Thr865Aspfs*11,Frameshift,Duplication,14,863,B,Heavy chain,N,X,,,,Severe,Not reported,,2017,286,,0,2,1,Exon,Mid,1,2,6839cb25-6504-49d2-8892-8b353bb66f56,5.3,Caucasian,On-Demand,38,0
c.2660dupC,154159405,p.(Thr888Asnfs*7),Thr869Asnfs*7,Frameshift,Duplication,14,869,B,Heavy chain,N,X,,,,Severe,No,,2012,231,,0,2,1,Exon,Mid,1,2,ed8a8703-3db4-4ec5-a388-1774c4a74761,2.4,Asian,Prophylaxis,23,0
c.2678_2679del,154159386_154159387,p.(Leu893Argfs*6),Leu874Argfs*6,Frameshift,Deletion,14,874,B,Heavy chain,N,X,,,,Severe,Not reported,,2014,256,,0,2,1,Exon,Mid,1,2,d028270a-8a54-47cc-985a-945a78cdf992,2.7,Caucasian,Prophylaxis,26,0
c.2686A>T,154159379,p.(Lys896*),Lys877*,Nonsense,Substitution,14,877,B,Heavy chain,N,X,,,,Severe,No,,2014,255,,0,2,1,Exon,Mid,4,8,7999afa4-ff0b-4f28-8d65-7e0a001f7da1,2.3,Black,Prophylaxis,16,0
c.2696delG,154159369,p.(Ser899Ilefs*6),Ser880Ilefs*6,Frameshift,deletion,14,880,B,Heavy chain,N,,X,,,Moderate,No,,2018,306,,0,1,1,Exon,Mid,1,1,c73932ec-cd6d-4216-a491-6f31aceddfec,8.6,Caucasian,Prophylaxis,68,1
c.2699_2700delins,154159365_154159366,p.(Thr900Asnfs*7),Thr881Asnfs*7,Frameshift,Deletion/Insertion,14,881,B,Heavy chain,N,,,,X,Not reported,Not reported,,2022,345,X,0,,1,Exon,Mid,1,,9614d948-2e6d-45ef-8fb2-4ef4d8284842,16.8,Black,On-Demand,84,0
c.2702_2715del,154159350_154159363,p.(Ser901Phefs*13),Ser882Phefs*13,Frameshift,Deletion,14,882,B,Heavy chain,N,X,,,,Severe,Not reported,,2014,256,,0,2,1,Exon,Mid,1,2,9643e078-d40b-4f1a-b8a6-e6e518b2680f,4.1,Caucasian,Prophylaxis,23,0
c.2702C>A,154159363,p.(Ser901*),Ser882*,Nonsense,Substitution,14,882,B,Heavy chain,N,X,,,,Severe,No,,2006,"158, 160",,0,2,1,Exon,Mid,4,8,5009add1-0b14-46b7-b0b4-2d101440b1cf,3.6,Caucasian,Prophylaxis,54,0
c.2702C>G,154159363,p.(Ser901*),Ser882*,Nonsense,Substitution,14,882,B,Heavy chain,N,X,,,,Severe,Yes,,2007,168,,1,2,1,Exon,Mid,4,8,f0817215-133a-4698-86a4-b647d89360a0,4.4,Hispanic,Prophylaxis,40,1
c.2707_2711dup,154159353_154159354,p.(Ser906*),Ser887*,Frameshift,Insertion,14,887,B,Heavy chain,N,X,,,,Severe,Not reported,,2017,283,,0,2,1,Exon,Mid,1,2,2e346f2c-90e4-4750-8f7e-7fa151f07caf,8,Other,Prophylaxis,79,0
c.2708dupA,154159357,p.(Asn903Lysfs*16),Asn884Lysfs*16,Frameshift,Duplication,14,884,B,Heavy chain,Y,X,,,,Severe,No,,2012,227,,0,2,1,Exon,Mid,1,2,49734750-2ceb-410e-b49e-3a6a7fccbb2a,2.3,Caucasian,Prophylaxis,45,0
c.2710dupC,154159355,p.(Leu904Profs*15),Leu885Profs*15,Frameshift,Insertion,14,885,B,Heavy chain,N,X,,,,Severe,No,,2021,337,X,0,2,1,Exon,Mid,1,2,1817d1b7-c106-47b5-895d-04d25e594d3c,10.2,Hispanic,Prophylaxis,122,0
c.2711_2712insAATCT,154159353_154159354,p.(Ser906*),Ser887*,Nonsense,Insertion,14,887,B,Heavy chain,N,X,,,,Severe,Not reported,,2021,333,X,0,2,1,Exon,Mid,4,8,08494c44-0def-4f4e-8549-61beeffc12db,8.3,Hispanic,Prophylaxis,88,0
c.2717C>A,154159348,p.(Ser906*),Ser887*,Nonsense,Substitution,14,887,B,Heavy chain,N,X,X,,,Moderate/Severe,Not reported,,2013,249,,0,,1,Exon,Mid,4,,b91d9c35-4372-48a0-a4c7-9ef98382ea1c,12.1,Caucasian,On-Demand,64,0
c.2729dupC,154159336,p.(Asp911Argfs*8),Asp892Argfs*8,Frameshift,Duplication,14,892,B,Heavy chain,N,X,,,,Severe,Not reported,,2008,"183, 186",,0,2,1,Exon,Mid,1,2,5ba2cc0e-75a2-4c39-ba1e-5416b4fd20f0,1.3,Black,On-Demand,2,0
c.2734_2735delAA,154159330_154159331,p.(C390Asn912Phefs*6),Asn893Phefs*6,Frameshift,Deletion,14,893,B,Heavy chain,N,X,,,,Severe,Not reported,,2021,335,X,0,2,1,Exon,Mid,1,2,c8925b89-829b-4328-9510-beb5c96fe97e,2.7,Caucasian,On-Demand,36,0
c.2734A>G,154159331,p.(Asn912Asp),Asn893Asp,Missense,Substitution,14,893,B,Heavy chain,N,X,,,,Severe,No,,2010,209,,0,2,0,Exon,Mid,0,0,36e758ae-75b3-4b93-b3a1-a676e3c23c70,3.8,Caucasian,Prophylaxis,16,0
c.2738dupT,154159327,p.(Leu913Phefs*6),Leu894Phefs*6,Frameshift,Duplication,14,894,B,Heavy chain,N,X,,,,Severe,No,,1999,"0, 97",,0,2,1,Exon,Mid,1,2,e2599d5c-59db-4f6e-a28d-fb3c3c6c5277,2.3,Caucasian,Prophylaxis,17,0
c.2748delT,154159317,p.(Thr917Leufs*7),Thr898Leufs*7,Frameshift,Deletion,14,898,B,Heavy chain,N,X,,,,Severe,No,,2012,227,,0,2,1,Exon,Mid,1,2,ec80f4a5-38da-452d-9ff7-56de4a8c443f,6.8,Caucasian,Prophylaxis,79,0
c.2757del,154158308,p.(Asn919Lysfs*5),Asn900Lysfs*5,Frameshift,Deletion,14,900,B,Heavy chain,,X,,,,Severe,Not reported,,2013,249,X,0,2,1,Exon,Mid,1,2,4b6ea0f4-10d3-4e07-9c9f-066d8dbe2e3d,8,Caucasian,Prophylaxis,79,0
c.2761_2780del,154159285_154159304,p.(Ser921Tyrfs*6),Ser902Tyrfs*6,Frameshift,Deletion,14,902,B,Heavy chain,N,X,,,,Severe,Not reported,,2016,280,,0,2,1,Exon,Mid,1,2,dd527f9c-45c1-4a55-803d-de7700f0d9d5,3.2,Black,Prophylaxis,35,0
c.2765_2766delinsAA,154159299_154159300,p.(Ser922*),Ser903*,Frameshift,Deletion/Insertion,14,903,B,Heavy chain,N,,X,,,Severe,No,,0,0,,0,2,1,Exon,Mid,1,2,1bc5195b-2762-4094-b8e4-54034b9fd84c,4.2,Caucasian,Prophylaxis,26,0
c.2766delC,154159299,p.(Leu923*),Leu904*,Frameshift,Deletion,14,904,B,Heavy chain,N,,X,,,Moderate,No,,2008,188,,0,1,1,Exon,Mid,1,1,e9c7f06a-9836-4901-8e66-b2ca3f2ba5c4,5.7,Asian,Prophylaxis,50,1
c.2768_2769del,154159296_154159297,p.(Leu923Trpfs*10),Leu904Trpfs*10,Frameshift,Deletion,14,904,B,Heavy chain,N,X,,,,Severe,Not reported,,2016,280,,0,2,1,Exon,Mid,1,2,60972512-53f9-478c-903b-a391031c8cbe,2.2,Black,On-Demand,7,0
c.2768dupT,154159297,p.(Leu923Phefs*11),Leu904fs*11,Frameshift,Insertion,14,904,B,Heavy chain,N,X,,,,Severe,Yes,,2017,287,,1,2,1,Exon,Mid,1,2,912c3387-5a6d-46d0-9078-944c6e1ba344,5.1,Black,Prophylaxis,31,1
c.2768T>G,154159297,p.(Leu923*),Leu904*,Nonsense,Substitution,14,904,B,Heavy chain,N,X,,,,Severe,Yes,,2010,212,,1,2,1,Exon,Mid,4,8,5c67f169-0ecd-490a-915c-1eb4e7a73e0b,11,Caucasian,Prophylaxis,113,0
c.2770G>T,154159295,p.(Gly924*),Gly905*,Nonsense,Substitution,14,905,B,Heavy chain,N,,X,,,Moderate,Not reported,,2002,126,,0,1,1,Exon,Mid,4,4,38ee9c51-59c3-4ed9-83bc-4ff0a0be4785,6.6,Asian,Prophylaxis,61,0
c.2771_2777del,154159288_154159294,p.(Gly924Glufs*11),Gly905Glufs*11,Frameshift,Deletion,14,905,B,Heavy chain,N,,,,X,Severe,Not reported,,0,0,,0,2,1,Exon,Mid,1,2,a05ff604-1794-44ad-a372-6e3cfd0591ea,7,Caucasian,Prophylaxis,65,0
c.2771_2780del,154159285_154159294,p.(Gly924Valfs*10),Gly905Valfs*10,Frameshift,Deletion,14,905,B,Heavy chain,N,X,,,,Severe,Not reported,,2013,249,,0,2,1,Exon,Mid,1,2,a6221810-a95e-476b-94b9-85f853c9d904,1.7,Black,Prophylaxis,8,1
c.2771dupG,154159294,p.(Pro925Thrfs*9),Pro906Thrfs*9,Frameshift,Duplication,14,906,B,Heavy chain,N,X,,,,Severe,Not reported,,2013,249,,0,2,1,Exon,Mid,1,2,a93b9aaa-6adb-4f04-aa05-3dc4d0d124da,5.8,Asian,Prophylaxis,56,0
c.2777delC,154159288,p.(Pro926Glnfs*11),Pro907Glnfs*11,Frameshift,Deletion,14,907,B,Heavy chain,N,X,,,,Severe,No,,2012,233,,0,2,1,Exon,Mid,1,2,b04b967e-9e0f-429b-8aa3-47d5f49d6824,4.5,Hispanic,Prophylaxis,39,0
c.2777dupC,154159288,p.(Ser927Lysfs*7),Ser908Lysfs*7,Frameshift,Duplication,14,908,B,Heavy chain,N,X,,,,Severe,Not reported,,2008,"183, 186",,0,2,1,Exon,Mid,1,2,81d97f2f-1e2c-4b54-81a2-821efcb99974,3.7,Caucasian,Prophylaxis,31,0
c.2803C>G,154159262,p.(Gln935Glu),Gln916Glu,Missense,Substitution,14,916,B,Heavy chain,N,X,,,,Severe,No,,2010,207,,0,2,0,Exon,Mid,0,0,81af8d83-3ba1-4f67-8d1c-69c5212d72fa,4.8,Caucasian,On-Demand,23,0
c.2803C>T,154159262,p.(Gln935*),Gln916*,Nonsense,Substitution,14,916,B,Heavy chain,N,X,,,,Severe,Not reported,,2019,314,,0,2,1,Exon,Mid,4,8,13964176-dde8-4477-a1bf-835ac59171ee,2.8,Caucasian,Prophylaxis,38,1
c.2810delA,154159255,p.(Asp937Valfs*19),Asp918Valfs*19,Frameshift,Deletion,14,918,B,Heavy chain,N,X,,,,Severe,Not reported,,2008,"183, 186",,0,2,1,Exon,Mid,1,2,5fff505a-881c-40dc-abad-143a4e4150c6,3.4,Caucasian,Prophylaxis,24,0
c.2830_2831del,154159234_154159235,p.(Lys944Valfs*6),Lys925Valfs*6,Frameshift,Deletion,14,925,B,Heavy chain,Y,,,,,Severe,No,Poly A Deletion,2008,177,,0,2,1,Exon,Mid,1,2,87846966-14b6-42e8-80e9-0584451902c6,3.4,Caucasian,On-Demand,37,0
c.2831dupA,154159234,p.(Ser945Valfs*6),Ser926Valfs*6,Frameshift,Duplication,14,926,B,Heavy chain,N,X,,,,Severe,No,,2016,282,,0,2,1,Exon,Mid,1,2,170a8bdb-cfff-4058-acf2-d5b9a2a669d1,3.3,Black,Prophylaxis,34,1
c.2842delC,154159223,p.(Thr949Leufs*7),Thr930Leufs*7,Frameshift,Deletion,14,930,B,Heavy chain,N,X,,,,Severe,No,,2010,"0, 210",,0,2,1,Exon,Mid,1,2,afd7e99f-086d-4bbc-9691-a8e8a61c5498,4.6,Caucasian,On-Demand,21,1
c.2844delT,154159221,p.(Thr949Leufs*7),Thr930Leufs*7,Frameshift,Deletion,14,930,B,Heavy chain,N,X,,,,Severe,No,,2012,233,,0,2,1,Exon,Mid,1,2,1a083e5f-0d78-4232-aab0-6b9aa168b053,4.1,Caucasian,Prophylaxis,38,0
c.2857G>T,154159208,p.(Gly953*),Gly934*,Nonsense,Substitution,14,934,B,Heavy chain,N,,X,,,Moderate,Not reported,,2014,256,,0,1,1,Exon,Mid,4,4,a5efba79-e659-4165-bf1f-c1694fc01cea,4.5,Caucasian,On-Demand,9,0
c.2859delinsGG,154159206,p.(Pro954Alafs*6),Pro935Alafs*6,Frameshift,Deletion/Insertion,14,935,B,Heavy chain,N,X,,,,Severe,No,,2020,319,X,0,2,1,Exon,Mid,1,2,fc70d937-40bb-40ea-b900-650a00b85b78,2.7,Hispanic,Prophylaxis,12,0
c.2863_2864del,154159201_154159202,p.(Leu955Glufs*4),Leu936Glufs*4,Frameshift,Deletion,14,936,B,Heavy chain,N,X,,,,Severe,Not reported,,2018,293,,0,2,1,Exon,Mid,1,2,3f8f4d1f-5d0a-4532-8996-ed3259e833a0,2.1,Black,Prophylaxis,22,0
c.2878G>T,154159187,p.(Glu960*),Glu941*,Nonsense,Substitution,14,941,B,Heavy chain,N,X,,,,Severe,Not reported,,2018,293,,0,2,1,Exon,Mid,4,8,2b4e0fa4-295a-461a-883f-7ca3914c6486,1,Asian,Prophylaxis,1,0
c.2882delA,154159183,p.(Asn961Ilefs*7),Asn942Ilefs*7,Frameshift,Deletion,14,942,B,Heavy chain,N,X,,,,Severe,Not reported,,2021,330,X,0,2,1,Exon,Mid,1,2,3f5e7733-b594-459b-98a8-d198537cd819,5.5,Hispanic,Prophylaxis,57,0
c.2887G>A,154159178,p.(Asp963Asn),Asp944Asn,Missense,Substitution,14,944,B,Heavy chain,N,,,,X,Mild,Not reported,,2010,208,,0,0,0,Exon,Mid,0,0,bc66c6b3-779c-4e4a-b68a-a27cec8c3f93,41.8,Caucasian,On-Demand,204,0
c.2893_2894del,154159171_154159172,p.(Lys965Valfs*9),Lys946Valfs*9,Frameshift,Deletion,14,946,B,Heavy chain,N,X,,,,Severe,Not reported,,2016,280,,0,2,1,Exon,Mid,1,2,53a6ab49-eb4e-4acf-98ba-007f0fd67440,2.2,Caucasian,Prophylaxis,20,0
c.2893A>T,154159172,p.(Lys965*),Lys946*,Nonsense,Substitution,14,946,B,Heavy chain,N,,,,X,Severe,Not reported,,2002,129,,0,2,1,Exon,Mid,4,8,11b0f5bd-1de5-4ff2-a01b-5da6e53223e5,2.8,Caucasian,Prophylaxis,39,1
c.2897_2900dup,154159165_154159168,p.(Leu967Phefs*9),Leu948Phefs*9,Frameshift,Duplication,14,948,B,Heavy chain,N,X,,,,Severe,Not reported,,2013,249,,0,2,1,Exon,Mid,1,2,9b82d7a3-390b-4129-9682-2eac72d7a08f,4.7,Black,Prophylaxis,60,0
c.2897T>A,154159168,p.(Leu966*),Leu947*,Nonsense,Substitution,14,947,B,Heavy chain,N,X,,,,Severe,No,,2020,319,X,0,2,1,Exon,Mid,4,8,beb1948b-5756-47cd-a2da-6904b5481b9a,4,Other,Prophylaxis,36,0
c.2901dupA,154159164,p.(Glu968Argfs*7),Glu949Argfs*7,Frameshift,Duplication,14,949,B,Heavy chain,N,X,,,,Severe,No,,2005,154,,0,2,1,Exon,Mid,1,2,c9a9f8a5-3618-425f-b679-7b51932f1a5f,3.2,Asian,On-Demand,36,0
c.2902G>T,154159163,p.(Glu968*),Glu949*,Nonsense,Substitution,14,949,B,Heavy chain,N,X,,,,Severe,Not reported,,2016,280,,0,2,1,Exon,Mid,4,8,e4ae0756-3a03-4a01-9ec8-37191c6d4624,5.6,Caucasian,Prophylaxis,56,0
c.2909delG,154159156,p.(Gly970Valfs*2),Gly951Valfs*2,Frameshift,Deletion,14,951,B,Heavy chain,N,X,,,,Severe,No,,2008,175,,0,2,1,Exon,Mid,1,2,17d0d3f9-cbb3-4364-8378-67d37638e115,13.4,Asian,Prophylaxis,129,0
c.2912T>A,154159153,p.(Leu971*),Leu952*,Nonsense,Substitution,14,952,B,Heavy chain,N,,,X,,Mild,Not reported,,2021,333,X,0,0,1,Exon,Mid,4,0,35ade9e1-e717-4e90-88c3-6a3efee708db,7.9,Caucasian,On-Demand,45,0
c.2912T>G,154159153,p.(Leu971*),Leu952*,Nonsense,Substitution,14,952,B,Heavy chain,N,X,,,,Severe,No,,2005,151,,0,2,1,Exon,Mid,4,8,bdd3c798-7373-4880-aed8-dc49b140fcf1,5.8,Caucasian,Prophylaxis,52,0
c.2918delA,154159147,p.(Asn973Ilefs*31),Asn954Ilefs*31,Frameshift,Deletion,14,954,B,Heavy chain,Y,X,,,,Severe,No,,0,0,,0,2,1,Exon,Mid,1,2,8fcf9ac3-3207-4128-9669-99a73f5edc97,4.5,Black,Prophylaxis,28,0
c.2927_2930delAAAG,154159135_154159138,p.(Glu976Valfs*36),Glu957Valfs*36,Frameshift,Deletion,14,957,B,Heavy chain,N,,,,X,Not reported,Not reported,,2021,332,X,0,,1,Exon,Mid,1,,1b3bebf8-1084-482e-955c-e83205ad397b,24.7,Caucasian,On-Demand,120,0
c.2929delA,154159136,p.(Ser977Valfs*27),Ser958Valfs*27,Frameshift,Deletion,14,958,B,Heavy chain,,,,,X,Not reported,Not reported,,2021,332,X,0,,1,Exon,Mid,1,,5e782818-5588-4009-aba9-a626e9021338,17.5,Caucasian,On-Demand,85,0
c.2933C>A,154159132,p.(Ser978*),Ser959*,Nonsense,Substitution,14,959,B,Heavy chain,N,X,,,,Severe,No,,2011,218,,0,2,1,Exon,Mid,4,8,f54622bb-f6aa-4838-ba72-47aecc489dee,6.1,Hispanic,Prophylaxis,71,1
c.2935delT,154159130,p.(Trp979Glyfs*25),Trp960Glyfs*25,Frameshift,Deletion,14,960,B,Heavy chain,N,X,,,,Severe,No,,2009,198,,0,2,1,Exon,Mid,1,2,bec68b25-ba9d-4896-bbec-5d46911746c8,6.3,Caucasian,Prophylaxis,79,1
c.2936G>A,154159129,p.(Trp979*),Trp960*,Nonsense,Substitution,14,960,B,Heavy chain,N,,,,,Severe,No,,2006,158,,0,2,1,Exon,Mid,4,8,7fb9b3fc-4a5b-4f9c-b105-9dcd77657e28,1.9,Caucasian,On-Demand,7,0
c.2937G>A,154159128,p.(Trp979*),Trp960*,Nonsense,Substitution,14,960,B,Heavy chain,N,,,,X,Moderate/Severe,No,,2000,105,,0,,1,Exon,Mid,4,,76c7cc41-3d36-44fe-9fce-75339084f67d,28.4,Asian,Prophylaxis,291,1
c.2939delG,154159126,p.(Gly980Glufs*24),Gly961Glufs*24,Frameshift,Deletion,14,961,B,Heavy chain,N,X,,,,Severe,No,,2006,160,,0,2,1,Exon,Mid,1,2,32155867-1846-4e77-aaec-1774828c4668,2.9,Black,Prophylaxis,18,0
c.2939dupG,154159126,p.(Asn982Lysfs*9),Asn963Lysfs*9,Frameshift,Duplication,14,963,B,Heavy chain,N,X,,,,Severe,Not reported,,2008,181,,0,2,1,Exon,Mid,1,2,36c3d769-96b8-4c87-9811-4ab0919bba65,7.6,Black,Prophylaxis,78,0
c.2945delA,154159120,p.(Asn982Metfs*22),Asn963Metfs*22,Frameshift,Deletion,14,963,B,Heavy chain,Y,X,,,,Severe,No,,2010,210,,0,2,1,Exon,Mid,1,2,8c7b9235-1ec9-43bb-a9b7-1e35944f2710,3.4,Caucasian,Prophylaxis,33,0
c.2945dupA,154159120,p.(Asn982Lysfs*9),Asn963Lysfs*9,Frameshift,Duplication,14,963,B,Heavy chain,Y,X,X,,,Moderate/Severe,Yes,,1993,"0, 58",,1,,1,Exon,Mid,1,,482746d4-725e-4529-ac17-cafe5bc2048b,7.5,Black,Prophylaxis,82,0
c.2949_2953del,154159112_154159116,p.(Ser984Asnfs*5),Ser965Asnfs*5,Frameshift,Deletion,14,965,B,Heavy chain,N,,,,X,Not reported,Not reported,,2021,332,X,0,,1,Exon,Mid,1,,650f6ce0-e68b-4127-add0-9bc9a693caca,16.7,Caucasian,On-Demand,89,0
c.2954C>A,154159111,p.(Ser985*),Ser966*,Nonsense,Substitution,14,966,B,Heavy chain,N,X,,,,Severe,No,,2010,213,,0,2,1,Exon,Mid,4,8,2cedaf39-9186-4bc6-b415-b40881019120,2.6,Asian,Prophylaxis,22,0
c.2954C>G,154159111,p.(Ser985*),Ser966*,Nonsense,Substitution,14,966,B,Heavy chain,N,,,,X,Not reported,Not reported,,2015,276,,0,,1,Exon,Mid,4,,9ff90ccb-61b1-4342-b845-65fb8aeb3d65,6.4,Caucasian,On-Demand,43,0
c.2958delA,154159107,p.(Glu987Argfs*17),Glu968Argfs*17,Frameshift,Deletion,14,968,B,Heavy chain,N,X,,,,Severe,Yes,,2001,119,,1,2,1,Exon,Mid,1,2,cc98eb1b-3fab-46e0-9c26-290d38633218,11.2,Asian,Prophylaxis,113,0
c.2961G>A,154159104,p.(=),0,Synonymous,Substitution,14,968,B,Heavy chain,N,,,,X,Not reported,Not reported,,2017,289,,0,,0,Exon,Mid,2,,76e4b507-4021-4783-889e-bbd6bcb4f97d,35,Asian,On-Demand,167,0
c.2962_2963del,154159102_154159103,p.(Ser988Trpfs*2),Ser969Trpfs*2,Frameshift,Deletion,14,969,B,Heavy chain,N,X,,,,Severe,No,,1993,56,,0,2,1,Exon,Mid,1,2,2ac8381f-e567-4c1a-a9de-7de8e73b0296,6.7,Hispanic,Prophylaxis,77,0
c.2974_2977del,154159088_154159091,p.(Phe992Lysfs*11),Phe973Lysfs*11,Frameshift,Deletion,14,973,B,Heavy chain,N,X,,,,Severe,No,,2012,233,,0,2,1,Exon,Mid,1,2,9867e603-2e99-4f61-8e82-d4bc70f9232c,9.2,Hispanic,Prophylaxis,87,0
c.2977A>T,154159088,p.(Lys993*),Lys974*,Nonsense,Substitution,14,974,B,Heavy chain,N,X,,,,Severe,Not reported,,2008,180,,0,2,1,Exon,Mid,4,8,ea41b32b-5efe-426b-98bb-b30cd6017547,6.5,Asian,Prophylaxis,72,0
c.2994T>G,154159071,p.(His998Gln),His979Gln,Missense,Substitution,14,979,B,Heavy chain,N,,,,,Severe,No,,2006,158,,0,2,0,Exon,Mid,0,0,e708206e-118f-4c38-ac7e-3815dfd2ca5f,2.4,Caucasian,Prophylaxis,21,0
c.3001delG,154159064,p.(Ala1001Leufs*3),Ala982Leufs*3,Frameshift,Deletion,14,982,B,Heavy chain,N,X,,,,Severe,Not reported,,2021,333,X,0,2,1,Exon,Mid,1,2,d3845021-5051-4d5f-a03b-8ac126f148e6,6.6,Other,Prophylaxis,73,0
c.3006delG,154159059,p.(Leu1002Phefs*2),Leu983Phefs*2,Frameshift,Deletion,14,983,B,Heavy chain,N,X,,,,Severe,Yes,,2011,216,,1,2,1,Exon,Mid,1,2,c884834c-ca43-4561-9e2f-a1b76740b781,2.1,Asian,Prophylaxis,16,0
c.3010delA,154159055,p.(C2492Thr1004Leufs*14),Thr985Leufs*14,Frameshift,Deletion,14,985,B,Heavy chain,N,X,,,,Severe,Not reported,,2021,333,X,0,2,1,Exon,Mid,1,2,d54e4371-3875-42f7-ac0d-40fc078b044a,4,Caucasian,On-Demand,36,1
c.3020_3021insA,154159044_154159045,p.(Asn1007Lysfs*7),Asn988Lysfs*7,Frameshift,Insertion,14,988,B,Heavy chain,N,X,,,,Severe,Not reported,,2021,333,X,0,2,1,Exon,Mid,1,2,97e23abf-00b5-476e-87d7-1eaf3dcbdeae,3.4,Hispanic,Prophylaxis,31,0
c.3021delT,154159044,p.(Asn1007Lysfs*11),Asn988Lysfs*11,Frameshift,Deletion,14,988,B,Heavy chain,N,X,,,,Severe,Not reported,,2016,280,,0,2,1,Exon,Mid,1,2,eadcfbd7-2364-43ed-b2cb-af498732d089,4.2,Caucasian,Prophylaxis,49,0
c.3024delC,154159041,p.(Leu1009Tyrfs*9),Leu990Tyrfs*9,Frameshift,Deletion,14,990,B,Heavy chain,N,,X,,,Moderate,Not reported,,2010,213,,0,1,1,Exon,Mid,1,1,ff68d85c-b486-43e4-9864-a294a35b5ac1,4.2,Caucasian,On-Demand,19,0
c.3031A>T,154159034,p.(Lys1011*),Lys992*,Nonsense,Substitution,14,992,B,Heavy chain,N,X,,,,Severe,No,,2006,157,,0,2,1,Exon,Mid,4,8,58b0b426-c45a-41b3-a0e5-ff2db0b264c7,0.9,Black,On-Demand,7,0
c.3034G>C,154159031,p.(Val1012Leu),Val993Leu,Missense,Substitution,14,993,B,Heavy chain,N,X,,,,Severe,Not reported,,1996,72,,0,2,0,Exon,Mid,0,0,3722210a-bb29-4ec7-aeb8-ca1884271ec0,5.6,Hispanic,Prophylaxis,68,0
c.3046_3047del,154159018_154159019,p.(Leu1016Valfs*9),Leu997Valfs*9,Frameshift,Deletion,14,997,B,Heavy chain,N,X,,,,Severe,Not reported,,2018,293,,0,2,1,Exon,Mid,1,2,a0dfd988-30e9-4854-abc5-4df3d68432fd,13.3,Caucasian,Prophylaxis,142,0
c.3047delT,154159018,p.(Leu1016Cysfs*2),Leu997Cysfs*2,Frameshift,Deletion,14,997,B,Heavy chain,N,X,,,,Severe,No,,0,0,,0,2,1,Exon,Mid,1,2,f498f3b8-9eec-4c6d-989d-3f670b661f29,5.8,Asian,Prophylaxis,60,0
c.3050T>A,154159015,p.(Leu1017*),Leu998*,Nonsense,Substitution,14,998,B,Heavy chain,N,X,,,,Severe,Yes,,2012,231,,1,2,1,Exon,Mid,4,8,28fc928d-dc77-4a84-8a93-213f303db4b9,5.5,Caucasian,Prophylaxis,58,0
c.3051_3052insCA,154159013_154159014,p.(Lys1018Glnfs*24),Lys999Glnfs*24,Frameshift,Insertion,14,999,B,Heavy chain,Y,X,,,,Severe,Not reported,,2016,280,,0,2,1,Exon,Mid,1,2,e6e52871-a4a6-4007-8da2-64dd1435050d,4.5,Caucasian,On-Demand,1,0
c.3052A>T,154159013,p.(Lys1018*),Lys999*,Nonsense,Substitution,14,999,B,Heavy chain,Y,X,,,,Severe,Yes,,2022,348,X,1,2,1,Exon,Mid,4,8,68f41fc0-1a1c-4876-addc-b5fd1936067c,1.4,Other,On-Demand,1,0
c.3053delA,154159012,p.(Lys1018Argfs*23),Lys999Argfs*23,Frameshift,Deletion,14,999,B,Heavy chain,Y,X,,,,Severe,No,,0,0,,0,2,1,Exon,Mid,1,2,079f9f5f-5f8c-461a-b488-2fdae905ec3c,4.1,Asian,Prophylaxis,53,0
c.3054_3065dupins3800,154159000_154159011,,ins 3.8 kb,Large structural change (>50 bp),Duplication/Insertion,14,1003,B,Heavy chain,N,X,,,,Severe,Not reported,,1988,12,,0,2,0,Exon,Mid,3,6,ba7a6b5e-6286-4822-a74b-e4eb5337dbfa,2.5,Caucasian,On-Demand,1,0
c.3055_3058del,154159007_154159010,p.(Asn1020Lysfs*20),Asn1001Lysfs*20,Frameshift,Deletion,14,1001,B,Heavy chain,N,X,,,,Severe,Yes,,2021,337,X,1,2,1,Exon,Mid,1,2,c7bb873e-b6f6-4cfe-836b-03af4c67933e,2.1,Caucasian,On-Demand,19,1
c.3060_3063del,154159002_154159005,p.(Asn1020Lysfs*20),Asn1001Lysfs*20,Frameshift,Deletion,14,1001,B,Heavy chain,Y,X,,,,Severe,No,,2005,"0, 151",,0,2,1,Exon,Mid,1,2,ac1677f8-ec3b-4218-bd92-32c1b49d6a40,4.5,Caucasian,On-Demand,34,0
c.3060delC,154159005,p.(Asn1020Lysfs*21),Asn1001Lysfs*21,Frameshift,Deletion,14,1001,B,Heavy chain,N,X,,,,Severe,No,,2001,119,,0,2,1,Exon,Mid,1,2,40479ba3-36c4-4f9b-9338-bb1f3f510391,12.4,Hispanic,Prophylaxis,106,0
c.3061A>T,154159004,p.(Lys1021*),Lys1002*,Nonsense,Substitution,14,1002,B,Heavy chain,N,X,,,,Severe,No,,2012,227,,0,2,1,Exon,Mid,4,8,e6dede3e-d5da-411d-afd9-b78c6da406f4,1.8,Black,Prophylaxis,20,0
c.3072dupT,154158993,p.(Asn1025*),Asn1006*,Frameshift,Duplication,14,1006,B,Heavy chain,N,,,,X,Not reported,Not reported,,2011,219,,0,,1,Exon,Mid,1,,9fcc2efb-87f5-479e-bd18-c7df534e3e7f,14.4,Caucasian,On-Demand,72,0
c.3077C>G,154158988,p.(Ser1026*),Ser1007*,Nonsense,Substitution,14,1007,B,Heavy chain,N,X,,,,Severe,Not reported,,2017,283,,0,2,1,Exon,Mid,4,8,68fd9b25-8d46-4389-ad3b-c23e2372712d,5.1,Caucasian,Prophylaxis,54,0
c.3083_3086del,154158979_154158982,p.(C414Thr1028Ilefs*12),Thr1009Ilefs*12,Frameshift,Deletion,14,1009,B,Heavy chain,N,,,,X,Not reported,Not reported,,2022,345,X,0,,1,Exon,Mid,1,,c5b00de8-6e27-41db-bd04-5d0ab59d9110,10.7,Caucasian,On-Demand,70,0
c.3091_3094del,154158971_154158974,p.(Lys1031Leufs*9),Lys1012Leufs*9,Frameshift,Deletion,14,1012,B,Heavy chain,Y,X,,,,Severe,No,,1999,97,,0,2,1,Exon,Mid,1,2,d99d2b3d-2996-4cfe-88cd-024e63e6ce78,2.4,Other,Prophylaxis,31,0
c.3096delT,154158969,p.(His1033Thrfs*8),His1014Thrfs*8,Frameshift,Deletion,14,1014,B,Heavy chain,N,,X,,,Moderate,Not reported,,2012,224,,0,1,1,Exon,Mid,1,1,50fcfbfc-8f7d-46b4-a13e-4d6556370c32,4.3,Black,Prophylaxis,44,0
c.3097_3098ins,154158967_154158968,,,Large structural change (>50 bp),Insertion,14,,B,Heavy chain,N,X,,,,Severe,Not reported,,2016,280,,0,2,0,Exon,Mid,3,6,8e068e80-67d4-47a4-b147-79f701d5aff9,3.3,Caucasian,On-Demand,3,0
c.3113C>A,154158952,p.(Ser1038*),Ser1019*,Nonsense,Substitution,14,1019,B,Heavy chain,N,X,,,,Severe,Not reported,,2018,293,,0,2,1,Exon,Mid,4,8,ea405c4b-072c-4c2b-9d2b-089e7b921502,5.9,Asian,Prophylaxis,81,0
c.3113C>G,154158952,p.(Ser1038*),Ser1019*,Nonsense,Substitution,14,1019,B,Heavy chain,N,X,,,,Severe,Not reported,,2008,"183, 185",,0,2,1,Exon,Mid,4,8,6586a3fe-3430-42fe-8c5b-3ee6c0eb09cf,2,Asian,Prophylaxis,13,0
c.3120_3123del,154158942_154158945,p.(Ile1041Argfs*11),Ile1022Argfs*11,Frameshift,Deletion,14,1022,B,Heavy chain,N,,X,,,Moderate,Not reported,,2018,293,,0,1,1,Exon,Mid,1,1,d0b70919-0454-4b26-b800-f77d2c565921,7.2,Caucasian,Prophylaxis,72,0
c.3134delC,154158931,p.(Pro1045Hisfs*8),Pro1026Hisfs*8,Frameshift,Deletion,14,1026,B,Heavy chain,,,,,X,Not reported,Not reported,,2019,317,X,0,,1,Exon,Mid,1,,ab73f98f-dca3-4122-84d0-4e7104a7808b,19.6,Hispanic,On-Demand,86,0
c.3143G>A,154158922,p.(Trp1048*),Trp1029*,Nonsense,Substitution,14,1029,B,Heavy chain,N,,,,X,Severe,Not reported,,2001,118,,0,2,1,Exon,Mid,4,8,4f691fe7-aed0-45bc-b852-26f9a6b81314,1.2,Caucasian,Prophylaxis,24,0
c.3144_3145delinsAG,154158920_154158921,p.(Trp1048*),Trp1029*,Nonsense,Substitution,14,1029,B,Heavy chain,N,X,,,,Severe,Not reported,,2021,333,X,0,2,1,Exon,Mid,4,8,71427b00-acbe-4a66-890a-40dc860976d2,2.8,Asian,Prophylaxis,23,0
c.3144G>A,154158921,p.(Trp1048*),Trp1029*,Nonsense,Substitution,14,1029,B,Heavy chain,N,X,X,,,Severe,No,,2005,"0, 153",,0,2,1,Exon,Mid,4,8,75f8364d-904a-4fc8-8e94-00552580522f,7.1,Caucasian,Prophylaxis,73,0
c.3145C>T,154158920,p.(Gln1049*),Gln1030*,Nonsense,Substitution,14,1030,B,Heavy chain,N,X,,,,Severe,Not reported,,2010,211,,0,2,1,Exon,Mid,4,8,ecf33f07-f051-4f89-ba5c-384574612e92,7.7,Asian,Prophylaxis,97,0
c.3150_3151insTC,154158914_154158915,p.(Ile1051Serfs*3),Ile1032Serfs*3,Frameshift,Insertion,14,1032,B,Heavy chain,N,X,,,,Severe,Yes,,2001,119,,1,2,1,Exon,Mid,1,2,09095eaf-80ef-45e8-b140-7b33864ccfe6,2.2,Caucasian,Prophylaxis,34,1
c.3152_3156del,154158909_154158913,p.(Ile1051Argfs*3),Ile1032Argfs*3,Frameshift,Deletion,14,1032,B,Heavy chain,N,X,,,,Severe,Yes,,2013,240,,1,2,1,Exon,Mid,1,2,ee2ea813-a6c5-4796-a77f-d0540080b4d2,5.9,Caucasian,Prophylaxis,52,0
c.3152delT,154158913,p.(Ile1051Asnfs*2),Ile1032Asnfs*2,Frameshift,Deletion,14,1032,B,Heavy chain,N,X,,,,Severe,No,,0,0,,0,2,1,Exon,Mid,1,2,30d06d68-a904-4358-94b7-2ad7971ec61b,2.4,Caucasian,Prophylaxis,48,0
c.3155T>A,154158910,p.(Leu1052*),Leu1033*,Nonsense,Substitution,14,1033,B,Heavy chain,N,X,,,,Severe,No,,2012,229,,0,2,1,Exon,Mid,4,8,2602fdf6-4df7-49cd-9960-306cd8669e39,6.3,Asian,On-Demand,38,1
c.3157G>T,154158908,p.(Glu1053*),Glu1034*,Nonsense,Substitution,14,1034,B,Heavy chain,N,X,,,,Severe,Not reported,,2016,280,,0,2,1,Exon,Mid,4,8,fe6f38b3-0d0b-40ba-8bde-711a079f5b2d,7.3,Caucasian,Prophylaxis,82,0
c.3168_3187del,154158878_154158897,p.(Glu1057Phefs*4),Glu1038Phefs*4,Frameshift,Deletion,14,1038,B,Heavy chain,N,,,,X,Severe,Not reported,,2010,204,,0,2,1,Exon,Mid,1,2,f0699fee-dec5-4528-bfac-d60af4dd8888,7.8,Caucasian,Prophylaxis,71,0
c.3168_3187dup,154158878_154158897,p.(Pro1063Leufs*6),Pro1044Leufs*6,Frameshift,Duplication,14,1044,B,Heavy chain,N,X,,,,Severe,No,,2012,232,,0,2,1,Exon,Mid,1,2,03907f6c-60a1-4144-90fb-795d9fad1620,1.9,Caucasian,Prophylaxis,1,0
c.3168dupT,154158897,p.(Glu1057*),Glu1038*,Nonsense,Duplication,14,1038,B,Heavy chain,N,,X,,,Moderate,Yes,,2022,342,X,1,1,1,Exon,Mid,4,4,17e84df7-442b-44e8-86be-3c3c1e31d883,3.2,Asian,Prophylaxis,26,0
c.3175A>T,154158890,p.(Lys1059*),Lys1040*,Nonsense,Substitution,14,1040,B,Heavy chain,N,X,,,,Severe,Yes,,2001,"0, 124",,1,2,1,Exon,Mid,4,8,ee9163d3-5684-487f-872d-19ca43a12d6e,2.8,Asian,Prophylaxis,31,1
c.3178A>T,154158887,p.(Lys1060*),Lys1041*,Nonsense,Substitution,14,1041,B,Heavy chain,N,X,,,,Severe,Not reported,,2016,280,,0,2,1,Exon,Mid,4,8,b7e11d91-e456-43a9-8a42-2cbe9259fc09,1.9,Caucasian,Prophylaxis,25,1
c.3180dup,154158885,p.(Val1061Serfs*7),Val1042Serfs*7,Frameshift,Substitution,14,1042,B,Heavy chain,N,X,,,,Severe,No,,2020,320,X,0,2,1,Exon,Mid,1,2,f8b9547e-7668-4dc9-b713-2b4d53a8a8b1,4.9,Hispanic,Prophylaxis,41,0
c.3181delG,154158884,p.(Val1061*),Val1042*,Frameshift,Deletion,14,1042,B,Heavy chain,N,X,,,,Severe,No,,2017,288,,0,2,1,Exon,Mid,1,2,d660662d-7de7-4eb5-8f6c-b8c824672141,1.2,Caucasian,Prophylaxis,13,0
c.3188delC,154158877,p.(Pro1063Leufs*2),Pro1044fs*2,Frameshift,Deletion,14,1044,B,Heavy chain,N,X,,,,Severe,Not reported,,2016,280,,0,2,1,Exon,Mid,1,2,b29442f4-bf59-4fa2-aec5-a542ea451ddb,4,Caucasian,Prophylaxis,44,0
c.3196C>T,154158869,p.(His1066Tyr),His1047Tyr,Missense,Substitution,14,1047,B,Heavy chain,N,,,,,Severe,Yes,,2003,136,,1,2,0,Exon,Mid,0,0,73eeeeab-bd88-424e-914b-ebc865439eba,7.5,Hispanic,Prophylaxis,74,0
c.3203_3204del,154158861_154158862,p.(Arg1068Asnfs*18),Arg1049Asnfs*18,Frameshift,Deletion,14,1049,B,Heavy chain,N,X,,,,Severe,No,,1995,66,,0,2,1,Exon,Mid,1,2,1a8852b9-5dcb-41f3-a33e-7f08679c3f08,3.8,Black,Prophylaxis,31,0
c.3210delT,154158855,p.(Met1071Trpfs*8),Met1052Trpfs*8,Frameshift,Deletion,14,1052,B,Heavy chain,N,X,,,,Severe,Not reported,,2018,293,,0,2,1,Exon,Mid,1,2,5a7b0987-b777-4abf-b37b-01aaf1eb626a,10.8,Asian,Prophylaxis,112,1
c.3218_3219delinsGAATGCTTATGGACAG,154158846_154158847,p.(Lys1073Argfs*11),Lys1054Argfs*11,Frameshift,Deletion/Insertion,14,1054,B,Heavy chain,Y,X,,,,Severe,No,,2014,258,,0,2,1,Exon,Mid,1,2,500388f0-ef14-4d2f-b3b9-a649da801b18,2.2,Other,Prophylaxis,18,0
c.3220_3221ins14,154158844_154158845,p.(Asn1074Metfs*10),Asn1055Metfs*10,Frameshift,Insertion,14,1055,B,Heavy chain,Y,X,,,,Severe,No,,2012,231,,0,2,1,Exon,Mid,1,2,6e01fbf8-0791-4e5c-b0a8-0912ecece4f0,4.3,Asian,Prophylaxis,59,0
c.3221dupA,154158844,p.(Asn1074Lysfs*13),Asn1055Lysfs*13,Frameshift,Duplication,14,1055,B,Heavy chain,Y,,X,,,Moderate,Not reported,,2018,293,,0,1,1,Exon,Mid,1,1,ab4f9879-b106-4799-a18c-694a6153dfcd,5.2,Asian,Prophylaxis,49,0
c.3224delC,154158841,p.(Ala1075Valfs*4),Ala1056Valfs*4,Frameshift,Deletion,14,1056,B,Heavy chain,N,X,,,,Severe,Not reported,,2008,"183, 186",,0,2,1,Exon,Mid,1,2,dfe10aba-3b19-4a31-9af4-bedd4954c4d6,3.4,Asian,Prophylaxis,40,0
c.3238delC,154158827,p.(Leu1080*),Leu1061*,Frameshift,Deletion,14,1061,B,Heavy chain,N,X,,,,Severe,Not reported,,2016,280,,0,2,1,Exon,Mid,1,2,0097bb43-4efb-4b17-80e6-b125a7279d32,3.1,Caucasian,Prophylaxis,32,0
c.3239dupT,154158826,p.(Asn1081Lysfs*6),Asn1062Lysfs*6,Frameshift,Duplication,14,1062,B,Heavy chain,N,X,,,,Severe,Not reported,,2019,314,,0,2,1,Exon,Mid,1,2,16c255ec-7ea6-4d95-a31e-324088fe4f77,8.3,Caucasian,Prophylaxis,67,0
c.3242del,154158823,p.(Asn1081Ilefs*57),Asn1062Ilefs*57,Frameshift,Deletion,14,1062,B,Heavy chain,N,X,,,,Severe,No,,2020,319,X,0,2,1,Exon,Mid,1,2,95734a6c-7635-4418-a54c-cfd411e61e29,4.2,Asian,Prophylaxis,22,0
c.3247_3248delAT,1541588117_154158818,p.(Met1083Valfs*3),Met1064Valfs*3,Frameshift,Deletion,14,1064,B,Heavy chain,N,,,,X,Not reported,Not reported,,2019,312,,0,,1,Exon,Mid,1,,a4907ec4-87e5-49b7-8aa8-0b5a44b35559,7.6,Black,On-Demand,13,0
c.3251C>G,154158814,p.(Ser1084*),Ser1065*,Nonsense,Substitution,14,1065,B,Heavy chain,N,X,,,,Severe,No,,2010,209,,0,2,1,Exon,Mid,4,8,17206308-a1f9-490b-87d0-5494fcd8b6bd,4.4,Caucasian,Prophylaxis,42,0
c.3255_3258del,154158807_154158810,p.(Asn1085Lysfs*52),Asn1067Lysfs*52,Frameshift,Deletion,14,1067,B,Heavy chain,,,,,X,Not reported,Not reported,,2020,320,X,0,,1,Exon,Mid,1,,5361b50e-5e7d-455e-8036-97c106c33413,2,Asian,On-Demand,17,0
c.3255_3259del,154158806_154158810,p.(Lys1086Tyrfs*30),Lys1067Tyrfs*30,Frameshift,Deletion,14,1067,B,Heavy chain,Y,X,,,,Severe,Not reported,,2008,185,,0,2,1,Exon,Mid,1,2,e87757e2-afbd-4eaa-be7e-b88863742102,5.5,Hispanic,Prophylaxis,50,0
c.3259delA,154158806,p.(Thr1087Leufs*51),Thr1068Leufs*51,Frameshift,Deletion,14,1068,B,Heavy chain,Y,X,,,,Severe,Not reported,,2018,293,,0,2,1,Exon,Mid,1,2,9c90f2c3-7edc-43d6-ab38-726dbc70885f,1.6,Caucasian,Prophylaxis,10,1
c.3263C>T,154158802,p.(Thr1088Ile),Thr1069Ile,Missense,Substitution,14,1069,B,Heavy chain,N,,,,X,Not reported,Not reported,,2017,289,,0,,0,Exon,Mid,0,,eb9cd8ee-914d-402c-aae1-b86ecddfd3d3,15.5,Caucasian,On-Demand,75,0
c.3266C>G,154158799,p.(Ser1089*),Ser1070*,Nonsense,Substitution,14,1070,B,Heavy chain,N,X,,,,Severe,Not reported,,2018,293,,0,2,1,Exon,Mid,4,8,14a13fca-2fd8-4c88-b6fc-0888fe9ed017,8.3,Caucasian,On-Demand,30,1
c.3269C>G,154158796,p.(Ser1090*),Ser1071*,Nonsense,Substitution,14,1071,B,Heavy chain,N,X,,,,Severe,No,,2012,233,,0,2,1,Exon,Mid,4,8,d5e3a05f-e70c-4514-aa37-8f0e88c6554b,5.3,Hispanic,Prophylaxis,46,0
c.3274_3276delinsCC,154158789_154158791,p.(Asn1092Profs*46),Asn1073Profs*46,Frameshift,Deletion/Insertion,14,1073,B,Heavy chain,N,X,,,,Severe,Yes,,2021,337,X,1,2,1,Exon,Mid,1,2,6f5feb30-b45d-40ec-ae90-b3a077a67505,10,Caucasian,On-Demand,42,0
c.3275dupA,154158790,p.(Asn1092Lysfs*26),Asn1073Lysfs*26,Frameshift,Duplication,14,1073,B,Heavy chain,Y,X,,,,Severe,No,,2005,"151, 153",,0,2,1,Exon,Mid,1,2,9585376a-6ded-4bae-ae0b-4f97b276cb5b,3.3,Caucasian,Prophylaxis,51,0
c.3280G>T,154158785,p.(Glu1094*),Glu1075*,Nonsense,Substitution,14,1075,B,Heavy chain,N,X,,,,Severe,No,,2014,255,,0,2,1,Exon,Mid,4,8,88b39771-1a1e-46db-9fe3-2d1a6a9c1df6,6.7,Caucasian,Prophylaxis,78,1
c.3284_3299del,154158766_154158781,p.(Met1095Lysfs*38),Met1076Lysfs*38,Frameshift,Deletion,14,1076,B,Heavy chain,N,X,,,,Severe,Not reported,,2018,293,,0,2,1,Exon,Mid,1,2,a505d2df-3e54-4f64-9fa3-629c6d516282,6.5,Asian,Prophylaxis,82,0
c.3289C>T,154158776,p.(Gln1097*),Gln1078*,Nonsense,Substitution,14,1078,B,Heavy chain,N,X,,,,Severe,Not reported,,0,0,,0,2,1,Exon,Mid,4,8,f71782e1-07f8-4cf7-8ee8-e854c6e169af,5.8,Asian,Prophylaxis,69,0
c.3292C>T,154158773,p.(Gln1098*),Gln1079*,Nonsense,Substitution,14,1079,B,Heavy chain,N,X,,,,Severe,No,,2001,116,,0,2,1,Exon,Mid,4,8,2c20527f-34c9-4e65-b758-bac13ff412c0,8.3,Asian,On-Demand,47,0
c.3293_3294delinsTT,154158771_154158772,p.(Gln1098Leu),Gln1079Leu ,Missense,Deletion/Insertion,14,1079,B,Heavy chain,Y,,X,,,Moderate,No,,2018,300,,0,1,0,Exon,Mid,0,0,10dec03d-66f5-4530-9160-3cea57b334b8,3.3,Caucasian,Prophylaxis,35,0
c.3293_3296delinsTT,154158769_154158772,p.(Gln1098Leufs*19),Gln1079Leufs*19,Frameshift,Deletion/Insertion,14,1079,B,Heavy chain,Y,X,,,,Severe,No,,2014,258,,0,2,1,Exon,Mid,1,2,74c677d8-cb26-4523-ab43-fd3979b6146b,1.8,Caucasian,Prophylaxis,21,0
c.3298_3305dup,154158760_154158767,p.(Pro1103Lysfs*38),Pro1084Lysfs*38,Frameshift,Duplication,14,1084,B,Heavy chain,Y,X,,,,Severe,No,,2005,"0, 152",,0,2,1,Exon,Mid,1,2,b664dc19-577d-4067-9b58-6e78139b3950,6.3,Hispanic,On-Demand,37,0
c.3298A>T,154158767,p.(Lys1100*),Lys1081*,Nonsense,Substitution,14,1081,B,Heavy chain,N,,,,X,Severe,Yes,,0,0,,1,2,1,Exon,Mid,4,8,c86008e7-4918-4a51-a85c-cb82f2113a44,3,Caucasian,Prophylaxis,30,1
c.3299_3300del,154158765_154158766,p.(Lys1100Argfs*17),Lys1082Argfs*17,Frameshift,Deletion,14,1082,B,Heavy chain,Y,X,,,,Severe,No,,2012,231,,0,2,1,Exon,Mid,1,2,bbe50ce8-8de1-4170-94cc-6ecff0156685,4.3,Caucasian,Prophylaxis,31,0
c.3300delA,154158765,p.(Glu1101Argfs*37),Glu1082Argfs*37,Frameshift,Deletion,14,1082,B,Heavy chain,Y,X,,,,Severe,No,,2006,160,,0,2,1,Exon,Mid,1,2,be25383c-738c-4d67-9444-f50ea622f07e,4.4,Hispanic,Prophylaxis,52,0
c.3300dupA,154158765,p.(Glu1101Argfs*17),Glu1082Argfs*17,Frameshift,Duplication,14,1082,B,Heavy chain,Y,,,,X,Not Reported,No,,1995,70,,0,,1,Exon,Mid,1,,55a2cd63-60c9-4b84-ab37-a03e7e3f4d42,21.5,Hispanic,On-Demand,124,0
c.3301G>T,154158764,p.(Glu1101*),Glu1082*,Nonsense,Substitution,14,1082,B,Heavy chain,N,,,,,Severe,No,,2008,177,,0,2,1,Exon,Mid,4,8,19f50a87-2f4d-403f-8193-5d2b553253bd,5.9,Caucasian,Prophylaxis,57,0
c.3302_3303del,154158762_154158763,p.(Glu1101Glyfs*16),Glu1082Glyfs*16,Frameshift,Deletion,14,1082,B,Heavy chain,N,X,,,,Severe,No,,2006,157,,0,2,1,Exon,Mid,1,2,85ef8447-0360-46be-803d-dc8b716edd93,2.8,Other,Prophylaxis,39,0
c.3303_3318dup,154158747_154158762,p.(Asp1107Glyfs*16),Asp1088Glyfs*16,Frameshift,Duplication,14,1088,B,Heavy chain,N,,,,X,Not reported,Not reported,,2005,145,,0,,1,Exon,Mid,1,,db70b8d8-9758-4fbf-b3a8-cadfed7e5a7c,20.7,Caucasian,On-Demand,113,0
c.3325C>T,154158740,p.(Gln1109*),Gln1090*,Nonsense,Substitution,14,1090,B,Heavy chain,N,X,,,,Severe,Not reported,,2007,162,,0,2,1,Exon,Mid,4,8,cf63d43f-a095-419f-a9ef-de7db440e4f3,6.4,Asian,Prophylaxis,65,0
c.3328A>T,154158737,p.(Asn1110Tyr),Asn1091Tyr,Missense,Substitution,14,1091,B,Heavy chain,N,,,X,,Mild,Not reported,,2008,180,,0,0,0,Exon,Mid,0,0,4ab56556-035b-4930-b94a-064a075b2746,2,Caucasian,On-Demand,5,0
c.3338_3341dup,154158724_154158727,p.(Phe1115Valfs*4),Phe1096Valfs*4,Frameshift,Duplication,14,1096,B,Heavy chain,N,X,,,,Severe,No,,2012,227,,0,2,1,Exon,Mid,1,2,f428afdb-17ab-462d-aaea-e3d332dc13ab,3.5,Other,Prophylaxis,37,0
c.3341C>A,154158724,p.(Ser1114*),Ser1095*,Nonsense,Substitution,14,1095,B,Heavy chain,N,,,,X,Not reported,Not reported,,2015,268,,0,,1,Exon,Mid,4,,57b72900-14f9-49d1-b475-c77226e06e03,12.6,Caucasian,On-Demand,77,1
c.3342G>A,154158723,p.(=),0,Synonymous,Substitution,14,1095,B,Heavy chain,N,X,,,,Severe,No,,2012,232,,0,2,0,Exon,Mid,2,4,ee4b6d63-9cab-439e-bf42-630f1b1352d6,6.3,Black,Prophylaxis,67,0
c.3344delT,154158721,p.(Phe1115Serfs*23),Phe1096Serfs*23,Frameshift,Deletion,14,1096,B,Heavy chain,N,X,,,,Severe,Not reported,,2002,127,,0,2,1,Exon,Mid,1,2,190c061b-1970-4827-9679-862836b355c9,4.2,Black,Prophylaxis,53,0
c.3356dupT,154158709,p.(Phe1120Ilefs*46),Phe1101Ilefs*46,Frameshift,Duplication,14,1101,B,Heavy chain,N,X,,,,Severe,Not reported,,2002,127,,0,2,1,Exon,Mid,1,2,c4909c19-88b5-4701-b67f-f2716c8058ce,1.8,Caucasian,Prophylaxis,21,0
c.3370_3371delinsA,154158694_154158695,p.(Ser1124Lysfs*14),Ser1105Lysfs*14,Frameshift,Deletion/Insertion,14,1105,B,Heavy chain,N,X,,,,Severe,Not reported,,0,0,,0,2,1,Exon,Mid,1,2,3613491a-43cc-4dcc-a1a7-631aa0d2e56f,5.2,Asian,Prophylaxis,33,0
c.3371C>A,154158694,p.(Ser1124*),Ser1105*,Nonsense,Substitution,14,1105,B,Heavy chain,N,X,,,,Severe,Yes,,2006,160,,1,2,1,Exon,Mid,4,8,c19b990a-8551-4093-9a6e-b1049f4c5145,4.6,Hispanic,Prophylaxis,64,1
c.3380G>A,154158685,p.(Trp1127*),Trp1108*,Nonsense,Substitution,14,1108,B,Heavy chain,N,X,,,,Severe,No,,2012,232,,0,2,1,Exon,Mid,4,8,d63384f2-092e-4b10-a88f-a707b08c9266,1,Caucasian,Prophylaxis,26,0
c.3381G>A,154158684,p.(Trp1127*),Trp1108*,Nonsense,Substitution,14,1108,B,Heavy chain,N,,,,X,Severe,Not reported,,2001,118,,0,2,1,Exon,Mid,4,8,3f0e9b98-644e-4fa4-978f-dc9bb0d49c68,2.9,Caucasian,Prophylaxis,36,0
c.3385C>T,154158680,p.(Gln1129*),Gln1110*,Nonsense,Substitution,14,1110,B,Heavy chain,N,X,,,,Severe,No,,2012,232,,0,2,1,Exon,Mid,4,8,526b6423-f60c-440b-86bf-8e7ce51fe373,5.3,Asian,Prophylaxis,43,0
c.3385delC,154158680,p.(Gln1129Lysfs*9),Gln1110Lysfs*9,Frameshift,Deletion,14,1110,B,Heavy chain,N,X,,,,Severe,Yes,,2005,151,,1,2,1,Exon,Mid,1,2,dfbfcf53-096f-4dc8-aad6-93b65cf68768,1.6,Other,Prophylaxis,18,1
c.3388_3391dup,154158674_154158677,p.(Thr1131Lysfs*36),Thr1112Lys*36,Frameshift,Duplication,14,1112,B,Heavy chain,Y,,X,,,Moderate,Not reported,,2016,280,,0,1,1,Exon,Mid,1,1,4c6a1442-f35a-4ab0-a87e-931c427849e1,5.8,Caucasian,Prophylaxis,54,0
c.3388delA,154158677,p.(Arg1130Glyfs*8),Arg1111Glyfs*8,Frameshift,Deletion,14,1111,B,Heavy chain,Y,X,,,,Severe,No,,2008,182,,0,2,1,Exon,Mid,1,2,399be3a7-b714-4846-a7f4-94165c53dd8f,12.3,Caucasian,Prophylaxis,107,0
c.3401delA,154158664,p.(Lys1134Argfs*4),Lys1115Argfs*4,Frameshift,Deletion,14,1115,B,Heavy chain,N,X,,,,Severe,No,,2017,288,,0,2,1,Exon,Mid,1,2,eab8dc42-ed83-4d2d-a3db-c351e55f6352,8.5,Asian,On-Demand,47,0
c.3401dupA,154158664,p.(Asn1135Glu*31),Asn1114Glu*31,Frameshift,Duplication,14,1114,B,Heavy chain,N,,X,,,Moderate,Not reported,,2021,339,X,0,1,1,Exon,Mid,1,1,a2b2a638-a382-439b-887b-52d339ddbf55,1.8,Asian,Prophylaxis,10,0
c.3402_3409del,154158656_154158663,p.(Lys1134Asnfs*29),Lys1115Asnfs*29,Frameshift,Deletion,14,1115,B,Heavy chain,N,,X,,,Moderate,Not reported,,2002,126,,0,1,1,Exon,Mid,1,1,b2f0337a-a38d-4831-9a30-2e60abafcb89,7.8,Asian,Prophylaxis,79,1
c.3402G>C,154158663,p.(Lys1134Asn),Lys1115Asn,Missense,Substitution,14,1115,B,Heavy chain,N,,,,X,Not reported,Not reported,,2021,332,X,0,,0,Exon,Mid,0,,e37c97f6-d427-4235-a780-6281a2aae864,15.9,Asian,On-Demand,82,0
c.3406del,154158659,p.(Ser1136Leufs*2),Ser1117Leufs*2,Frameshift,Deletion,14,1117,B,Heavy chain,N,X,,,,Severe,Yes,,2020,319,X,1,2,1,Exon,Mid,1,2,0a5c65cb-a19d-4a6b-b61d-6fb71f598df7,4,Asian,On-Demand,23,1
c.3409_3410del,154158655_154158656,p.(Leu1137Glufs*28),Leu1118Glufs*28,Frameshift,Deletion,14,1118,B,Heavy chain,N,X,,,,Severe,No,,2006,160,,0,2,1,Exon,Mid,1,2,b4e98202-1575-4cc6-bc5c-eb40d520e390,8.6,Asian,Prophylaxis,94,0
c.3410_3411del,154158654_154158655,p.(Leu1137Glnfs*28),Leu1118Glnfs*28,Frameshift,Deletion,14,1118,B,Heavy chain,N,X,,,,Severe,Yes,,2011,218,,1,2,1,Exon,Mid,1,2,d62f2675-2926-492b-96c7-f8edc1eb534c,1.4,Black,Prophylaxis,10,0
c.3412_3418del,154158647_154158653,p.(Asn1138Glyfs*9),Asn1119Glyfs*9,Frameshift,Deletion,14,1119,B,Heavy chain,N,X,,,,Severe,Not reported,,2018,293,,0,2,1,Exon,Mid,1,2,bfc190c6-fe00-40fc-8025-89e6e37a9858,2.5,Asian,On-Demand,7,0
c.3413delA,154158652,p.(Asn1138Thrfs*11),Asn1119Thrfs*11,Frameshift,Deletion,14,1119,B,Heavy chain,N,X,,,,Severe,Not reported,,2021,333,X,0,2,1,Exon,Mid,1,2,0c75243c-a5e9-4936-80a2-e0a28267de9e,1.4,Caucasian,On-Demand,1,0
c.3416_3417del,154158648_154158649,p.(Ser1139Trpfs*26),Ser1120Trpfs*26,Frameshift,Deletion,14,1120,B,Heavy chain,N,X,,,,Severe,Not reported,,0,0,,0,2,1,Exon,Mid,1,2,bf530bb8-1712-455b-84ec-5c75d9f15dd2,6.1,Black,Prophylaxis,57,0
c.3417_3418del,154158647_154158648,p.(Gly1140Alafs*25),Gly1121Alafs*25,Frameshift,Deletion,14,1121,B,Heavy chain,N,X,,,,Severe,Not reported,,2012,224,,0,2,1,Exon,Mid,1,2,f85fff4e-c4ef-4d79-9278-8b8c06a3bad3,4.2,Caucasian,Prophylaxis,25,0
c.3417dupT,154158648,p.(Gly1140Trpfs*26),Gly1121Trpfs*26,Frameshift,Duplication,14,1121,B,Heavy chain,N,,,,X,Severe,Not reported,,2002,129,,0,2,1,Exon,Mid,1,2,da50c767-da3b-45d1-806a-86155376079a,0.9,Black,On-Demand,1,1
c.3420delG,154158645,p.(Gln1141Lysfs*8),Gln1122Lysfs*8,Frameshift,Deletion,14,1122,B,Heavy chain,N,,,,X,Not reported,Not reported,,2022,345,X,0,,1,Exon,Mid,1,,1ce69ff5-ff11-45cd-9be1-c05cfe6c1f12,2,Asian,On-Demand,23,0
c.3421C>T,154158644,p.(Gln1141*),Gln1122*,Nonsense,Substitution,14,1122,B,Heavy chain,N,X,,,,Severe,Not reported,,2002,127,,0,2,1,Exon,Mid,4,8,560bc9dd-9347-4287-9f6d-30171d150423,3.2,Hispanic,Prophylaxis,63,0
c.3430delA,154158635,p.(Ser1144Valfs*5),Ser1125Valfs*5,Frameshift,Deletion,14,1125,B,Heavy chain,N,X,,,,Severe,Not reported,,2008,"183, 186",,0,2,1,Exon,Mid,1,2,8b1bd80f-37b7-4e2f-92fb-98ed59ed956b,7.6,Caucasian,Prophylaxis,75,0
c.3432_3448del,154158617_154158633,p.(Pro1145Leufs*15),Pro1126Leufs*15,Frameshift,Deletion,14,1126,B,Heavy chain,N,X,,,,Severe,Not reported,,2021,333,X,0,2,1,Exon,Mid,1,2,69efc6c4-d4ad-47c8-b1c3-ff47a47098a2,4.1,Hispanic,Prophylaxis,28,0
c.3436_3437del,154158628_15415629,p.(Lys1146Alafs*19),Lys1127Alafs*19,Frameshift,Deletion,14,1127,B,Heavy chain,N,X,,,,Severe,No,,2020,319,X,0,2,1,Exon,Mid,1,2,60771d45-ae59-4ff1-b707-c9a427920cc8,1.4,Other,On-Demand,4,0
c.3437del,154158628,p.(Lys1146Serfs*3),Lys1127Serfs*3,Frameshift,Deletion,14,1127,B,Heavy chain,N,X,,,,Severe,No,,2020,320,X,0,2,1,Exon,Mid,1,2,fb83bd38-9bfd-4df9-8f8e-74faeb07f6f1,5.9,Caucasian,On-Demand,20,0
c.3438delG,154158627,p.(Lys1146Asnfs*3),Lys1127Asnfs*2,Frameshift,Deletion,14,1127,B,Heavy chain,N,X,,,,Severe,Not reported,,2019,314,,0,2,1,Exon,Mid,1,2,5aeffb61-f4e5-447c-a303-0668829445ee,1.9,Caucasian,Prophylaxis,22,1
c.3439delC,154158626,p.(Gln1147Asnfs*2),Gln1128Asnfs*2,Frameshift,Deletion,14,1128,B,Heavy chain,N,X,,,,Severe,Not reported,,2018,293,,0,2,1,Exon,Mid,1,2,9ff447d2-2665-41ad-9158-44248f3c536e,6,Caucasian,Prophylaxis,61,0
c.3443_3444dup,154158621_154158622,p.(Val1149*),Val1130*,Frameshift,Duplication,14,1130,B,Heavy chain,N,X,,,,Severe,Not reported,,2018,293,,0,2,1,Exon,Mid,1,2,d49e2d9a-f95e-4988-9d88-1d65365e3281,2.1,Black,Prophylaxis,33,0
c.3450_3451dup,154158601_154158602,p.(Leu1151Serfs*2),Leu1132Serfs*2,Frameshift,Duplication,14,1132,B,Heavy chain,N,X,,,,Severe,Not reported,,2016,280,,0,2,1,Exon,Mid,1,2,505b8fdc-48a6-400d-b9ff-2697c319d9b0,5,Black,On-Demand,17,0
c.3455delG,154158610,p.(Gly1152Aspfs*19),Gly1133Aspfs19,Frameshift,Deletion,14,1133,B,Heavy chain,N,X,,,,Severe,No,,2021,330,X,0,2,1,Exon,Mid,1,2,a410b51c-21b6-4d40-971e-3304a6318670,0.9,Caucasian,Prophylaxis,8,0
c.3457C>G,154158608,p.(Pro1153Ala),Pro1134Ala,Missense,Substitution,14,1134,B,Heavy chain,N,,,X,,Mild,No,,2012,233,,0,0,0,Exon,Mid,0,0,12d7b04a-64a7-486c-a1e4-415c2b03f614,12.3,Asian,On-Demand,47,0
c.3460G>T,154158605,p.(Glu1154*),Glu1135*,Nonsense,Substitution,14,1135,B,Heavy chain,N,X,,,,Severe,Not reported,,2018,293,,0,2,1,Exon,Mid,4,8,32dfc2c0-b725-4bd7-91bd-e602af084c1a,3.1,Caucasian,Prophylaxis,27,0
c.3464_3474del,154158591_154158601,p.(Lys1155Argfs*7),Lys1136Argfs*7,Frameshift,Deletion,14,1136,B,Heavy chain,N,X,,,,Severe,Not reported,,2018,293,,0,2,1,Exon,Mid,1,2,26082263-3057-4555-ac26-7321e53af9d6,4.3,Caucasian,On-Demand,11,1
c.3465dupA,154158600,p.(Ser1156Ilefs*10),Ser1137Ilfs*10,Frameshift,Duplication,14,1137,B,Heavy chain,Y,,,X,,Mild,Not reported,,2014,256,,0,0,1,Exon,Mid,1,0,b3e2665c-76d7-411a-8e3f-7ecd12d46a66,37.4,Caucasian,On-Demand,172,1
c.3470_3471del,154158594_154158595,p.(Val1157Glyfs*8),Val1138Glyfs*8,Frameshift,Deletion,14,1138,B,Heavy chain,N,X,,,,Severe,Not reported,,2018,293,,0,2,1,Exon,Mid,1,2,e31c59fb-60dd-41e9-b1ae-98957046d868,5.1,Asian,Prophylaxis,43,0
c.3478C>T,154158587,p.(Gln1160*),Gln1141*,Nonsense,Substitution,14,1141,B,Heavy chain,N,,X,,,Moderate,No,,2010,213,,0,1,1,Exon,Mid,4,4,42558920-e746-45bb-aa2f-27ef83cf007a,5.3,Caucasian,On-Demand,10,0
c.3490delT,154158575,p.(Ser1164Leufs*7),Ser1145Leufs*7,Frameshift,Deletion,14,1145,B,Heavy chain,N,X,,,,Severe,Not reported,,2000,103,,0,2,1,Exon,Mid,1,2,cf83e95d-cf77-4738-b672-e24bb21fd7a5,1.2,Hispanic,Prophylaxis,9,0
c.3493G>T,154158572,p.(Glu1165*),Glu1146*,Nonsense,Substitution,14,1146,B,Heavy chain,N,X,,,,Severe,No,,1999,101,,0,2,1,Exon,Mid,4,8,2011ee28-c084-4f3e-965d-c96172673d67,3.1,Caucasian,Prophylaxis,43,0
c.3496A>T,154158569,p.(Lys1166*),Lys1147*,Nonsense,Substitution,14,1147,B,Heavy chain,N,X,,,,Severe,Yes,,2006,160,,1,2,1,Exon,Mid,4,8,9172a6db-3746-4dba-a33e-230e9cc28248,5,Caucasian,Prophylaxis,64,1
c.3499A>G,154158566,p.(Asn1167Asp),Asn1148Asp,Missense,Substitution,14,1148,B,Heavy chain,Y,,,,X,Not reported,Not reported,,2021,332,X,0,,0,Exon,Mid,0,,6512c31f-819f-43bd-a778-3d14093ee0dc,19.8,Caucasian,On-Demand,107,1
c.3500dupA,154158565,p.(Asn1167Lysfs*9),Asn1148Lysfs*9,Frameshift,Duplication,14,1148,B,Heavy chain,Y,X,,,,Severe,Yes,,2007,169,,1,2,1,Exon,Mid,1,2,b116c36e-580a-4043-8ab6-29c2cd79db2e,2,Hispanic,On-Demand,6,0
c.3501_3504del,154158561_154158564,p.(Asn1167Lysfs*3),Asn1148Lysfs*3,Frameshift,Deletion,14,1148,B,Heavy chain,Y,X,,,,Severe,Yes,,2014,258,,1,2,1,Exon,Mid,1,2,298d27c7-73d2-405c-a52a-6b870e0deae2,8.8,Caucasian,Prophylaxis,81,1
c.3508delG,154158557,p.(Val1170*),Val1151*,Frameshift,Deletion,14,1151,B,Heavy chain,N,X,,,,Severe,No,,0,0,,0,2,1,Exon,Mid,1,2,a33dc805-fe4b-413e-82a0-d8fa29dd9fbb,2.5,Caucasian,Prophylaxis,23,0
c.3521delG,154158544,p.(Gly1174Valfs*7),Gly1155Valfs*7,Frameshift,Deletion,14,1155,B,Heavy chain,N,X,,,,Severe,Not reported,,2016,280,,0,2,1,Exon,Mid,1,2,0a59163f-ebf5-4902-8c4c-97fe28160e17,3.5,Asian,Prophylaxis,34,0
c.3522delT,154158543,p.(Glu1175Asnfs*6),Glu1156Aspfs*6,Frameshift,Deletion,14,1156,B,Heavy chain,N,X,,,,Severe,No,,2017,288,,0,2,1,Exon,Mid,1,2,b1ead173-09ed-47b0-ae1d-b80388df2ff4,6.5,Asian,Prophylaxis,57,0
c.3525delA,154158540,p.(Glu1175Aspfs*6),Glu1156Aspfs*6,Frameshift,Deletion,14,1156,B,Heavy chain,Y,X,,,,Severe,No,,2012,231,,0,2,1,Exon,Mid,1,2,251659cc-d963-4415-9427-5b32458ad957,7.2,Asian,Prophylaxis,70,0
c.3528delT,154158537,p.(Phe1176Leufs*5),Phe1157Leufs*5,Frameshift,Deletion,14,1157,B,Heavy chain,N,,,,X,Not reported,Not reported,,2021,332,X,0,,1,Exon,Mid,1,,83495443-37fc-4689-9ffc-37b08921fa80,17,Caucasian,On-Demand,111,0
c.3533delA,154158532,p.(Lys1178Argfs*3),Lys1159Argfs*3,Frameshift,Deletion,14,1159,B,Heavy chain,N,X,,,,Severe,Not reported,,2013,249,,0,2,1,Exon,Mid,1,2,65f694b7-3712-40c7-9be3-62f9189339d6,1.1,Black,Prophylaxis,3,0
c.3533dupA,154158532,p.(Asp1179Glyfs*19),Asp1160Glyfs*19,Frameshift,Duplication,14,1159,B,Heavy chain,N,X,,,,Severe,Yes,,2016,282,,1,2,1,Exon,Mid,1,2,020f8421-a039-4692-9d76-eee91634e5af,1.8,Black,Prophylaxis,26,0
c.3544C>G,154158521,p.(Leu1182Val),Leu1163Val,Missense,Substitution,14,1163,B,Heavy chain,N,X,,,,Severe,Yes,,2018,300,,1,2,0,Exon,Mid,0,0,6dcba017-079e-4852-b9b4-c01017fd2342,4.7,Caucasian,Prophylaxis,40,0
c.3548_3549del,154158516_154158517,p.(Lys1183Argfs*14),Lys1164Argfs*14,Frameshift,Deletion,14,1164,B,Heavy chain,Y,X,,,,Severe,No,,1993,56,,0,2,1,Exon,Mid,1,2,e8789a35-766d-416a-b458-e3cc1085d35f,3.8,Caucasian,Prophylaxis,41,1
c.3549dupA,154158516,p.(Glu1184Argfs*14),Glu1165Argfs*14,Frameshift,Duplication,14,1165,B,Heavy chain,Y,X,,,,Severe,Not reported,,2018,293,,0,2,1,Exon,Mid,1,2,66d2ce09-1dee-4796-b8a5-e6ee7c058671,4.4,Caucasian,Prophylaxis,46,0
c.3561delT,154158504,p.(Pro1188Glnfs*30),Pro1169Glnfs*30,Frameshift,Deletion,14,1169,B,Heavy chain,N,X,,,,Severe,No,Poly T Deletion,2008,188,,0,2,1,Exon,Mid,1,2,6b0a7621-0349-4b75-b61c-c3792b295172,8.3,Caucasian,Prophylaxis,82,0
c.3565dupA,154158500,p.(Ser1189Lysfs*9),Ser1170Lysfs*9,Frameshift,Duplication,14,1170,B,Heavy chain,Y,X,,,,Severe,Yes,Poly A Duplication,2001,119,,1,2,1,Exon,Mid,1,2,a2cc0cf8-666e-48aa-9d5c-9de649460a01,5,Other,Prophylaxis,38,0
c.3569_3579del,154158486_154158496,p.(Ser1190Ilefs*4),Ser1171Ilefs*4,Frameshift,Deletion,14,1171,B,Heavy chain,N,X,,,,Severe,Not reported,,2018,293,,0,2,1,Exon,Mid,1,2,6fbe7ba4-19e3-42d8-97a2-4fc3483698db,1.1,Caucasian,On-Demand,1,0
c.3580T>G,154158485,p.(Phe1194Val),Phe1175Val,Missense,Substitution,14,1175,B,Heavy chain,N,,,X,,Mild,Yes,,2012,230,,1,0,0,Exon,Mid,0,0,a9ed08e1-6a65-401c-8c6d-83848e628351,2,Caucasian,On-Demand,21,0
c.3590delA,154158475,p.(Asn1197Thrfs*21),Asn1178Thrfs*21,Frameshift,Deletion,14,1178,B,Heavy chain,Y,,,,X,Severe,Not reported,,0,0,,0,2,1,Exon,Mid,1,2,02b3d7fb-35e4-40cb-b6ba-e4454280f889,1.8,Caucasian,Prophylaxis,24,1
c.3597del,154158468,p.(Asp1199Glufs*19),Asp1180Glufs*19,Frameshift,Deletion,14,1180,B,Heavy chain,N,X,,,,Severe,Yes,,2020,319,X,1,2,1,Exon,Mid,1,2,c2b9bb16-785e-472e-9f2d-2c488e392a3d,10.7,Black,Prophylaxis,101,0
c.3602delT,154158463,p.(Leu1201Tyrfs*17),Leu1182Tyrfs*17,Frameshift,Deletion,14,1182,B,Heavy chain,N,X,,,,Severe,Not reported,,2014,256,,0,2,1,Exon,Mid,1,2,14641d73-3e9d-41f7-b971-db111658348f,4.9,Asian,Prophylaxis,60,0
c.3607G>T,154158458,p.(Glu1203*),Glu1184*,Nonsense,Substitution,14,1184,B,Heavy chain,N,X,,,,Severe,Not reported,,2002,126,,0,2,1,Exon,Mid,4,8,c1b76ae9-6679-4fd4-b017-c2f95efd4690,1.1,Caucasian,Prophylaxis,1,1
c.3611dupA,154158454,p.(Asn1204Lysfs*2),Asn1185Lysfs*2,Frameshift,Insertion,14,1185,B,Heavy chain,N,X,,,,Severe,No,,2018,306,,0,2,1,Exon,Mid,1,2,736456a3-21e2-4f09-a6ab-2b785d860d74,2.4,Asian,Prophylaxis,7,0
c.3615dupT,154158450,p.(Thr1206Tyrfs*35),Thr1187Tyrfs*35,Frameshift,Duplication,14,1187,B,Heavy chain,N,X,,,,Severe,Not reported,,2010,211,,0,2,1,Exon,Mid,1,2,41cbd70d-55c3-405f-b353-22191901bf7f,2.4,Asian,On-Demand,1,0
c.3619_3622del,154158443_154158446,p.(His1207Ilefs*10),His1188Ilefs*10,Frameshift,Deletion,14,1188,B,Heavy chain,N,X,,,,Severe,Not reported,,1996,72,,0,2,1,Exon,Mid,1,2,db3d837c-ba09-4884-bad2-a19e54794f56,8.4,Caucasian,Prophylaxis,71,0
c.3619_3622dup,154158443_154158446,p.(Asn1208Thrfs*34),Asn1189Thrfs*34,Frameshift,Duplication,14,1189,B,Heavy chain,N,X,,,,Severe,Not reported,,2003,138,,0,2,1,Exon,Mid,1,2,0adb4456-f529-4c1d-a26c-7e1d0faa53f0,1.6,Caucasian,Prophylaxis,23,0
c.3621_3622del,154158443_154158444,p.(His1207Glnfs*33),His1188Glnfs*33,Frameshift,Deletion,14,1188,B,Heavy chain,N,X,,,,Severe,Not reported,,2008,"183, 186",,0,2,1,Exon,Mid,1,2,faef5490-0e62-402b-bcf8-831215566db4,8.8,Caucasian,On-Demand,59,0
c.3624_3627del,154158438_154158441,p.(Asn1208Lysfs*9),Asn1189Lysfs*9,Frameshift,Deletion,14,1189,B,Heavy chain,N,,X,,,Moderate,Not reported,,2016,280,,0,1,1,Exon,Mid,1,1,88de72f6-96ea-4aea-b6b7-9575768763e2,5,Hispanic,Prophylaxis,60,0
c.3624delT,154158441,p.(Gln1209Lysfs*9),Gln1190Lysfs*9,Frameshift,Deletion,14,1190,B,Heavy chain,N,,X,,,Moderate,No,,2008,175,,0,1,1,Exon,Mid,1,1,3591fbbf-6396-4f3e-b557-9a6d1e8db55e,3.1,Caucasian,Prophylaxis,30,0
c.3625C>T,154158440,p.(Gln1209*),Gln1190*,Nonsense,Substitution,14,1190,B,Heavy chain,N,X,,,,Severe,No,,2018,306,,0,2,1,Exon,Mid,4,8,59e2bd3d-a6cb-434d-9d3e-209ebfe8f8d7,8.8,Caucasian,On-Demand,50,0
c.3625dupC,154158440,p.(Gln1209Profs*32),Gln1190Profs*32,Frameshift,Duplication,14,1190,B,Heavy chain,N,X,,,,Severe,Not reported,,2008,186,,0,2,1,Exon,Mid,1,2,0b296233-9829-467f-9b68-95fa39c9bce5,4,Hispanic,Prophylaxis,52,0
c.3628G>T,154158437,p.(Glu1210*),Glu1191*,Nonsense,Substitution,14,1197,B,Heavy chain,N,,,,X,Not reported,Not reported,,2022,345,X,0,,1,Exon,Mid,4,,cd016feb-ca05-4906-ae67-98f353e636b0,35.1,Caucasian,On-Demand,172,0
c.3631A>T,154158434,p.(Lys1211*),Lys1192*,Nonsense,Substitution,14,1192,B,Heavy chain,N,,,,X,Severe,Not reported,,0,0,,0,2,1,Exon,Mid,4,8,861a1cee-49cf-4755-8cd1-0bea7321c4e2,7.6,Black,Prophylaxis,66,0
c.3632_3633insC,154158432_154158433,p.(Lys1211Asnfs*30),Lys1192Asnfs*30,Frameshift,Insertion,14,1192,B,Heavy chain,Y,X,,,,Severe,Yes,,2012,225,,1,2,1,Exon,Mid,1,2,89c800de-757c-4943-bf85-8eb514087fc0,3.8,Caucasian,Prophylaxis,47,0
c.3633_3634insC,154158431_154158432,p.(Lys1212Glnfs*29),Lys1193Glnfs*29,Frameshift,Insertion,14,1193,B,Heavy chain,Y,X,,,,Severe,Not reported,,2018,293,,0,2,1,Exon,Mid,1,2,4699e6c3-2abc-4077-9844-8ec7a694995b,2.3,Caucasian,Prophylaxis,22,0
c.3634A>T,154158431,p.(Lys1212*),Lys1193*,Nonsense,Substitution,14,1193,B,Heavy chain,Y,X,,,,Severe,Not reported,,2016,280,,0,2,1,Exon,Mid,4,8,6e9f4920-3aae-4884-a545-d2a5fa48e593,3.9,Caucasian,Prophylaxis,29,0
c.3635_3636delinsC,154158429_154158430,p.(Lys1212Thrfs*6),Lys1193Thrfs*6,Frameshift,Deletion/Insertion,14,1193,B,Heavy chain,Y,X,,,,Severe,Not reported,,2016,280,,0,2,1,Exon,Mid,1,2,98502fbe-9d6f-4787-96dc-7dae11a8c0bb,10.8,Caucasian,Prophylaxis,105,0
c.3635_3636delinsT,154158429_154158428,p.(Lys1212Ilefs*6),Lys1193Ilefs*6,Frameshift,Deletion/Insertion,14,1193,B,Heavy chain,Y,X,,,,Severe,No,,2016,282,,0,2,1,Exon,Mid,1,2,7b2368ef-503b-431c-a031-675c87ec7fe6,6,Asian,Prophylaxis,56,0
c.3636_3637del,154158428_154158429,p.(Lys1212Asnfs*28),Lys1193Asnfs*28,Frameshift,Deletion,14,1193,B,Heavy chain,Y,X,,,,Severe,Yes,,2011,218,,1,2,1,Exon,Mid,1,2,4887b6f6-8ec3-4b2a-9883-e2d751c4c49d,2.9,Black,On-Demand,9,0
c.3637delA,154158428,p.(Ile1213Phefs*5),Ile1194Phefs*5,Frameshift,Deletion,14,1194,B,Heavy chain,Y,X,X,,,Moderate/Severe,Yes,,1993,"0, 56",,1,,1,Exon,Mid,1,,d9a444a2-2c00-4590-86f1-d2c8e7b61fc8,27,Hispanic,On-Demand,134,0
c.3637dupA,154158428,p.(Ile1213Asnfs*28),Ile1194Asnfs*28,Frameshift,Duplication,14,1194,B,Heavy chain,Y,X,X,,,Moderate/Severe,No,Poly A Duplication,1995,"0, 70",,0,,1,Exon,Mid,1,,eb620b66-21ac-4732-b82a-e744a856534b,11.1,Caucasian,On-Demand,48,1
c.3639delT,154158426,p.(Gln1214Argfs*4),Gln1195Argfs*4,Frameshift,Deletion,14,1195,B,Heavy chain,Y,,X,,,Moderate,Not reported,,2016,280,,0,1,1,Exon,Mid,1,1,500ae83f-f4a5-4972-97a2-8f5553a7a944,7.4,Caucasian,Prophylaxis,71,0
c.3639dup,154158426,p.(Gln1214Serfs*27),Gln1195Serfs*27,Frameshift,Duplication,14,1195,B,Heavy chain,N,X,,,,Severe,No,,2020,320,X,0,2,1,Exon,Mid,1,2,3f37c0ca-c6bf-4e00-83c6-eae7da246860,3.5,Caucasian,Prophylaxis,13,1
c.3640C>T,154158425,p.(Gln1214*),Gln1195*,Nonsense,Substitution,14,1195,B,Heavy chain,N,X,,,,Severe,Not reported,,2018,293,,0,2,1,Exon,Mid,4,8,dbe0d9e8-69d2-4af0-8a1f-e53d1e61a0b4,3.4,Caucasian,Prophylaxis,30,0
c.3640delC,154158425,p.(Gln1214Argfs*4),Gln1195Argfs*4,Frameshift,Deletion,14,1195,B,Heavy chain,N,,,,X,Not reported,Not reported,,2019,317,,0,,1,Exon,Mid,1,,faf6a7cf-b97a-4164-9446-7cd5a09f591a,22.3,Other,On-Demand,86,0
c.3643dupG,154158422,p.(Glu1215Glyfs*26),Glu1196Glyfs*26,Frameshift,Duplication,14,1196,B,Heavy chain,N,X,,,,Severe,Not reported,,2018,293,,0,2,1,Exon,Mid,1,2,ebce0adf-942a-4f04-92d6-84e06e789716,2.8,Caucasian,Prophylaxis,23,0
c.3646G>T,154158419,p.(Glu1216*),Glu1197*,Nonsense,Substitution,14,1197,B,Heavy chain,N,X,,,,Severe,No,,2012,231,,0,2,1,Exon,Mid,4,8,bb35a590-b7bd-4325-983b-9593ea759a41,3.2,Caucasian,Prophylaxis,42,0
c.3650_3651del,154158414_154158415,p.(Ile1217Argfs*23),Ile1198Argfs*23,Frameshift,Deletion,14,1198,B,Heavy chain,N,X,,,,Severe,No,,2012,233,,0,2,1,Exon,Mid,1,2,1b5b37ed-2a39-4d54-b733-d3341bf2d8f5,1,Hispanic,Prophylaxis,1,1
c.3652_3655del,154158410_154158413,p.(Glu1218Argfs*5),Glu1199Argfs*5,Frameshift,Deletion,14,1199,B,Heavy chain,N,X,,,,Severe,Not reported,,2018,293,,0,2,1,Exon,Mid,1,2,358018ab-9370-4e09-9083-13f8d49ce159,2,Asian,Prophylaxis,13,0
c.3652delG,154158413,p.(Glu1218Lysfs*6),Glu1199Lysfs*6,Frameshift,Deletion,14,1199,B,Heavy chain,N,X,,,,Severe,Not reported,,2008,"183, 185",,0,2,1,Exon,Mid,1,2,890f2523-ae33-4bf7-a41d-13b305e1cd18,8,Caucasian,Prophylaxis,70,1
c.3653_3655dupins2300,154158410_154158412,,ins 2.3 kb,Large structural change (>50 bp),Duplication/Insertion,14,1200,B,Heavy chain,N,X,,,,Severe,Not reported,,1988,12,,0,2,0,Exon,Mid,3,6,ff831c83-c852-4d27-a722-1bbaac099c9e,2.9,Asian,Prophylaxis,38,0
c.3656delA,154158409,p.(Lys1219Argfs*5),Lys1200Argfs*5,Frameshift,Deletion,14,1200,B,Heavy chain,Y,X,,,,Severe,Yes,,2013,249,,1,2,1,Exon,Mid,1,2,0e20d312-5feb-4359-b135-79ed38739298,1.2,Hispanic,Prophylaxis,1,0
c.3664delA,154158401,p.(Thr1222Hisfs*2),Thr1203Hisfs*2,Frameshift,Deletion,14,1203,B,Heavy chain,Y,,X,,,Moderate,Not reported,,2016,280,,0,1,1,Exon,Mid,1,1,122dd4a4-cafd-477f-bcf8-a41cb244e4ad,3.9,Caucasian,Prophylaxis,50,0
c.3666delA,154158399,p.(Leu1223*),Leu1204*,Frameshift,Deletion,14,1193,B,Heavy chain,N,,,,X,Not reported,Not reported,,2015,277,,0,,1,Exon,Mid,1,,50a1572e-3938-4853-8f0b-d069f3e9ea11,2,Caucasian,On-Demand,8,0
c.3668delT,154158397,p.(Leu1223*),Leu1204*,Frameshift,Deletion,14,1204,B,Heavy chain,N,X,,,,Moderate,No,,2014,260,,0,1,1,Exon,Mid,1,1,30258b58-edec-440e-a435-23460365deee,4.5,Caucasian,On-Demand,12,0
c.3668T>A,154158397,p.(Leu1223*),Leu1204*,Nonsense,Substitution,14,1204,B,Heavy chain,N,X,,,,Severe,No,,2010,213,,0,2,1,Exon,Mid,4,8,37bdedab-5340-4c89-bef3-9da949583f6b,3.8,Caucasian,On-Demand,29,0
c.3668T>G,154158397,p.(Leu1223*),Leu1204*,Nonsense,Substitution,14,1204,B,Heavy chain,N,,,,X,Not reported,Not reported,,2015,268,,0,,1,Exon,Mid,4,,77e349d3-b182-478a-afe2-0f9e0759ca91,17.9,Caucasian,On-Demand,85,0
c.3671delT,154158394,p.(Ile1224Thrfs*5),Ile1205Thrfs*5,Frameshift,Deletion,14,1205,B,Heavy chain,N,,X,,,Moderate,Yes,,2010,212,,1,1,1,Exon,Mid,1,1,022a9f01-ed39-4f1a-89b5-7696a7110bfb,1.5,Asian,Prophylaxis,42,0
c.3673C>T,154158392,p.(Gln1225*),Gln1206*,Nonsense,Substitution,14,1206,B,Heavy chain,N,,X,,,Moderate,Not reported,,2016,280,,0,1,1,Exon,Mid,4,4,0653d839-1c47-4023-ae2e-0bd4d0848b40,3.2,Caucasian,Prophylaxis,22,0
c.3689T>A,154158376,p.(Leu1230*),Leu1211*,Nonsense,Substitution,14,1211,B,Heavy chain,N,,,,X,Not reported,Not reported,,2019,309,,0,,1,Exon,Mid,4,,371d1b0e-ba2a-4fb6-9b68-479fdc343154,21.7,Asian,On-Demand,117,0
c.3692delC,154158373,p.(Pro1231Leufs*6),Pro1212Leufs*6,Frameshift,Deletion,14,1212,B,Heavy chain,N,,X,,,Severe,No,,1991,"41, 58",,0,2,1,Exon,Mid,1,2,c15ef9fc-c92f-4d0e-bdaa-c66fb4d5867e,9.2,Other,Prophylaxis,73,0
c.3693delT,154158372,p.(Gln1232Argfs*5),Gln1213Argfs*5,Frameshift,Deletion,14,1213,B,Heavy chain,N,X,,,,Severe,Not reported,,2010,213,,0,2,1,Exon,Mid,1,2,795ee300-1c00-4bda-ac2f-51838a496271,2.5,Hispanic,Prophylaxis,25,0
c.3694C>T,154158371,p.(Gln1232*),Gln1213*,Nonsense,Substitution,14,1213,B,Heavy chain,N,X,,,,Severe,Not reported,,2013,249,,0,2,1,Exon,Mid,4,8,b341be20-6dfc-410b-8447-7b295a16ad81,1.8,Black,Prophylaxis,31,1
c.3699_3702del,154158363_154158366,p.(His1234Glnfs*2),His1215Glnfs*2,Frameshift,Deletion,14,1215,B,Heavy chain,N,X,,,,Severe,No,,2006,155,,0,2,1,Exon,Mid,1,2,690961c7-45ca-4e04-94c1-5b9b5afdd64a,3.9,Caucasian,Prophylaxis,40,0
c.3701_3704del,154158361_154158364,p.(His1234Glnfs*2),His1215Glnfs*2,Frameshift,Deletion,14,1215,B,Heavy chain,N,,X,,,Moderate,No,,2001,116,X,0,1,1,Exon,Mid,1,1,9cb42e42-da0a-4e8e-bafd-a768fe42fdae,1.9,Caucasian,Prophylaxis,16,1
c.3701A>T,154158364,p.(His1234Leu),His1215Leu,Missense,Substitution,14,1215,B,Heavy chain,N,X,,,,Severe,No,,2011,218,,0,2,0,Exon,Mid,0,0,ee025862-c2a3-44de-9c78-4ca4c259d3a4,2.9,Asian,Prophylaxis,40,0
c.3702_3705del,154158360_154158363,p.(His1234Glnfs*2),His1215Glnfs*2,Frameshift,Deletion,14,1215,B,Heavy chain,N,X,,,,Severe,Not reported,,1998,91,,0,2,1,Exon,Mid,1,2,5c196ac1-600a-4273-b1d0-f5661dc18822,4.2,Hispanic,Prophylaxis,50,0
c.3703delA,154158362,p.(Thr1235Glnfs*2),Thr1216Glnfs*2,Frameshift,Deletion,14,1216,B,Heavy chain,N,,X,,,Moderate,No,,2006,158,,0,1,1,Exon,Mid,1,1,bb414a3b-372f-47b4-b9af-7042feb75be6,8.1,Caucasian,Prophylaxis,91,1
c.3704_3705del,154158360_154158361,p.(Thr1235Serfs*5),Thr1216Serfs*5,Frameshift,Deletion,14,1216,B,Heavy chain,N,X,,,,Severe,Yes,,2014,258,,1,2,1,Exon,Mid,1,2,eb332597-f7ea-4a65-9267-9569d8e731bd,5.3,Caucasian,Prophylaxis,49,0
c.3707_3713del,154158352_154158358,p.(Val1236Alafs*6),Val1217Alafs*6,Frameshift,Deletion,14,1217,B,Heavy chain,N,,X,,,Moderate,Not reported,,2016,280,,0,1,1,Exon,Mid,1,1,8576366a-c39a-4f09-8a99-a6a8ad70d6be,5.1,Other,Prophylaxis,37,1
c.3709_3712dup,154158353_154158356,p.(Gly1238Aspfs*4),Gly1219Asp*4,Frameshift,Duplication,14,1219,B,Heavy chain,N,X,,,,Severe,Not reported,,2016,280,,0,2,1,Exon,Mid,1,2,f58a9999-91b2-43de-a38c-1f365d8368e7,1.3,Asian,Prophylaxis,8,0
c.3709dupA,154158356,p.(Thr1237Asnfs*4),Thr1218Asnfs*4,Frameshift,Duplication,14,1218,B,Heavy chain,N,,,,X,Not reported,Not reported,,2019,309,,0,,1,Exon,Mid,1,,523de550-4305-4dd9-9954-569d3d905dda,8.7,Hispanic,On-Demand,35,0
c.3710delC,154158355,p.(Thr1237Metfs*7),Thr1218Metfs*7,Frameshift,Deletion,14,1218,B,Heavy chain,N,X,,,,Severe,Not reported,,0,0,,0,2,1,Exon,Mid,1,2,239ce8dc-682c-4e34-b155-e87346b6958b,7.4,Caucasian,Prophylaxis,68,1
c.3713delG,154158352,p.(Gly1238Alafs*6),Gly1219Alafs*6,Frameshift,Deletion,14,1219,B,Heavy chain,N,X,,,,Severe,Not reported,,2014,256,,0,2,1,Exon,Mid,1,2,0bd72210-f863-4a32-a693-a9ed9d8bee4d,6.6,Black,Prophylaxis,79,1
c.3714_3729delinsTCT,154158336_154158351,p.(Thr1239Leufs*7),Thr1220Leufs*7,Frameshift,Deletion/Insertion,14,1220,B,Heavy chain,N,,X,,,Moderate,Not reported,,2016,280,,0,1,1,Exon,Mid,1,1,b97dd01a-4e77-40d4-be07-5ce2ad327fd3,3.3,Caucasian,Prophylaxis,46,0
c.3720_3721del,154158344_154158345,p.(Asn1241Phefs*11),Asn1222Phefs*11,Frameshift,Deletion,14,1222,B,Heavy chain,N,X,,,,Severe,No,,2020,320,X,0,2,1,Exon,Mid,1,2,d3488614-09f7-4642-86fa-947f8f9e39b5,5.1,Other,Prophylaxis,54,0
c.3721_3739delins6,154158326_154158344,p.(Asn1241?fs*?),Asn1222?fs*?,Frameshift,Deletion/Insertion,14,1222,B,Heavy chain,N,X,,,,Severe,No,,2006,160,,0,2,1,Exon,Mid,1,2,f1ff07d1-4665-4240-be2e-f46d5dd15af3,6.2,Hispanic,Prophylaxis,68,0
c.3726_3728delins341,154158337_154158339,,Alu insert,Large structural change (>50 bp),Deletion/Insertion,14,1224,B,Heavy chain,N,X,,,,Severe,Not reported,,2001,121,,0,2,0,Exon,Mid,3,6,2196f242-f4f3-4ed2-aa67-2a80011fbf29,3,Black,Prophylaxis,8,0
c.3731A>G,154158334,p.(Lys1244Arg),Lys1225Arg,Missense,Substitution,14,1225,B,Heavy chain,N,,,,X,Not reported,Not reported,,2017,289,,0,,0,Exon,Mid,0,,0cf863f7-a08b-4c23-a6ad-19995e2502cf,19.8,Asian,On-Demand,99,1
c.3735_3744delinsATTTCTTTTTCTTT,154158321_154158330,p.(Asn1245Lysfs*9),Asn1226Lysfs*9,Frameshift,Deletion/Insertion,14,1226,B,Heavy chain,N,X,,,,Severe,No,,2009,195,,0,2,1,Exon,Mid,1,2,9625a393-40fb-483c-b48f-bcee14a30e20,3.4,Hispanic,Prophylaxis,45,0
c.3736delC,154158329,p.(Leu1246Phefs*4),Leu1227Phefs*4,Frameshift,Deletion,14,1227,B,Heavy chain,N,X,,,,Severe,No,,2005,154,,0,2,1,Exon,Mid,1,2,addb03fb-e3f7-43be-a03d-2efc80035051,5.1,Caucasian,Prophylaxis,50,0
c.3745_3748del,154158317_154158320,p.(Leu1249Alafs*6),Leu1230Alafs*6,Frameshift,Deletion,14,1230,B,Heavy chain,N,X,,,,Severe,Not reported,,2014,256,,0,2,1,Exon,Mid,1,2,02cfee61-844a-4574-8104-47abc2830a17,7.8,Caucasian,Prophylaxis,75,0
c.3756delG,154158309,p.(Arg1252Serfs*4),Arg1233Serfs*4,Frameshift,Deletion,14,1233,B,Heavy chain,N,X,,,,Severe,Yes,,2007,169,,1,2,1,Exon,Mid,1,2,94018b5c-1661-4d59-bee8-9156953c0ff9,2.8,Caucasian,Prophylaxis,6,0
c.3761dupA,154158304,p.(Asn1254Lysfs*7),Asn1235Lysfs*7,Frameshift,Duplication,14,1235,B,Heavy chain,Y,X,,,,Severe,No,,2012,225,,0,2,1,Exon,Mid,1,2,51620cbf-60d8-4367-a19d-f7c054b169c7,3.8,Black,Prophylaxis,54,0
c.3762delT,154158303,p.(Asn1254Lysfs*2),Asn1235Lysfs*2,Frameshift,Deletion,14,1235,B,Heavy chain,Y,X,,,,Severe,No,,2018,306,,0,2,1,Exon,Mid,1,2,8af08969-b0b5-448b-b32c-8785234441c3,2.4,Hispanic,Prophylaxis,11,1
c.3766_3767del,154158298_154158299,p.(Glu1256Argfs*4),Glu1237Argfs*4,Frameshift,Deletion,14,1237,B,Heavy chain,N,X,,,,Severe,Not reported,,2013,249,,0,2,1,Exon,Mid,1,2,ffa3a2f6-56be-48ec-8a0c-d99b283702ff,5.1,Caucasian,On-Demand,28,0
c.3766G>T,154158299,p.(Glu1256*),Glu1237*,Nonsense,Substitution,14,1237,B,Heavy chain,N,X,,,,Severe,Not reported,,2002,127,,0,2,1,Exon,Mid,4,8,21efbee9-191d-4bbb-a04a-074a8d54747c,4.8,Caucasian,Prophylaxis,47,0
c.3772delT,154158293,p.(Ser1258Hisfs*16),Ser1239Hisfs*16,Frameshift,Deletion,14,1239,B,Heavy chain,N,X,,,,Severe,Not reported,,2002,126,,0,2,1,Exon,Mid,1,2,42f835af-fe06-4951-b6e0-1037a40705d8,2.9,Caucasian,Prophylaxis,25,0
c.3791del,154158274,p.(Ala1264Valfs*10),Ala1245Valfs*10,Frameshift,Deletion,14,1245,B,Heavy chain,N,X,,,,Severe,Yes,,2020,319,X,1,2,1,Exon,Mid,1,2,27fc98fa-82e4-4979-8c9c-0cc92e726759,1.7,Caucasian,Prophylaxis,8,0
c.3798delA,154158267,p.(Leu1267Phefs*7),Leu1248Phefs*7,Frameshift,Deletion,14,1248,B,Heavy chain,N,X,,,,Severe,Not reported,,2010,213,,0,2,1,Exon,Mid,1,2,ba487731-47de-47a0-9f8f-f46e6c1b3d93,3.7,Caucasian,On-Demand,13,0
c.3802C>T,154158263,p.(Gln1268*),Gln1249*,Nonsense,Substitution,14,1249,B,Heavy chain,N,X,,,,Severe,No,,2012,231,,0,2,1,Exon,Mid,4,8,d9fa5fd2-abd1-4b6b-a29f-cf82d3fc6473,7.1,Black,On-Demand,44,0
c.3802dupC,154158263,p.(Gln1268Profs*4),Gln1249Profs*4,Frameshift,Duplication,14,1249,B,Heavy chain,N,X,,,,Severe,No,,2021,"333, 334",X,0,2,1,Exon,Mid,1,2,2b89ca3b-13e0-4790-b647-70b6c1697467,5.4,Caucasian,Prophylaxis,49,0
c.3804dupA,154158261,p.(Asp1269Argfs*3),Asp1250Argfs*3,Frameshift,Duplication,14,1250,B,Heavy chain,N,,,X,,Mild,No,,2014,260,,0,0,1,Exon,Mid,1,0,c98844c7-75bd-4a19-b280-99f9c56e95f4,23.5,Caucasian,On-Demand,126,0
c.3815C>A,154158250,p.(Ser1272*),Ser1253*,Nonsense,Substitution,14,1253,B,Heavy chain,N,X,,,,Severe,Yes,,2018,300,,1,2,1,Exon,Mid,4,8,7b944d8e-0650-4b6d-9a29-18b4d80fc41b,2.1,Caucasian,Prophylaxis,22,1
c.3815delC,154158250,p.(Ser1272Tyrfs*2),Ser1253Tyrfs*2,Frameshift,Deletion,14,1253,B,Heavy chain,N,X,,,,Severe,No,,2011,218,,0,2,1,Exon,Mid,1,2,7936ccc2-65c2-4bad-a953-677be0c5c72a,3.6,Caucasian,Prophylaxis,26,0
c.3827C>A,154158238,p.(Ser1276*),Ser1257*,Nonsense,Substitution,14,1257,B,Heavy chain,N,X,,,,Severe,Not reported,,2018,293,,0,2,1,Exon,Mid,4,8,017384d8-ba8a-46f9-83a7-c810a99c8c93,4,Hispanic,Prophylaxis,36,0
c.3827C>G,154158238,p.(Ser1276*),Ser1257*,Nonsense,Substitution,14,1257,B,Heavy chain,N,X,,,,Severe,Not reported,,1996,72,,0,2,1,Exon,Mid,4,8,950e403f-c2d7-48d9-b192-97da96659655,6.1,Asian,Prophylaxis,68,1
c.3830delC,154158235,p.(Thr1277Lysfs*31),Thr1258Lysfs*31,Frameshift,Deletion,14,1258,B,Heavy chain,N,X,,,,Severe,Not reported,,2002,126,,0,2,1,Exon,Mid,1,2,8f07c2ee-14a7-4cd8-9f05-f9e9076e072f,2.3,Other,On-Demand,15,0
c.3833delA,154158232,p.(Asn1278Ilefs*30),Asn1259Ilefs*30,Frameshift,Deletion,14,1259,B,Heavy chain,Y,X,,,,Severe,Not reported,,2002,126,,0,2,1,Exon,Mid,1,2,8c5ecb69-bdb5-408b-a5ec-e6adde027403,3.7,Caucasian,Prophylaxis,42,0
c.3835delA,154158230,p.(Arg1279Glufs*29),Arg1260Glufs*29,Frameshift,Deletion,14,1260,B,Heavy chain,N,X,,,,Severe,Not reported,,2008,"183, 186",,0,2,1,Exon,Mid,1,2,933d4649-d660-4be4-b096-57e1881fee5a,1.5,Hispanic,Prophylaxis,29,1
c.3836G>A,154158229,p.(Arg1279Lys),Arg1260Lys,Missense,Substitution,14,1260,B,Heavy chain,N,,,X,,Mild,No,,2010,201,,0,0,0,Exon,Mid,0,0,2618a971-2be0-4224-99ab-89e8994e2c79,2,Caucasian,On-Demand,1,0
c.3842_3844delinsGG,154158221_154158223,p.(Lys1281Argfs*27),Lys1262Argfs*27,Frameshift,Deletion/Insertion,14,1262,B,Heavy chain,N,X,,,,Severe,Not reported,,2013,249,,0,2,1,Exon,Mid,1,2,1a4a7941-572f-418d-9cae-662da8e80d03,12.7,Asian,Prophylaxis,137,0
c.3844A>T,154158221,p.(Lys1282*),Lys1263*,Nonsense,Substitution,14,1263,B,Heavy chain,N,X,,,,Severe,No,,2005,151,,0,2,1,Exon,Mid,4,8,35dacb83-4ffc-4b13-9b80-ca329f86772a,4.2,Caucasian,Prophylaxis,47,0
c.3846delA,154158219,p.(Lys1282Asnfs*26),Lys1263Asnfs*26,Frameshift,Deletion,14,1263,B,Heavy chain,N,X,,,,Severe,Not reported,,2017,283,,0,2,1,Exon,Mid,1,2,21da5b3f-1d62-4cba-9c66-d0186197633b,1.5,Other,Prophylaxis,12,0
c.3850delA,154158215,p.(Thr1284Glnfs*24),Thr1265Glnfs*24,Frameshift,Deletion,14,1265,B,Heavy chain,N,X,,,,Severe,Not reported,,2018,293,,0,2,1,Exon,Mid,1,2,6c42de15-ddb5-431e-8956-89c230e54f76,2.1,Black,Prophylaxis,32,0
c.3851_3852del,154158213_154158214,p.(Thr1284Serfs*35),Thr1265Serfs*35,Frameshift,Deletion,14,1265,B,Heavy chain,N,X,,,,Severe,No,,2006,"158, 160",,0,2,1,Exon,Mid,1,2,f24f48d5-ddb7-443c-bd08-e91cfccc6d24,1.4,Asian,Prophylaxis,3,1
c.3860delT,154158205,p.(Phe1287Serfs*21),Phe1268Serfs*21,Frameshift,Deletion,14,1268,B,Heavy chain,N,X,,,,Severe,No,,2006,160,,0,2,1,Exon,Mid,1,2,8e2cab2f-7534-46e8-a23a-2caef5df3333,3.4,Caucasian,Prophylaxis,39,0
c.3863dupC,154158202,p.(Gly1291Argfs*29),Gly1272Argfs*29,Frameshift,Duplication,14,1272,B,Heavy chain,N,X,,,,Severe,No,,2012,233,,0,2,1,Exon,Mid,1,2,ba44a2f1-c098-4cf1-9848-909eb720f8dd,4.4,Caucasian,On-Demand,17,0
c.3865A>T,154158200,p.(Lys1289*),Lys1270*,Nonsense,Substitution,14,1270,B,Heavy chain,N,X,,,,Severe,Not reported,,2008,"183, 186",,0,2,1,Exon,Mid,4,8,69338a21-4ced-4976-a895-f97c9328a628,7.1,Caucasian,Prophylaxis,68,0
c.3866_3870delinsAAAT,154158195_154158199,p.(Lys1290Asnfs*18),Lys1271Asnfs*18,Frameshift,Deletion/Insertion,14,1271,B,Heavy chain,Y,,X,,,Moderate/Severe,Not reported,,2007,172,X,0,,1,Exon,Mid,1,,d293de7e-eabe-4c82-bbec-e3066f9e33d6,33.5,Caucasian,Prophylaxis,346,0
c.3867_3870del,154158195_154158198,p.(Lys1290Glyfs*17),Lys1271Glyfs*17,Frameshift,Deletion,14,1271,B,Heavy chain,Y,X,,,,Severe,Not reported,,2016,280,,0,2,1,Exon,Mid,1,2,c8745b62-ff5e-43ab-9224-f2c94e92e6c5,6.6,Asian,Prophylaxis,51,0
c.3868A>T,154158197,p.(Lys1290*),Lys1271*,Nonsense,Substitution,14,1271,B,Heavy chain,N,,,,X,Not reported,Not reported,,0,0,,0,,1,Exon,Mid,4,,e3315f7f-7303-4cac-ab3d-8d80e4161342,9.4,Asian,On-Demand,43,0
c.3869_3870del,154158195_154158196,p.(Lys1290Argfs*29),Lys1271Argfs*29,Frameshift,Deletion,14,1271,B,Heavy chain,Y,X,,,,Severe,No,,2012,233,,0,2,1,Exon,Mid,1,2,d3ca55e1-53a5-4985-a87c-da6535b376c4,4.3,Caucasian,Prophylaxis,41,0
c.3870_3871del,154158194_154158195,p.(Glu1292Glyfs*27),Glu1273Gly*27,Frameshift,Deletion,14,1273,B,Heavy chain,N,X,,,,Severe,Not reported,,2016,280,,0,2,1,Exon,Mid,1,2,7e449327-f704-4b95-a5ad-a5366a2c0f53,6.4,Caucasian,Prophylaxis,59,0
c.3870delA,154158195,p.(Glu1292Argfs*16),Glu1273Argfs*16,Frameshift,Deletion,14,1273,B,Heavy chain,Y,X,,,,Severe,No,,2002,125,,0,2,1,Exon,Mid,1,2,12562e86-172c-4831-955e-e31084eb466e,4.8,Other,Prophylaxis,42,0
c.3870dupA,154158195,p.(Gly1291Argfs*29),Gly1272Argfs*29,Frameshift,Duplication,14,1272,B,Heavy chain,Y,,,X,,Mild,No,Poly A Duplication,2002,128,,0,0,1,Exon,Mid,1,0,ff8ab485-06d9-4c37-be1e-f601c347acd5,29.1,Black,On-Demand,144,0
c.3871_3874delinsAAAAGA,154158191_154158194,p.(Gly1291Lysfs*18),Gly1272Lysfs*18,Frameshift,Deletion/Insertion,14,1272,B,Heavy chain,N,,X,,,Moderate,Not reported,,2018,293,,0,1,1,Exon,Mid,1,1,70cd705c-7d62-424f-8c49-09b8890b3039,1.7,Asian,On-Demand,4,0
c.3874delG,154158191,p.(Glu1292Argfs*16),Glu1273Argfs*16,Frameshift,Deletion,14,1273,B,Heavy chain,N,X,,,,Severe,No,,2012,233,,0,2,1,Exon,Mid,1,2,5a8a488a-632d-43e6-b339-659dbbb73691,12.2,Black,Prophylaxis,118,0
c.3889_3890insT,154158175_154158176,p.(Glu1297Valfs*23),Glu1278Valfs*23,Frameshift,Insertion,14,1278,B,Heavy chain,N,,X,,,Moderate,No,,2012,232,,0,1,1,Exon,Mid,1,1,026bd5fc-c7a7-4441-8276-102d5f4abe1c,2.2,Asian,On-Demand,15,0
c.3902delA,154158163,p.(Asn1301Ilefs*7),Asn1282Ilefs*7,Frameshift,Deletion,14,1282,B,Heavy chain,Y,X,,,,Severe,No,,2007,168,,0,2,1,Exon,Mid,1,2,d2aa9931-7fb5-4822-92ad-d6b28e3c336c,4.1,Caucasian,Prophylaxis,37,0
c.3904_3908del,154158157_154158161,p.(Thr1303Alafs*15),Thr1284Alafs*15,Frameshift,Deletion,14,1284,B,Heavy chain,Y,X,,,,Severe,Not reported,,2008,"183, 186",,0,2,1,Exon,Mid,1,2,66edeed6-46e5-4198-9caf-3b8f7a2f1dd5,2.6,Caucasian,Prophylaxis,9,0
c.3904C>T,154158161,p.(Gln1302*),Gln1283*,Nonsense,Substitution,14,1283,B,Heavy chain,N,,,,,Severe,Yes,,2006,158,,1,2,1,Exon,Mid,4,8,f597a33d-52a2-4c92-9e1e-8b4fd5fbf2c9,6.2,Asian,Prophylaxis,76,0
c.3906_3912dup,154158153_154158159,p.(Gln1305Asnfs*17),Gln1286Asnfs*17,Frameshift,Duplication,14,1286,B,Heavy chain,Y,X,,,,Severe,No,,2012,232,,0,2,1,Exon,Mid,1,2,ae2d20ef-085a-40aa-b4e2-0247af7e916d,1.4,Asian,Prophylaxis,18,0
c.3907_3908del,154158157_154158158,p.(Thr1303Glnfs*16),Thr1284Glnfs*16,Frameshift,Deletion,14,1284,B,Heavy chain,Y,X,,,,Severe,No,,2011,218,,0,2,1,Exon,Mid,1,2,06408456-f937-416f-b3d9-497d2b8a0af8,5.6,Caucasian,On-Demand,40,0
c.3909delC,154158156,p.(Lys1304Serfs*4),Lys1285Serfs*4,Frameshift,Deletion,14,1285,B,Heavy chain,Y,X,,,,Severe,Not reported,,2016,280,,0,2,1,Exon,Mid,1,2,10545a9a-3e89-48a0-93e5-9487a5177959,7.7,Asian,Prophylaxis,82,0
c.3911dupA,154158154,p.(Gln1305Alafs*15),Gln1286Alafs*15,Frameshift,Duplication,14,1286,B,Heavy chain,Y,X,,,,Severe,Not reported,,2008,"183, 186",,0,2,1,Exon,Mid,1,2,7469a5a0-a1f9-481a-aa3d-6a3ff2510177,3.1,Asian,Prophylaxis,39,0
c.3913C>T,154158152,p.(Gln1305*),Gln1286*,Nonsense,Substitution,14,1286,B,Heavy chain,N,X,,,,Severe,No,,2008,175,,0,2,1,Exon,Mid,4,8,3dacd8dd-87b8-4493-b28d-ba318f8ae383,9.5,Caucasian,Prophylaxis,96,0
c.3922G>T,154158143,p.(Glu1308*),Glu1289*,Nonsense,Substitution,14,1289,B,Heavy chain,N,X,,,,Severe,No,,0,0,,0,2,1,Exon,Mid,4,8,1993d074-f916-4194-bfaf-29f9fca7358a,5.8,Caucasian,Prophylaxis,68,0
c.3930delT,154158135,p.(Tyr1310*),Tyr1291*,Frameshift,Deletion,14,1291,B,Heavy chain,N,,X,,,Moderate,Not reported,,2012,224,,0,1,1,Exon,Mid,1,1,22bfb490-e02e-4349-8fb3-486a3596305d,1.6,Caucasian,Prophylaxis,17,0
c.3930T>A,154158135,p.(Tyr1310*),Tyr1291*,Nonsense,Substitution,14,1291,B,Heavy chain,N,,,X,,Mild,No,,2014,255,,0,0,1,Exon,Mid,4,0,c480722a-3c30-4cd0-bccb-630b714f756d,23.9,Other,On-Demand,122,0
c.3931_3932delinsTTT,154158133_15418134,p.(Ala1311Phefs*9),Ala1292Phefs*9,Frameshift,Deletion/Insertion,14,1292,B,Heavy chain,N,X,,,,Severe,Not reported,,2021,333,X,0,2,1,Exon,Mid,1,2,59856bac-eb85-4198-9797-a9c2b9d0f9d6,3.8,Caucasian,Prophylaxis,31,0
c.3934_3937del,154158128_154158131,p.(Cys1312Profs*22),Cys1293Profs*22,Frameshift,Deletion,14,1293,B,Heavy chain,N,,X,,,Moderate,Not reported,,2018,293,,0,1,1,Exon,Mid,1,1,70f277ad-d008-4b71-bd2c-f53350d3ecf9,4.7,Caucasian,Prophylaxis,61,0
c.3943delA,154158122,p.(Arg1315Glyfs*20),Arg1296Glyfs*20,Frameshift,Deletion,14,1296,B,Heavy chain,Y,X,,,,Severe,No,,2012,233,,0,2,1,Exon,Mid,1,2,a89e6c2a-73c7-4c2c-ac4f-00dbe93ccff0,3.6,Other,Prophylaxis,43,0
c.3949_3950del,154158115_154158116,p.(Pro1318*),Pro1299*,Frameshift,Deletion,14,1299,B,Heavy chain,N,,,,X,Not reported,No,,2008,175,,0,,1,Exon,Mid,1,,2913bc34-08dd-4249-a53f-1ef9c9207c22,2,Black,On-Demand,15,0
c.3958dupA,154158107,p.(Thr1320Asnfs*11),Thr1301Asnfs*11,Frameshift,Duplication,14,1301,B,Heavy chain,N,X,,,,Severe,No,,2017,288,,0,2,1,Exon,Mid,1,2,7b8aaad9-d721-4190-bc8f-e94281424f6e,3.8,Black,On-Demand,30,0
c.3963_3964delinsTT,154158101_154158102,p.(Gln1322*),Gln1303*,Frameshift,Deletion/Insertion,14,1303,B,Heavy chain,N,X,,,,Severe,No,,2012,232,,0,2,1,Exon,Mid,1,2,c2c143db-9873-4239-840e-b3a352f71786,5.9,Asian,Prophylaxis,65,0
c.3963C>T,154158102,p.(=),0,Synonymous,Substitution,14,1303,B,Heavy chain,N,X,,,,Severe,No,,2018,300,,0,2,0,Exon,Mid,2,4,8b8a97fe-b3c6-4b9b-b0ac-8d0f0143fb5a,9.2,Caucasian,Prophylaxis,87,0
c.3964C>T,154158101,p.(Gln1322*),Gln1303*,Nonsense,Substitution,14,1303,B,Heavy chain,N,X,,,,Severe,No,,2009,198,,0,2,1,Exon,Mid,4,8,2348ea56-56ac-4509-8a55-f492f3c4d050,8.4,Caucasian,On-Demand,26,1
c.3964delC,154158101,p.(Gln1322Serfs*13),Gln1303Serfs*13,Frameshift,Deletion,14,1303,B,Heavy chain,N,,,,X,Not reported,No,,2018,300,,0,,1,Exon,Mid,1,,767967e9-7725-48f4-a2b3-1728cc8b962e,5,Black,On-Demand,37,0
c.3966delG,154158100,p.(Gln1322Hisfs*13),Gln1303Hisfs*13,Frameshift,Deletion,14,1303,B,Heavy chain,N,X,,,,Severe,Not reported,,2018,293,,0,2,1,Exon,Mid,1,2,addc62c3-2b89-4cd3-86dd-8d5e38fcb773,1.8,Caucasian,On-Demand,24,0
c.3967C>T,154158098,p.(Gln1323*),Gln1304*,Nonsense,Substitution,14,1304,B,Heavy chain,N,X,,,,Severe,No,,2005,151,,0,2,1,Exon,Mid,4,8,13040645-f44a-466a-91e6-ae995f996c1a,7.1,Caucasian,Prophylaxis,63,0
c.3975_3977delinsGG,154158088_154158090,p.(Phe1325Leufs*10),Phe1306Leufs*10,Frameshift,Deletion/Insertion,14,1306,B,Heavy chain,N,X,,,,Severe,No,,2012,232,,0,2,1,Exon,Mid,1,2,37953a46-7ad0-4684-a3d0-3ba1c191a511,1.2,Asian,Prophylaxis,11,0
c.3975delT,154158090,p.(Phe1325Leufs*10),Phe1306Leufs*10,Frameshift,Deletion,14,1306,B,Heavy chain,N,,X,,,Moderate,No,,2010,203,,0,1,1,Exon,Mid,1,1,02c1c0b5-0761-4c63-a523-9008c1d851eb,7.1,Asian,On-Demand,17,1
c.3979dupA,154158086,p.(Thr1327Asnfs*4),Thr1308Asnfs*4,Frameshift,Duplication,14,1308,B,Heavy chain,N,X,,,,Severe,Not reported,,2014,256,,0,2,1,Exon,Mid,1,2,2ca117e1-47c9-4044-b7fb-38a90d719b50,7.2,Asian,Prophylaxis,79,0
c.3982C>T,154158083,p.(Gln1328*),Gln1309*,Nonsense,Substitution,14,1309,B,Heavy chain,N,X,,,,Severe,No,,2008,180,,0,2,1,Exon,Mid,4,8,4f92252a-4743-4d16-a903-758aa487d55e,9.3,Caucasian,Prophylaxis,89,0
c.3984dupA,154158081,p.(Arg1329Thrfs*2),Arg1310Thrfs*2,Frameshift,Duplication,14,1310,B,Heavy chain,Y,X,,,,Severe,Not reported,,2008,"183, 186",,0,2,1,Exon,Mid,1,2,80777afa-a683-4cf2-bc01-25a64f0b00ef,1.4,Black,Prophylaxis,1,0
c.3985C>T,154158080,p.(Arg1329Cys),Arg1310Cys,Missense,Substitution,14,1310,B,Heavy chain,,,X,,,Moderate,No,,2022,342,X,0,1,0,Exon,Mid,0,0,70f3e64e-c420-4087-b214-eac0305596a5,4.9,Other,On-Demand,29,0
c.3986G>A,154158079,p.(Arg1329His),Arg1310His,Missense,Substitution,14,1310,B,Heavy chain,N,,,X,,Mild,No,,2006,158,,0,0,0,Exon,Mid,0,0,d16fbb0c-f543-4bb9-af0c-84c330f0f0b8,2.7,Caucasian,On-Demand,5,0
c.3991_3992del,154158073_154158074,p.(Lys1331Glufs*16),Lys1312Glufs*16,Frameshift,Deletion,14,1312,B,Heavy chain,Y,,,,X,Not reported,Not reported,,2005,145,,0,,1,Exon,Mid,1,,4d51255e-dab8-4481-b695-2a661021e9b4,12,Caucasian,On-Demand,64,0
c.3992delA,154158073,p.(Lys1331Argfs*4),Lys1312Argfs*4,Frameshift,Deletion,14,1312,B,Heavy chain,N,X,,,,Severe,No,,2017,288,,0,2,1,Exon,Mid,1,2,9189477f-249f-4030-ae6a-426318e88e5c,2,Black,Prophylaxis,15,0
c.3994_3997del,154158068_154158071,p.(Arg1332Leufs*2),Arg1313Leufs*2,Frameshift,Deletion,14,1313,B,Heavy chain,N,X,,,,Severe,Yes,,2001,124,,1,2,1,Exon,Mid,1,2,bbd1f246-2725-425b-b6e9-63e38137e72e,4.9,Caucasian,Prophylaxis,44,0
c.4000_4001dup,154158064_154158065,p.(Leu1334Phefs*2),Leu1315Phefs*2,Frameshift,Duplication,14,1315,B,Heavy chain,N,,X,,,Moderate,No,,2012,233,,0,1,1,Exon,Mid,1,1,dd1bcfce-49f3-49e8-956a-9810a4094f45,5.7,Caucasian,Prophylaxis,51,0
c.4006C>T,154158059,p.(Gln1336*),Gln1317*,Nonsense,Substitution,14,1317,B,Heavy chain,N,X,,,,Severe,No,,2005,151,,0,2,1,Exon,Mid,4,8,67b5ef6c-0ae8-4ba0-8d14-ff38b5327703,5,Caucasian,Prophylaxis,51,0
c.4011insA,154158054,p.(Arg1338Lysfs*10),Arg1319Lysfs*10,Frameshift,Insertion,14,1319,B,Heavy chain,N,X,,,,Severe,Yes,,2021,337,X,1,2,1,Exon,Mid,1,2,9e0c412f-962b-416c-b086-72f81491bc61,2.6,Caucasian,Prophylaxis,9,1
c.4027G>T,154158038,p.(Glu1343*),Glu1324*,Nonsense,Substitution,14,1324,B,Heavy chain,N,X,,,,Severe,Not reported,,2016,280,,0,2,1,Exon,Mid,4,8,07c4af0d-d4ce-414b-8602-860a7febc3f9,1.5,Hispanic,Prophylaxis,17,0
c.4029_4030dup,154158035_154158036,p.(Thr1344Lysfs*8),Thr1325Lysfs*8,Frameshift,Duplication,14,1325,B,Heavy chain,Y,X,,,,Severe,No,,1993,56,,0,2,1,Exon,Mid,1,2,094d15fb-836f-42b3-a6b8-d407461ae0e2,11.1,Caucasian,Prophylaxis,80,0
c.4033G>T,154158032,p.(Glu1345*),Glu1326*,Nonsense,Substitution,14,1326,B,Heavy chain,Y,X,,,,Severe,Not reported,,2018,293,,0,2,1,Exon,Mid,4,8,540d6aa0-61da-4f3a-953b-cbc7cb3cf1e2,2.3,Hispanic,On-Demand,20,0
c.4035delA,154158030,p.(Glu1345Aspfs*6),Glu1326Aspfs*6,Frameshift,Deletion,14,1326,B,Heavy chain,Y,X,,,,Severe,No,,2006,160,,0,2,1,Exon,Mid,1,2,896aed5b-cc77-4a07-b774-1d25cb6fb7bc,1.7,Caucasian,Prophylaxis,29,0
c.4039G>T,154158026,p.(Glu1347*),Glu1328*,Nonsense,Substitution,14,1328,B,Heavy chain,N,X,,,,Severe,No,,2010,213,,0,2,1,Exon,Mid,4,8,68a2c613-3d2b-4fcc-9f3d-55a0102e217a,1.1,Caucasian,Prophylaxis,1,1
c.4042A>T,154158023,p.(Lys1348*),Lys1329*,Nonsense,Substitution,14,1329,B,Heavy chain,N,X,,,,Severe,Not reported,,2014,256,,0,2,1,Exon,Mid,4,8,5d68d7e2-592f-4f6c-8638-c27f8ea4ff5d,6.3,Other,Prophylaxis,60,0
c.4044_4045dup,154158020_154158021,p.(Arg1349Lysfs*3),Arg1330Lysfs*3,Frameshift,Duplication,14,1330,B,Heavy chain,Y,,X,,,Moderate,No,,2012,233,,0,1,1,Exon,Mid,1,1,672a5c0c-4c9b-45c3-9843-86ed72df6656,4.8,Caucasian,Prophylaxis,62,1
c.4045_4046del,154158019_154158020,p.(Arg1349Aspfs*5),Arg1330Aspfs*5,Frameshift,Deletion,14,1330,B,Heavy chain,Y,,X,,,Moderate,Not reported,,2012,224,,0,1,1,Exon,Mid,1,1,d241b0a6-90d9-466e-babd-83aa1de62291,4.9,Black,Prophylaxis,68,0
c.4045delA,154158020,p.(Arg1349Glyfs*2),Arg1330Glyfs*2,Frameshift,Deletion,14,1330,B,Heavy chain,Y,X,,,,Severe,No,,2012,233,,0,2,1,Exon,Mid,1,2,80bd6731-388f-41e8-87be-fdd2a188a3b7,3,Other,Prophylaxis,14,0
c.4045dupA,154158020,p.(Arg1349Lysfs*6),Arg1330Lysfs*6,Frameshift,Duplication,14,1330,B,Heavy chain,Y,X,,,,Severe,Yes,,2012,233,,1,2,1,Exon,Mid,1,2,fdba361f-1e17-4725-8234-b34e33efbb06,5,Asian,Prophylaxis,56,1
c.4047delG,154158018,p.(Ile1350*),Ile1331*,Frameshift,Deletion,14,1330,B,Heavy chain,N,,,,X,Not reported,Not reported,,2015,268,,0,,1,Exon,Mid,1,,a89f4bbc-5f4b-40f3-a521-3da46de7bc12,9.9,Asian,On-Demand,50,0
c.4067C>A,154157998,p.(Ser1356*),Ser1337*,Nonsense,Substitution,14,1337,B,Heavy chain,N,X,,,,Severe,Not reported,,2008,"183, 186",,0,2,1,Exon,Mid,4,8,fbfc6e5f-8c8d-4062-bc9e-9b2b83ec59e2,3.8,Caucasian,Prophylaxis,29,0
c.4072C>T,154157993,p.(Gln1358*),Gln1339*,Nonsense,Substitution,14,1339,B,Heavy chain,N,X,,,,Severe,No,,2001,122,,0,2,1,Exon,Mid,4,8,75d6a343-f8d3-4b76-a895-16463f470ebf,2.8,Other,Prophylaxis,33,0
c.4076G>A,154157989,p.(Trp1359*),Trp1340*,Nonsense,Substitution,14,1340,B,Heavy chain,N,X,,,,Severe,Not reported,,2008,181,,0,2,1,Exon,Mid,4,8,d221a8f0-37bd-452b-b089-cc8d39d1ba4a,2.4,Asian,Prophylaxis,19,0
c.4077G>A,154157988,p.(Trp1359*),Trp1340*,Nonsense,Substitution,14,1340,B,Heavy chain,N,X,,,,Severe,Not reported,,2008,"183, 186",,0,2,1,Exon,Mid,4,8,db000899-8a75-4dfb-9423-875cbdc81699,3,Asian,Prophylaxis,20,0
c.4080delC,154157985,p.(Asn1362Thrfs*2),Asn1343Thrfs*2,Frameshift,Deletion,14,1343,B,Heavy chain,N,X,,,,Severe,Not reported,,2018,293,,0,2,1,Exon,Mid,1,2,db9ee2e3-69a1-48ac-a164-414aaceaf3aa,1.6,Black,Prophylaxis,11,0
c.4092dupA,154157973,p.(His1365Thrsfs*14),His1346Thrfs*14,Frameshift,Duplication,14,1346,B,Heavy chain,N,X,,,,Severe,No,,2017,288,,0,2,1,Exon,Mid,1,2,38ce714f-30ac-4b65-87db-dbb139ecd8d9,3.3,Caucasian,Prophylaxis,24,0
c.4094_4100del,154157965_154157971,p.(His1365Profs*8),His1346Profs*8,Frameshift,Deletion,14,1346,B,Heavy chain,N,X,,,,Severe,No,,0,0,,0,2,1,Exon,Mid,1,2,bd8bc38d-5168-4cac-8597-b8479ff6a0a2,5.9,Caucasian,Prophylaxis,53,0
c.4097delT,154157968,p.(Leu1366*),Leu1347*,Frameshift,Deletion,14,1347,B,Heavy chain,N,X,,,,Severe,Not reported,,2008,"183, 186",,0,2,1,Exon,Mid,1,2,71259b5f-6002-46cb-8eb8-2c7f630dec90,5.6,Black,On-Demand,33,0
c.4099A>T,154157966,p.(Thr1367Ser),Thr1348Ser,Missense,Substitution,14,1348,B,Heavy chain,N,,X,,,Moderate,No,,2014,255,,0,1,0,Exon,Mid,0,0,04dd451f-684f-43b1-904b-cd07daad04c7,12.4,Caucasian,Prophylaxis,129,1
c.4103delC,154157962,p.(Pro1368Argfs*7),Pro1349Argfs*7,Frameshift,Deletion,14,1456,B,Heavy chain,N,,,,,Severe,No,,2003,136,,0,2,1,Exon,Mid,1,2,51a7a0f7-99a9-4360-ad1e-777a7a21bea7,1.8,Caucasian,On-Demand,12,1
c.4104delG,154157961,p.(Ser1369Alafs*6),Ser1350Alafs*6,Frameshift,Deletion,14,1350,B,Heavy chain,N,X,,,,Severe,Not reported,,2018,"293, 300",,0,2,1,Exon,Mid,1,2,7a0472ae-9521-49f2-b481-3d1d2315003d,3.1,Caucasian,Prophylaxis,27,1
c.4113_4153dup,154157912_154157952,p.(Gln1386Asnfs*52),Gln1367Asn*52,Frameshift,Duplication,14,1367,B,Heavy chain,N,,,,,Severe,Not reported,,2022,349,X,0,2,1,Exon,Mid,1,2,3310cecd-c5da-4858-9262-7536833c5130,8.9,Caucasian,Prophylaxis,77,0
c.4114_4154dup,154157911_154157951,p.(Gln1386Hisfs*3),Gln1367Hisfs*3,Frameshift,Duplication,14,1367,B,Heavy chain,N,X,,,,Severe,Not reported,,2010,211,,0,2,1,Exon,Mid,1,2,fbafd116-0495-4a0a-8816-94c8ab23d412,10.5,Caucasian,Prophylaxis,93,0
c.4114A>G,154157951,p.(Thr1372Ala),Thr1353Ala,Missense,Substitution,14,1353,B,Heavy chain,N,X,,,,Severe,Not reported,,2008,"183, 186",,0,2,0,Exon,Mid,0,0,4989198f-057b-46bb-a0d7-37f7c928c622,5.1,Asian,Prophylaxis,53,0
c.4117_4118del,154157947_154157948,p.(Gln1373Aspfs*5),Gln1354Aspfs*5,Frameshift,Deletion,14,1354,B,Heavy chain,N,X,,,,Severe,No,,2012,233,,0,2,1,Exon,Mid,1,2,0dacbe55-6525-4c52-8352-113fade08221,1.7,Hispanic,Prophylaxis,15,0
c.4121_4124del,154157941_154157944,p.(Ile1374Thrfs*49),Ile1355Thrfs*49,Frameshift,Deletion,14,1355,B,Heavy chain,N,X,,,,Severe,No,,1993,56,,0,2,1,Exon,Mid,1,2,f51e41d6-529a-4779-b662-5039505a7e88,2.2,Asian,Prophylaxis,38,0
c.4122dupA,154157943,p.(Asp1375Argfs*4),Asp1356Argfs*4,Frameshift,Duplication,14,1356,B,Heavy chain,N,X,,,,Severe,Not reported,,2018,293,,0,2,1,Exon,Mid,1,2,2a481b41-cd91-469b-82cf-1793dbbaac53,6.9,Asian,Prophylaxis,78,0
c.4123delG,154157942,p.(Asp1375Thrfs*49),Asp1356Thrfs*49,Frameshift,Deletion,14,1356,B,Heavy chain,N,X,,,,Severe,No,,2012,233,,0,2,1,Exon,Mid,1,2,620b5702-fa43-4eb6-b4b3-1518a86a35bc,1.5,Black,Prophylaxis,17,0
c.4128C>A,154157937,p.(Tyr1376*),Tyr1357*,Nonsense,Substitution,14,1357,B,Heavy chain,N,X,,,,Severe,Not reported,,2016,280,,0,2,1,Exon,Mid,4,8,a3e4e664-1aec-4c64-bb6b-700f9648436c,7,Black,On-Demand,48,0
c.4128C>G,154157937,p.(Tyr1376*),Tyr1357*,Nonsense,Substitution,14,1357,B,Heavy chain,N,X,,,,Severe,Not reported,,2015,275,,0,2,1,Exon,Mid,4,8,c94b0dbc-8207-493c-b019-1cfa253f5d88,2.6,Caucasian,Prophylaxis,8,0
c.4128delC,154157937,p.(Tyr1376*),Tyr1357*,Frameshift,Deletion,14,1357,B,Heavy chain,N,X,,,,Severe,Yes,,2018,300,,1,2,1,Exon,Mid,1,2,597176a0-856a-4cce-ad9c-f89ad688018c,7.3,Caucasian,Prophylaxis,79,0
c.4142_4148del,154157917_154157923,p.(Lys1381Thrfs*41),Lys1362Thrfs*41,Frameshift,Deletion,14,1362,B,Heavy chain,Y,X,,,,Severe,No,,2012,227,,0,2,1,Exon,Mid,1,2,84b3d7ea-4220-4fbe-8e86-604ef9c8a692,5.5,Hispanic,Prophylaxis,55,0
c.4143delA,154157922,p.(Ala1383Profs*41),Ala1362Profs*41,Frameshift,Deletion,14,1362,B,Heavy chain,Y,,,,X,Not reported,Yes,,2014,258,,1,,1,Exon,Mid,1,,07aec8fa-41e8-4e6b-966b-87a920d3d86f,16.2,Caucasian,On-Demand,73,0
c.4156C>T,154157909,p.(Gln1386*),Gln1367*,Nonsense,Substitution,14,1367,B,Heavy chain,N,X,,,,Severe,Not reported,,2008,"183, 186",,0,2,1,Exon,Mid,4,8,e65ac1c8-2be2-4294-a581-8049ada49db7,3.5,Caucasian,Prophylaxis,17,0
c.4157_4197dup,154157868_154157908,p.(Pro1400Serfs*38),Pro1381Serfs*38,Frameshift,Duplication,14,1381,B,Heavy chain,N,X,,,,Severe,Yes,,2008,188,,1,2,1,Exon,Mid,1,2,32a0f274-2143-460b-a5eb-d3e014a88b48,5.1,Hispanic,Prophylaxis,72,1
c.4169C>G,154157896,p.(Ser1390*),Ser1371*,Nonsense,Substitution,14,1371,B,Heavy chain,N,X,,,,Severe,Not reported,,2018,293,,0,2,1,Exon,Mid,4,8,a7db9e41-42e1-4173-908d-b53177d5b6e1,1.8,Asian,Prophylaxis,22,0
c.4181delC,154157884,p.(Thr1394Argfs*30),Thr1375Argfs*30,Frameshift,Deletion,14,1375,B,Heavy chain,N,,,,X,Not reported,Not reported,,2022,345,X,0,,1,Exon,Mid,1,,d63f409c-c93c-4ef7-be30-4c4a2ebda87d,12.5,Black,On-Demand,66,0
c.4199delC,154157866,p.(Pro1400Leufs*24),Pro1381Leufs*24,Frameshift,Deletion,14,1381,B,Heavy chain,N,,X,,,Moderate,Not reported,,2008,181,,0,1,1,Exon,Mid,1,1,3b2d2ac6-560c-4ff4-9859-3f5ddcf17099,1.8,Caucasian,Prophylaxis,7,1
c.4201C>T,154157864,p.(Gln1401*),Gln1382*,Nonsense,Substitution,14,1382,B,Heavy chain,N,X,,,,Severe,No,,2006,160,,0,2,1,Exon,Mid,4,8,032fbd1c-5445-4797-ad27-e32a0f3dbc0a,2.2,Caucasian,Prophylaxis,17,0
c.4209T>A,154157856,p.(Asn1403Lys),Asn1384Lys,Missense,Substitution,14,1384,B,Heavy chain,N,,,,X,Not reported,Not reported,,2021,332,X,0,,0,Exon,Mid,0,,4e5e5980-94c6-401e-b794-a0c386c1280c,14.9,Black,On-Demand,81,0
c.4210A>T,154157855,p.(Arg1404*),Arg1385*,Nonsense,Substitution,14,1385,B,Heavy chain,N,X,,,,Severe,Not reported,,2016,280,,0,2,1,Exon,Mid,4,8,4d08c321-18d3-45e6-b033-7279d36942ad,2,Other,Prophylaxis,31,0
c.4227delT,154157838,p.(Ile1409Metfs*15),Ile1390Metfs*15,Frameshift,Deletion,14,1390,B,Heavy chain,N,X,,,,Severe,No,,2011,218,,0,2,1,Exon,Mid,1,2,f5560476-3790-410f-8259-e54b52ac582c,6.2,Hispanic,Prophylaxis,68,0
c.4231_4311del,154157754_154157834,p.(Lys1411_Ala1437del),Lys1392_Ala1418del,"Small structural change (in-frame, <50 bp)",Deletion,14,1392,B,Heavy chain,N,X,,,,Severe,No,,2005,154,,0,2,0,Exon,Mid,5,10,1f2670c1-a7ae-4831-b2d3-b46852272b3e,1.9,Caucasian,Prophylaxis,1,0
c.4232delA,154157833,p.(Lys1411Argfs*13),Lys1392Argfs*13,Frameshift,Deletion,14,1392,B,Heavy chain,Y,X,,,,Severe,No,,2011,218,,0,2,1,Exon,Mid,1,2,8f560d97-18ed-47db-96d3-c6daa8cc69ed,2.9,Asian,Prophylaxis,22,0
c.4238C>G,154157827,p.(Ser1413*),Ser1394*,Nonsense,Substitution,14,1394,B,Heavy chain,N,X,,,,Severe,Not reported,,2017,283,,0,2,1,Exon,Mid,4,8,db2cae50-440f-428e-ab21-f6315277cfc9,6.5,Black,Prophylaxis,75,0
c.4241C>A,154157824,p.(Ser1414*),Ser1395*,Nonsense,Substitution,14,1395,B,Heavy chain,N,X,,,,Severe,No,,0,0,,0,2,1,Exon,Mid,4,8,6f3e54bd-2f3c-473f-a392-fa4fbde48285,2.8,Caucasian,Prophylaxis,29,0
c.4241delC,154157824,p.(Ser1414Tyrfs*10),Ser1395Tyrfs*10,Frameshift,Deletion,14,1395,B,Heavy chain,N,X,,,,Severe,No,,2017,288,,0,2,1,Exon,Mid,1,2,3c24f94a-1a6b-440b-a312-edcc19dd24d7,2.1,Caucasian,Prophylaxis,28,0
c.4242dupA,154157823,p.(Phe1415Ilefs*5),Phe1396Ilefs*5,Frameshift,Duplication,14,1396,B,Heavy chain,N,,,,X,Severe,Not reported,,1991,36,,0,2,1,Exon,Mid,1,2,019900db-f2d2-46bd-bc17-b5b2e591a74c,6.5,Hispanic,Prophylaxis,66,0
c.4247delC,154157818,p.(Pro1416Hisfs*8),Pro1397Hisfs*8,Frameshift,Deletion,14,1397,B,Heavy chain,N,X,,,,Severe,Not reported,,2021,330,X,0,2,1,Exon,Mid,1,2,42c39b8b-048a-4f0d-8ee7-7012e3031df9,1.3,Black,Prophylaxis,31,0
c.4252A>G,154157813,p.(Ile1418Val),Ile1398Val,Missense,Substitution,14,1398,B,Heavy chain,N,,,,X,Not reported,Not reported,,2021,332,X,0,,0,Exon,Mid,0,,99eb35f6-74c7-4843-a9cc-f4b064668cbc,2,Caucasian,On-Demand,17,0
c.4265_4266del,154157799_154157800,p.(Tyr1422Serfs*19),Tyr1403Serfs*19,Frameshift,Deletion,14,1403,B,Heavy chain,N,,,,X,Severe,Not reported,,2001,118,,0,2,1,Exon,Mid,1,2,cf6ed03a-6456-44af-a4da-caad16a4ba30,9.3,Black,Prophylaxis,75,0
c.4272delC,154157793,p.(Arg1425Glyfs*40),Arg1406Glyfs*40,Frameshift,Deletion,14,1406,B,Heavy chain,N,X,,,,Severe,No,,2001,124,,0,2,1,Exon,Mid,1,2,e00ac56a-7607-42a4-89d7-ad72f737518d,3.6,Caucasian,On-Demand,23,0
c.4279delC,154157786,p.(Leu1427Tyrfs*38),Leu1408Tyrfs*38,Frameshift,Deletion,14,1408,B,Heavy chain,N,X,,,,Severe,Not reported,,2018,293,,0,2,1,Exon,Mid,1,2,b81c215e-871a-44f0-b0a7-806397c46431,2.6,Caucasian,Prophylaxis,32,0
c.4280_4290del,154157775_154157785,p.(Leu1427Glnfs*11),Leu1408Glnfs*11,Frameshift,Deletion,14,1408,B,Heavy chain,N,,X,,,Moderate,No,,2010,210,,0,1,1,Exon,Mid,1,1,2d0177f3-7cfb-4328-93a5-cd9d10748c46,12,Asian,Prophylaxis,117,0
c.4280delT,154157785,p.(Leu1427Hisfs*38),Leu1408Hisfs*38,Frameshift,Deletion,14,1408,B,Heavy chain,N,X,,,,Severe,No,,1995,70,,0,2,1,Exon,Mid,1,2,69dbb4a1-ffb4-496f-bdee-1566ed414638,4.2,Black,On-Demand,25,0
c.4285C>T,154157780,p.(Gln1429*),Gln1410*,Nonsense,Substitution,14,1410,B,Heavy chain,N,X,,,,Severe,No ,,2020,327,X,,2,1,Exon,Mid,4,8,9bcf5467-93bd-40e2-a875-014801c6c34d,4.4,Asian,Prophylaxis,37,0
c.4288‐4292del,154157773_154157777,p.(Asp1430Leufs*10),Asp1411Leufs*10,Frameshift,Deletion,14,1411,B,Heavy chain,,X,,,,Severe,Not reported,,2019,316,X,0,2,1,Exon,Mid,1,2,944a955c-0f23-4c16-91e7-152467ce4a33,1.7,Hispanic,Prophylaxis,21,0
c.4293_4297del,154157768_154157772,p.(His1434Serfs*6),His1415Serfs*6,Frameshift,Deletion,14,1415,B,Heavy chain,N,X,,,,Severe,No,,2006,157,,0,2,1,Exon,Mid,1,2,2b7ea064-f374-49a0-b94c-414e15172616,1.3,Hispanic,Prophylaxis,1,0
c.4296_4300del,154157765_154157769,p.(His1434Serfs*6),His1415Serfs*6,Frameshift,Deletion,14,1415,B,Heavy chain,N,X,,,,Severe,Yes,,0,0,,1,2,1,Exon,Mid,1,2,4717b352-1b4d-433c-9b6b-36bc3d955f51,3.7,Caucasian,Prophylaxis,32,0
c.4313dupC,154157752,p.(Ser1439Ilefs*3),Ser1420Ilefs*3,Frameshift,Duplication,14,1420,B,Heavy chain,N,,,,X,Not reported,Not reported,,2019,312,,0,,1,Exon,Mid,1,,0ebfc4fb-3ed0-4523-9917-c50f3821f656,3.8,Black,On-Demand,20,0
c.4318delT,154157747,p.(Tyr1440Ilefs*25),Tyr1421Ilefs*25,Frameshift,Deletion,14,1421,B,Heavy chain,N,,X,,,Severe,No,,2001,122,,0,2,1,Exon,Mid,1,2,5b23ba10-6b0c-4ddc-8193-457cb8880daf,2.8,Asian,Prophylaxis,19,0
c.4320_4325del,154157740_154157745,p.(Tyr1440*),Tyr1421*,Nonsense,Deletion,14,1421,B,Heavy chain,Y,,X,,,Moderate,No,,2021,334,X,0,1,1,Exon,Mid,4,4,1114135c-cc1d-4faa-9103-b385494edc60,2.8,Hispanic,Prophylaxis,49,0
c.4328_4331del,154157734_154157737,p.(Lys1443Ilefs*21),Lys1424Ilefs*21,Frameshift,Deletion,14,1424,B,Heavy chain,Y,X,,,,Severe,No,,1999,101,,0,2,1,Exon,Mid,1,2,24d1e517-03f5-4b19-88fd-663707fe2c46,6.2,Caucasian,Prophylaxis,50,0
c.4329dupA,154157736,p.(Asp1444Argfs*18),Asp1425Argfs*18,Frameshift,Duplication,14,1425,B,Heavy chain,Y,X,,,,Severe,No,,2010,"0, 210",,0,2,1,Exon,Mid,1,2,2d74a8fb-41fd-4131-b600-dfe299000259,5,Caucasian,Prophylaxis,50,0
c.4333delT,154157732,p.(Ser1445Leufs*20),Ser1426Leufs*20,Frameshift,Deletion,14,1426,B,Heavy chain,N,X,,,,Severe,Not reported,,2021,330,X,0,2,1,Exon,Mid,1,2,77ac13c0-a395-4630-a385-951137ac7e43,4,Black,Prophylaxis,42,0
c.4333dupT,154157732,p.(Ser1445Phefs*17),Ser1426Phefs*17,Frameshift,Duplication,14,1426,B,Heavy chain,N,,X,,,Moderate,Not reported,,2012,224,,0,1,1,Exon,Mid,1,1,5828d931-18bb-4228-872e-212451053ea9,0.8,Black,Prophylaxis,1,1
c.4333T>C,154157732,p.(Ser1445Pro),Ser1426Pro,Missense,Substitution,14,1426,B,Heavy chain,N,X,X,,,Moderate/Severe,No,,2009,199,,0,,0,Exon,Mid,0,,366ae7aa-43e9-4d59-a6e7-012301ec8083,20.6,Caucasian,On-Demand,101,0
c.4339delG,154157726,p.(Val1447Serfs*18),Val1428Serfs*18,Frameshift,Deletion,14,1428,B,Heavy chain,N,X,,,,Severe,No,,2006,160,,0,2,1,Exon,Mid,1,2,2a4b5c50-4a1c-484d-af2e-21f28d08bf47,10.8,Caucasian,Prophylaxis,88,0
c.4339dupG,154157726,p.(Val1447Glyfs*15),Val1428Glyfs*15,Frameshift,Duplication,14,1428,B,Heavy chain,N,X,,,,Severe,No,Poly G Duplication,2001,124,,0,2,1,Exon,Mid,1,2,b4137bf8-8199-41ac-aeb3-3e1181c09347,2.6,Asian,Prophylaxis,32,0
c.4342C>T,154157723,p.(Gln1448*),Gln1429*,Nonsense,Substitution,14,1429,B,Heavy chain,N,,X,,,Moderate,Not reported,,2012,224,,0,1,1,Exon,Mid,4,4,a4a5c3fa-4f6e-44ce-9532-b6ce922670de,1.1,Caucasian,Prophylaxis,18,0
c.4345G>T,154157720,p.(Glu1449*),Glu1430*,Nonsense,Substitution,14,1430,B,Heavy chain,N,X,,,,Severe,No,,2009,198,,0,2,1,Exon,Mid,4,8,d747c60b-2e6e-4399-b7fc-f1e79a066752,3.6,Asian,Prophylaxis,41,0
c.4346_4352del,154157713_154157719,p.(Glu1449Valfs*14),Glu1430Valfs*14,Frameshift,Deletion,14,1430,B,Heavy chain,Y,,X,,,Moderate,No,,2012,233,,0,1,1,Exon,Mid,1,1,1ed60081-f29f-461e-ab1b-0212658736d8,5.8,Caucasian,Prophylaxis,59,0
c.4349delG,154157716,p.(Ser1450Thrfs*15),Ser1431Thrfs*15,Frameshift,Deletion,14,1431,B,Heavy chain,N,,,X,,Mild,Not reported,,2017,283,,0,0,1,Exon,Mid,1,0,bb4ce21f-738d-4eb0-9687-3d2abf51c5f7,12,Caucasian,On-Demand,51,0
c.4361T>A,154157704,p.(Leu1454*),Leu1435*,Nonsense,Substitution,14,1435,B,Heavy chain,N,X,,,,Severe,No,,2012,231,,0,2,1,Exon,Mid,4,8,592b6f4e-8cbe-4654-9994-940586dbae4e,7.2,Caucasian,Prophylaxis,59,0
c.4363C>T,154157702,p.(Gln1455*),Gln1436*,Nonsense,Substitution,14,1436,B,Heavy chain,N,X,,,,Severe,Yes,,2007,169,,1,2,1,Exon,Mid,4,8,4dc10e93-09f8-4913-b764-24cec8d630c9,4.5,Caucasian,Prophylaxis,56,0
c.4367G>A,154157698,p.(Gly1456Glu),Gly1437Glu,Missense,Substitution,14,1437,B,Heavy chain,N,,X,,,Moderate,Not reported,,2021,333,X,0,1,0,Exon,Mid,0,0,cdb75fa2-e6df-46b4-b5c4-7d37c817ef28,3.9,Hispanic,Prophylaxis,30,0
c.4373A>G,154157692,p.(Lys1458Arg),Lys1439Arg,Missense,Substitution,14,1439,B,Heavy chain,Y,,,,X,Not reported,Not reported,,2021,332,X,0,,0,Exon,Mid,0,,7886f1da-785a-426b-9bb7-c438527cbf4b,4,Asian,On-Demand,13,0
c.4377_4378delinsT,154157687_154157688,p.(Lys1459Asnfs*6),Lys1440Asnfs*6,Frameshift,Deletion/Insertion,14,1440,B,Heavy chain,Y,X,,,,Severe,Not reported,,2021,333,X,0,2,1,Exon,Mid,1,2,9ec70530-d397-49d4-a8a8-4e75635d1499,2.4,Caucasian,Prophylaxis,12,0
c.4379delA,154157686,p.(Asn1460Ilefs*5),Asn1441Ilefs*5,Frameshift,Deletion,14,1441,B,Heavy chain,Y,X,,,,Severe,No,,1991,"41, 58",,0,2,1,Exon,Mid,1,2,6f703e25-7b38-4814-8062-1141b7c5d013,2.4,Asian,Prophylaxis,35,0
c.4379dupA,154157686,p.(Asn1460Lysfs*2),Asn1441Lysfs*2,Frameshift,Duplication,14,1441,B,Heavy chain,Y,,,,X,Severe,Not reported,,1991,36,,0,2,1,Exon,Mid,1,2,d964d2fc-5474-4f8d-b0cf-00151a0c24d7,3.1,Caucasian,On-Demand,24,0
c.4380delT,154157685,p.(Asn1460Lysfs*5),Asn1441Lysfs*5,Frameshift,Deletion,14,1441,B,Heavy chain,N,X,,,,Severe,No,,2002,"0, 128",,0,2,1,Exon,Mid,1,2,c3fac086-04f7-4d5d-bcec-445f4619a7e2,5.5,Black,Prophylaxis,74,0
c.4380dupT,154157685,p.(Asn1461*),Asn1442*,Frameshift,Insertion ,14,1442,B,Heavy chain,N,X,,,,Severe,No,,2017,287,,0,2,1,Exon,Mid,1,2,10632b54-11ea-4c42-9e9b-92952228bed8,1.8,Caucasian,Prophylaxis,17,1
c.4380T>A,154157685,p.(Asn1460Lys),Asn1441Lys,Missense,Substitution,14,1441,B,Heavy chain,N,,,X,,Mild,Not reported,,1993,57,,0,0,0,Exon,Mid,0,0,0b53a0b2-9a20-4cb9-a6f1-f499221fdb1a,21.4,Caucasian,On-Demand,118,1
c.4382_4383del,154157682_154157683,p.(Asn1461Thrfs*13),Asn1442Thrfs*13,Frameshift,Deletion,14,1442,B,Heavy chain,Y,,X,,,Moderate,Yes,,2010,205,,1,1,1,Exon,Mid,1,1,bcd7436f-d8f8-408a-8bab-13354f3fafd0,2.1,Hispanic,On-Demand,7,0
c.4382_4383insA,154157682_154157683,p.(Asn1461Lysfs*14),Asn1442Lysfs*14,Frameshift,Insertion,14,1442,B,Heavy chain,,X,,,,Severe,Yes,,2014,264,X,1,2,1,Exon,Mid,1,2,65bc1f98-0759-4be5-83ae-4c6cb0b94740,3,Hispanic,Prophylaxis,35,0
c.4382delA,154157683,p.(Asn1461Thrfs*4),Asn1442Thrfs*4,Frameshift,Deletion,14,1442,B,Heavy chain,Y,X,,,,Severe,No,,2011,218,,0,2,1,Exon,Mid,1,2,a9dac648-c593-4f53-9eed-e8b7b7099279,8.4,Asian,On-Demand,45,1
c.4383_4384del,154157681_154157682,p.(Leu1462Phefs*12),Leu1443Phefs*12,Frameshift,Deletion,14,1443,B,Heavy chain,N,X,,,,Severe,Not reported,,2006,156,,0,2,1,Exon,Mid,1,2,34227af2-28ea-4b92-8782-4e3c70b6e014,3.8,Caucasian,Prophylaxis,49,0
c.4384delC,154157681,p.(Leu1462Phefs*3),Leu1443Phefs*3,Frameshift,Deletion,14,1443,B,Heavy chain,N,,X,,,Moderate,Not reported,,2014,256,,0,1,1,Exon,Mid,1,1,42fadf3b-4652-4ea1-bedb-89dc0d37a31c,3.1,Caucasian,On-Demand,19,0
c.4387delT,154157678,p.(Ser1463Leufs*2),Ser1444Leufs*2,Frameshift,Deletion,14,1444,B,Heavy chain,N,X,,,,Severe,No,,2012,233,,0,2,1,Exon,Mid,1,2,2651feed-d9db-4678-9228-419dd595118d,6.7,Caucasian,Prophylaxis,39,0
c.4388_4391del,154157674_154157677,p.(Ser1463*),Ser1444*,Frameshift,Deletion,14,1444,B,Heavy chain,N,X,,,,Severe,No,,2007,169,,0,2,1,Exon,Mid,1,2,43043015-6169-4889-8c07-c4b92156e411,0.8,Asian,Prophylaxis,12,0
c.4391delT,154157674,p.(Leu1464*),Leu1445*,Frameshift,Deletion,14,1445,B,Heavy chain,N,X,,,,Severe,Not reported,,2013,249,,0,2,1,Exon,Mid,1,2,6d779c79-4804-4e4e-87e0-b77f06d7001a,2.6,Caucasian,Prophylaxis,17,0
c.4402delA,154157663,p.(Thr1468Profs*4),Thr1449Profs*4,Frameshift,Deletion,14,1449,B,Heavy chain,Y,X,,,,Severe,Yes,,2010,203,,1,2,1,Exon,Mid,1,2,10642053-dc61-415b-af51-5dc9779aa8e7,2,Hispanic,Prophylaxis,8,0
c.4406T>C,154157659,p.(Leu1469Ser),Leu1450Ser,Missense,Substitution,14,1450,B,Heavy chain,N,,,X,,Mild,Not reported,,2013,249,,0,0,0,Exon,Mid,0,0,7e543299-7b0b-4d59-9496-40133ffa94f6,26.6,Caucasian,On-Demand,131,0
c.4408G>T,154157657,p.(Glu1470*),Glu1451*,Nonsense,Substitution,14,1451,B,Heavy chain,N,X,,,,Severe,No,,2010,209,,0,2,1,Exon,Mid,4,8,2a4ab03b-fcc2-4831-869f-9b24d2d394d7,3.1,Caucasian,Prophylaxis,38,0
c.4409_4412dup,154157653_154157656,p.(Met1471Ilefs*5),Met1452lefs*5,Frameshift,Duplication,14,1452,B,Heavy chain,N,,X,,,Severe,No,,2012,232,,0,2,1,Exon,Mid,1,2,2caefaea-0038-403f-9522-b603e7957778,2.9,Caucasian,Prophylaxis,14,0
c.4409_4418del,154157647_154157656,p.(Glu1470Valfs*94),Glu1451Valfs*94,Frameshift,Deletion,14,1451,B,Heavy chain,N,X,,,,Severe,Yes,,2005,"0, 153",,1,2,1,Exon,Mid,1,2,7b85ac6e-3d65-4a09-878e-220283daea8b,3.1,Black,Prophylaxis,32,0
c.4418delG,154157647,p.(Gly1473Valfs*94),Gly1454Valfs*94,Frameshift,Deletion,14,1454,B,Heavy chain,N,X,,,,Severe,Yes,,2022,348,X,1,2,1,Exon,Mid,1,2,ba42f001-8e76-4ac8-9365-591b0d4eb300,2,Hispanic,Prophylaxis,20,1
c.4423C>T,154157642,p.(Gln1475*),Gln1456*,Nonsense,Substitution,14,1456,B,Heavy chain,N,X,,,,Severe,Not reported,,2002,126,,0,2,1,Exon,Mid,4,8,5eae6556-f112-4399-a233-e668922d4aa1,3.8,Asian,On-Demand,17,0
c.4425_4426del,154157639_154157640,p.(Glu1477Glyfs*18),Glu1458Glyfs*18,Frameshift,Deletion,14,1456,B,Heavy chain,Y,,,,,Severe,No,,2003,136,,0,2,1,Exon,Mid,1,2,1dd659c3-f6a3-4895-b3d2-7dee087eed9f,3.2,Hispanic,Prophylaxis,23,0
c.4426A>T,154157639,p.(Arg1476*),Arg1457*,Nonsense,Substitution,14,1476,B,Heavy chain,Y,X,,,,Severe,Not reported,,2019,314,,0,2,1,Exon,Mid,4,8,316c9ceb-5ef6-490a-8d2f-d4e26efd4441,4.6,Caucasian,Prophylaxis,33,1
c.4426dupA,154157639,p.(Arg1476Lysfs*20),Arg1457Lysfs*20,Frameshift,Duplication,14,1457,B,Heavy chain,Y,X,,,,Severe,Not reported,,2018,293,,0,2,1,Exon,Mid,1,2,8f1af507-7336-4705-adfa-d8a0e0339780,7.1,Other,Prophylaxis,75,0
c.4430_4431del,154157634_154157635,p.(Glu1477Glyfs*18),Glu1458Glyfs*18,Frameshift,Deletion,14,1458,B,Heavy chain,N,X,,,,Severe,Not reported,,2000,103,,0,2,1,Exon,Mid,1,2,5284c681-da65-43b9-b347-037b18265db1,5.4,Caucasian,Prophylaxis,73,0
c.4430delA,154157635,p.(Glu1477Glyfs*90),Glu1458Glyfs*90,Frameshift,Deletion,14,1458,B,Heavy chain,N,,X,,,Moderate,No,,2014,255,,0,1,1,Exon,Mid,1,1,18e61c3c-d1e5-4022-814a-c701381c95af,2.1,Caucasian,Prophylaxis,10,0
c.4446delG,154157619,p.(Thr1483Glnfs*84),Thr1464Glnfs*84,Frameshift,Deletion,14,1464,B,Heavy chain,N,X,,,,Severe,Yes,,2010,209,,1,2,1,Exon,Mid,1,2,5e1ab4c8-46cb-4c82-8639-3b20cb94bd04,5.1,Black,Prophylaxis,70,0
c.4446dupG,154157619,p.(Thr1483Aspfs*13),Thr1464Aspfs*13,Frameshift,Duplication,14,1464,B,Heavy chain,N,X,,,,Severe,No,,2006,160,,0,2,1,Exon,Mid,1,2,5330e192-f8f4-4764-a92e-287ab78ca494,5.1,Asian,Prophylaxis,52,0
c.4447delA,154157618,p.(Thr1483Glnfs*84),Thr1464Glnfs*84,Frameshift,Deletion,14,1464,B,Heavy chain,N,X,,,,Severe,No,,2012,231,,0,2,1,Exon,Mid,1,2,dd4dae3d-904b-4ceb-99b3-33f320837b80,4.8,Caucasian,On-Demand,24,1
c.4451delG,154157614,p.(Ser1484Metfs*83),Ser1465Metfs*83,Frameshift,Deletion,14,1465,B,Heavy chain,N,X,,,,Severe,Yes,,2012,231,,1,2,1,Exon,Mid,1,2,f6c81409-5b8a-4b84-9d2f-9a98c4358161,2.6,Caucasian,Prophylaxis,26,1
c.4460delA,154157605,p.(Asn1487Ilefs*80),Asn1468Ilefs*80,Frameshift,Deletion,14,1468,B,Heavy chain,Y,,,,,Severe,No,,2006,158,,0,2,1,Exon,Mid,1,2,a61d9f44-9863-48ab-8668-45fbbd47f6da,6.6,Other,Prophylaxis,59,0
c.4465G>T,154157600,p.(Val1489Phe),Val1470Phe,Missense,Substitution,14,1470,B,Heavy chain,N,,,X,,Mild,No,,2014,259,,0,0,0,Exon,Mid,0,0,bc97c25d-e702-4a98-a1ab-91adc0ead57b,31.2,Hispanic,On-Demand,170,0
c.4473C>A,154157592,p.(Tyr1491*),Tyr1472*,Nonsense,Substitution,14,1472,B,Heavy chain,N,X,,,,Severe,Yes,,2008,180,,1,2,1,Exon,Mid,4,8,2925ba4a-7bab-458c-82c0-4ca9ae5eef78,7.3,Other,Prophylaxis,70,0
c.4473C>G,154157592,p.(Tyr1491*),Tyr1472*,Nonsense,Substitution,14,1472,B,Heavy chain,N,X,,,,Severe,No,,2008,175,,0,2,1,Exon,Mid,4,8,843f8bde-4686-4cff-b58a-666bd74cdf19,5.4,Caucasian,On-Demand,37,0
c.4474A>T,154157591,p.(Lys1492*),Lys1473*,Nonsense,Substitution,14,1473,B,Heavy chain,N,,,,X,Severe,Yes,,0,0,,1,2,1,Exon,Mid,4,8,3316eb1a-1639-476f-919c-31dba7c468cc,11.5,Caucasian,Prophylaxis,113,1
c.4477_4480del,154157585_154157588,p.(Lys1493Leufs*73),Lys1474Leufs*73,Frameshift,Deletion,14,1474,B,Heavy chain,Y,X,,,,Severe,Not reported,,2008,"183, 186",,0,2,1,Exon,Mid,1,2,91bda27b-c62b-4c07-b9ad-a350650d7538,2.1,Caucasian,Prophylaxis,37,0
c.4483delG,154157582,p.(Glu1495Argfs*72),Glu1476Argfs*72,Frameshift,Deletion,14,1476,B,Heavy chain,N,X,,,,Severe,No,,2004,139,,0,2,1,Exon,Mid,1,2,a0aaa0dc-d563-415f-bd4d-0272193a9ee7,2.8,Caucasian,Prophylaxis,7,0
c.4483G>T,154157582,p.(Glu1495*),Glu1476*,Nonsense,Substitution,14,1476,B,Heavy chain,N,X,,,,Severe,Not reported,,2008,"183, 185",,0,2,1,Exon,Mid,4,8,61ea7bad-6a94-4e8c-83f3-93ab00ada458,6.7,Other,On-Demand,47,0
c.4485ins280,154157580,p.(Asn1496fs*?),Asn1477fs,Frameshift,Insertion,14,1477,B,Heavy chain,N,X,,,,Severe,Not reported,,2015,269,,0,2,1,Exon,Mid,1,2,4f292496-ee7d-4d88-b595-baf79a25540c,4.2,Asian,Prophylaxis,26,0
c.4488delC,154157577,p.(Asn1496Lysfs*71),Asn1477Lysfs*71,Frameshift,Deletion,14,1477,B,Heavy chain,N,X,,,,Severe,Not reported,,2016,280,,0,2,1,Exon,Mid,1,2,cf4e70ea-dc89-4c05-8aa6-debeeadbe4bf,5.3,Asian,Prophylaxis,33,0
c.4491_4492del,154157573_154157574,p.(Val1498Serfs*14),Val1479Serfs*14,Frameshift,Deletion,14,1478,B,Heavy chain,N,X,,,,Severe,No,,2005,"0, 152",,0,2,1,Exon,Mid,1,2,618d9227-9c91-4142-90f5-f520575a1052,4.1,Caucasian,Prophylaxis,33,0
c.4491_4495del,154157570_154157574,p.(Val1498Profs*13),Val1479Profs*13,Frameshift,Deletion,14,1476,B,Heavy chain,N,X,,,,Severe,No,,2008,180,,0,2,1,Exon,Mid,1,2,701fc190-5454-4051-9eb0-7fd771d94bda,1.9,Asian,Prophylaxis,25,0
c.4492delG,154157573,p.(Val1498Phefs*69),Val1479Phefs*69,Frameshift,Deletion,14,1479,B,Heavy chain,N,,X,,,Severe,No,,2006,157,,0,2,1,Exon,Mid,1,2,417e24f7-b18a-463b-a421-ed718e7253cc,2.2,Hispanic,Prophylaxis,19,0
c.4503delA,154157562,p.(Lys1501Asnfs*66),Lys1482Asnfs*66,Frameshift,Deletion,14,1482,B,Heavy chain,Y,,X,,,Moderate,Not reported,,2012,224,,0,1,1,Exon,Mid,1,1,e27e9f18-4278-447c-804e-9b7a79edcc1c,7,Caucasian,Prophylaxis,77,0
c.4512_4513ins32,154157552_154157553,p.(Leu1504fs*?),Leu1485fs(?,Frameshift,Insertion,14,1485,B,Heavy chain,N,X,,,,Severe,Not reported,,2008,180,,0,2,1,Exon,Mid,1,2,37b25c56-e2f3-4461-85c7-aff4156117fa,3.4,Asian,Prophylaxis,32,0
c.4512delG,154157553,p.(Leu1504Phefs*63),Leu1485Phefs*63,Frameshift,Deletion,14,1485,B,Heavy chain,N,X,,,,Severe,No,,2007,168,,0,2,1,Exon,Mid,1,2,a0120c6c-95d2-442a-93a3-bd3ab5bb73e5,2,Caucasian,Prophylaxis,20,0
c.4513_4515delinsGCAAAGTTGGTTTGCCAAAACCATGTTGCCG,154157550_154157552,p.(Pro1505Alafs*17),Pro1486Alafs*17,Frameshift,Deletion/Insertion,14,1486,B,Heavy chain,N,X,,,,Severe,Not reported,,2002,127,,0,2,1,Exon,Mid,1,2,9909beca-f7e0-4e33-8e51-9a6936deaa1b,11,Caucasian,Prophylaxis,115,0
c.4516A>T,154157549,p.(Lys1506*),Lys1487*,Nonsense,Substitution,14,1487,B,Heavy chain,Y,X,,,,Severe,Not reported,,2018,293,,0,2,1,Exon,Mid,4,8,83de3ece-c13a-45ef-b4ea-25a8d525203c,6,Caucasian,Prophylaxis,51,0
c.4519delA,154157546,p.(Thr1507Hisfs*60),Thr1488Hisfs*60,Frameshift,Deletion,14,1488,B,Heavy chain,Y,X,,,,Severe,No,,2002,125,,0,2,1,Exon,Mid,1,2,ce64a1ff-af4a-43a9-ba95-246ea5b30427,3.7,Caucasian,Prophylaxis,36,1
c.4531G>A,154157534,p.(Val1511Ile),Val1492Ile,Missense,Substitution,14,1492,B,Heavy chain,N,,,,X,Not reported,Not reported,,2018,296,,0,,0,Exon,Mid,0,,3ff4c317-2850-4553-bd24-7427f99fe4f4,10.8,Asian,Prophylaxis,118,0
c.4534G>T,154157531,p.(Glu1512*),Glu1493*,Nonsense,Substitution,14,1493,B,Heavy chain,N,,X,,,Moderate,No,,2010,213,,0,1,1,Exon,Mid,4,4,37a97a8b-5243-4458-a628-c33f8379f646,0.8,Asian,Prophylaxis,9,0
c.4542_4543insA,154157522_154157523,p.(Pro1515Thrfs*16),Pro1496Thrfs*16,Frameshift,Insertion,14,1496,B,Heavy chain,N,X,,,,Severe,Not reported,,2002,126,,0,2,1,Exon,Mid,1,2,748370d6-42ab-4896-8e2d-0fd35300b39d,3.9,Black,Prophylaxis,52,0
c.4542delT,154157523,p.(Pro1515Glnfs*52),Pro1496Glnfs*52,Frameshift,Deletion,14,1496,B,Heavy chain,N,X,,,,Severe,Yes,,2008,175,,1,2,1,Exon,Mid,1,2,95ab538d-a7ec-46e8-91c7-5e4a5ab5d265,5.1,Hispanic,Prophylaxis,59,0
c.4543_4544delinsA,154157521_154157522,p.(Pro1515Lysfs*52),Pro1496Lysfs*52,Frameshift,Deletion/Insertion,14,1496,B,Heavy chain,N,X,,,,Severe,No,,2006,160,,0,2,1,Exon,Mid,1,2,647618b0-4a3b-4a8f-811c-cc9b3be8e38f,0.9,Caucasian,Prophylaxis,5,0
c.4543_4556del,154157509_154157522,p.(Pro1515Leufs*11),Pro1496Leufs*11,Frameshift,Deletion,14,1496,B,Heavy chain,N,X,,,,Severe,Not reported,,2016,280,,0,2,1,Exon,Mid,1,2,f2e50cb2-f8a7-4925-9f0c-5d52985cc8d3,3.5,Black,Prophylaxis,44,0
c.4548delA,154157517,p.(Val1517Phefs*50),Val1498Phefs*50,Frameshift,Deletion,14,1498,B,Heavy chain,Y,X,,,,Severe,No,,0,0,,0,2,1,Exon,Mid,1,2,4eb78f66-4e70-4edb-b7b5-4197c8f3f60f,8.2,Hispanic,Prophylaxis,79,0
c.4550_4551insA,154157514_154157515,p.(His1518Serfs*13),His1499Serfs*13,Frameshift,Insertion,14,1499,B,Heavy chain,N,X,,,,Severe,Not reported,,2019,316,,0,2,1,Exon,Mid,1,2,2300ee72-00df-48c3-b98b-827818b5f455,7.4,Caucasian,Prophylaxis,83,0
c.4561C>T,154157504,p.(Gln1521*),Gln1502*,Nonsense,Substitution,14,1502,B,Heavy chain,N,X,,,,Severe,No,,2005,154,,0,2,1,Exon,Mid,4,8,1fb38011-cce2-4681-a313-4d03f1556b18,10.8,Caucasian,Prophylaxis,106,0
c.4564A>T,154157501,p.(Lys1522*),Lys1503*,Nonsense,Substitution,14,1503,B,Heavy chain,N,,,,,Severe,No,,2006,158,,0,2,1,Exon,Mid,4,8,43abdfe3-65d6-4f18-9384-4417351a3226,2.8,Caucasian,Prophylaxis,25,0
c.4579dupA,154157486,p.(Thr1527fsAsn*4),Thr1508Asnfs*4,Frameshift,Duplication,14,1508,B,Heavy chain,N,X,,,,Severe,No,,2020,320,X,0,2,1,Exon,Mid,1,2,e84a3173-1944-4381-90ec-fdf9f9cfbe4c,7.9,Other,Prophylaxis,66,0
c.4589G>C,154157476,p.(Ser1530Thr),Ser1511Thr,Missense,Substitution,14,1511,B,Heavy chain,N,,,X,,Mild,No,,2008,180,,0,0,0,Exon,Mid,0,0,05d0c936-ed92-4492-8353-7ac845936392,13.2,Caucasian,On-Demand,67,0
c.4592dupA,154157473,p.(Asn1531Lysfs*23),Asn1512Lysfs*23,Frameshift,Duplication,14,1512,B,Heavy chain,N,X,,,,Severe,No,,2020,320,X,0,2,1,Exon,Mid,1,2,abfb6ae5-1fc6-48ff-9573-90fc36d07a44,1.9,Caucasian,Prophylaxis,30,0
c.4599_4600dup,154157466_154157467,p.(Pro1534Leufs*34),Pro1515Leufs*34,Frameshift,Duplication,14,1515,B,Heavy chain,N,X,,,,Severe,No,,2021,"333, 334",X,0,2,1,Exon,Mid,1,2,a26a9923-cbb7-4539-b530-65ea441b02e1,1.4,Hispanic,On-Demand,13,0
c.4619delT,154157446,p.(Val1540Glyfs*27),Val1521Glyfs*27,Frameshift,Deletion,14,1521,B,Heavy chain,N,X,,,,Severe,Not reported,,2008,181,,0,2,1,Exon,Mid,1,2,bf528444-a289-486b-b397-28402bc7dd1a,1.9,Asian,Prophylaxis,11,0
c.4627delA,154157438,p.(Ser1543Alafs*24),Ser1524Alafs*24,Frameshift,Deletion,14,1524,B,Heavy chain,N,X,,,,Severe,No,,2012,231,,0,2,1,Exon,Mid,1,2,436bcdd2-c398-431a-99c2-4dff7758e968,1.7,Caucasian,Prophylaxis,10,0
c.4630dupC,154157435,p.(Leu1544Profs*10),Leu1525Profs*10,Frameshift,Duplication,14,1525,B,Heavy chain,N,,,,X,Not reported,Not reported,,2008,180,,0,,1,Exon,Mid,1,,57f04902-cb70-4df3-a1dd-9e58bb108d22,2,Black,On-Demand,10,0
c.4640delG,154157425,p.(Gly1547Glufs*20),Gly1528Glufs*20,Frameshift,Deletion,14,1528,B,Heavy chain,N,X,,,,Severe,Not reported,,2021,333,X,0,2,1,Exon,Mid,1,2,dda45a3e-7563-4be0-910c-d7f64026163c,5.9,Asian,On-Demand,51,0
c.4646_4647delAG,154157418_154157419,p.(Glu1549Glyfs*4),Glu1530Glyfs*4,Frameshift,Deletion,14,1530,B,Heavy chain,N,X,,,,Severe,Not reported,,2021,330,X,0,2,1,Exon,Mid,1,2,5431f21b-301f-48ef-9ff3-0592b1f36d7d,1.4,Caucasian,Prophylaxis,12,0
c.4656dupT,154157409,p.(Lys1553*),Lys1534*,Frameshift,Duplication,14,1534,B,Heavy chain,N,X,,,,Severe,Not reported,,2018,293,,0,2,1,Exon,Mid,1,2,1bdddf2c-ecf6-43ea-831e-fa6328438062,7.2,Caucasian,Prophylaxis,71,0
c.4658delA,154157407,p.(Lys1553Serfs*14),Lys1534Serfs*14,Frameshift,Deletion,14,1534,B,Heavy chain,Y,X,,,,Severe,Not reported,,2000,103,,0,2,1,Exon,Mid,1,2,e2740d23-5fcc-4394-8cf4-35c7e37c4bb4,12,Caucasian,Prophylaxis,113,0
c.4661G>A,154157404,p.(Trp1554*),Trp1535*,Nonsense,Substitution,14,1535,B,Heavy chain,N,X,,,,Severe,Not reported,,2018,293,,0,2,1,Exon,Mid,4,8,ca7e0d95-96f8-4323-917d-f11713543d79,4.1,Black,Prophylaxis,21,0
c.4662_4663del,154157402_154157403,p.(Trp1554*),Trp1535*,Frameshift,Deletion,14,1535,B,Heavy chain,N,,,,X,Severe,Not reported,,1991,36,,0,2,1,Exon,Mid,1,2,5be5162f-7abb-4dc6-8dcf-434d4e6abf4e,2,Caucasian,Prophylaxis,4,0
c.4662G>A,154157403,p.(Trp1554*),Trp1535*,Nonsense,Substitution,14,1535,B,Heavy chain,N,X,,,,Severe,Yes,,2005,"145, 154",,1,2,1,Exon,Mid,4,8,03c4fd21-3d23-4c88-bfa1-e9ed10b48a3a,5.9,Caucasian,Prophylaxis,77,0
c.4665_4678delinsAAGGAA,154157387_154157400,p.(Asn1555Lysfs*31),Asn1536Lysfs*31,Frameshift,Deletion/Insertion,14,1536,B,Heavy chain,N,X,,,,Severe,Yes,,2002,125,,1,2,1,Exon,Mid,1,2,2679093b-6514-426b-904a-ba58c11cea78,6.9,Asian,On-Demand,34,0
c.4665delinsAAG,154157400,p.(Asn1555Lysfs*13),Asn1536Lysfs*13,Frameshift,Deletion/Insertion,14,1536,B,Heavy chain,N,X,,,,Severe,Yes,,2002,125,,1,2,1,Exon,Mid,1,2,79088395-d897-4074-b1ec-0d031ac7cbdf,1.8,Caucasian,Prophylaxis,9,0
c.4672_4675del,154157390_154157393,p.(Asn1558Aspfs*8),Asn1539Aspfs*8,Frameshift,Deletion,14,1539,B,Heavy chain,Y,,X,,,Moderate,No,,0,0,,0,1,1,Exon,Mid,1,1,091caef3-d98a-48a9-80b4-c0fef5d930b2,1.7,Caucasian,Prophylaxis,20,0
c.4675delA,154157390,p.(Arg1559Aspfs*8),Arg1540Aspfs*8,Frameshift,Deletion,14,1540,B,Heavy chain,N,X,,,,Severe,No,,2020,319,X,0,2,1,Exon,Mid,1,2,3f56cc1d-c688-4433-a574-8805cac81c0e,2.2,Other,On-Demand,33,0
c.4684A>T,154157381,p.(Lys1562*),Lys1543*,Nonsense,Substitution,14,1543,B,Heavy chain,Y,X,,,,Severe,Not reported,,2016,280,,0,2,1,Exon,Mid,4,8,48fee637-271e-4425-8059-b17167592157,3.3,Caucasian,Prophylaxis,34,0
c.4686delA,154157379,p.(Val1563Phefs*4),Val1544Phefs*4,Frameshift,Deletion,14,1544,B,Heavy chain,Y,X,,,,Severe,No,,0,0,,0,2,1,Exon,Mid,1,2,bf41519c-61b4-49ec-aaef-ccf3779c9af1,6.7,Caucasian,Prophylaxis,51,0
c.4687delG,154157378,p.(Val1563Phefs*4),Val1544Phefs*4,Frameshift,Deletion,14,1544,B,Heavy chain,N,X,,,,Severe,Not reported,,2008,"183, 186",,0,2,1,Exon,Mid,1,2,4b1360d7-93fa-479a-bf56-751f68f60649,1.7,Caucasian,Prophylaxis,9,0
c.4691_4692insTTTC,154157373_154157374,p.(Arg1567Serfs*23),Arg1548Serfs*23,Frameshift,Insertion,14,1548,B,Heavy chain,N,X,,,,Severe,No,,2006,157,,0,2,1,Exon,Mid,1,2,4468f1d1-b5f1-49e5-98fd-82185762d44b,2.5,Asian,On-Demand,12,0
c.4692delC,154157373,p.(Leu1566*),Leu1547*,Frameshift,Deletion,14,1547,B,Heavy chain,N,X,,,,Severe,No,,2017,284,,0,2,1,Exon,Mid,1,2,ed081b5b-cf0c-436a-95a0-784504c902e4,1.1,Hispanic,Prophylaxis,8,0
c.4694_4697delTTCT,154157368_154157371,p.(Phe1565*),Phe1546*,Nonsense,Deletion,14,1546,B,Heavy chain,N,X,,,,Severe,Not reported,,1999,97,X,0,2,1,Exon,Mid,4,8,06c9dd29-3e59-474e-bf06-6f10e60aab6f,2.2,Black,On-Demand,10,1
c.4699dupA,154157366,p.(Arg1567Lysfs*22),Arg1548Lysfs*22,Frameshift,Duplication,14,1548,B,Heavy chain,N,X,,,,Severe,Not reported,,2018,293,,0,2,1,Exon,Mid,1,2,98590a51-63a2-47fa-808f-b8406f392cd8,5.5,Black,On-Demand,22,0
c.4701_4702del,154157363_154157364,p.(Arg1567Serfs*21),Arg1548Serfs*s21,Frameshift,Deletion,14,1548,B,Heavy chain,N,X,,,,Severe,No,,2020,320,X,0,2,1,Exon,Mid,1,2,4cc00a64-b0db-4f42-9208-e7e9781d0c41,2.3,Hispanic,Prophylaxis,31,0
c.4703_4704insGAGAT,154157361_154157362,p.(Ala1569Argfs*2),Ala1550Argfs*2,Frameshift,Insertion,14,1550,B,Heavy chain,N,X,,,,Severe,No,,2006,160,,0,2,1,Exon,Mid,1,2,d7694055-9e9f-441b-b99c-8efba6deabea,5.2,Caucasian,Prophylaxis,49,0
c.4712_4715del,154157350_154157353,p.(Glu1571Alafs*49),Glu1552Alafs*49,Frameshift,Deletion,14,1552,B,Heavy chain,Y,X,,,,Severe,Not reported,,1999,102,,0,2,1,Exon,Mid,1,2,3aa284d4-c2cb-4f06-8c98-042c2957dcd8,7.7,Caucasian,Prophylaxis,80,0
c.4719_4729del,154157336_154157346,p.(Ala1574Leufs*11),Ala1555Leufs*11,Frameshift,Deletion,14,1555,B,Heavy chain,N,X,,,,Severe,No,,2010,209,,0,2,1,Exon,Mid,1,2,c4e97f0e-335e-42ec-b26f-bf31b43a704e,3.2,Hispanic,Prophylaxis,36,0
c.4720delG,154157345,p.(Ala1574Glnfs*47),Ala1555Glnfs*47,Frameshift,Deletion,14,1555,B,Heavy chain,N,X,,,,Severe,No,,2006,160,,0,2,1,Exon,Mid,1,2,be3966e4-442c-487e-a40f-318b109ddbdf,8.7,Asian,Prophylaxis,99,0
c.4723_4724del,154157341_154157342,p.(Lys1575Aspfs*13),Lys1556Aspfs*13,Frameshift,Deletion,14,1556,B,Heavy chain,N,X,,,,Severe,Not reported,,2018,293,,0,2,1,Exon,Mid,1,2,c8b9d49a-c7f3-41af-b272-1b53322e3394,2.3,Caucasian,Prophylaxis,19,0
c.4724delA,154157341,p.(Lys1575Argfs*46),Lys1556Argfs*46,Frameshift,Deletion,14,1556,B,Heavy chain,N,X,,,,Severe,Not reported,,2021,330,X,0,2,1,Exon,Mid,1,2,1ede445c-6433-4146-aa80-e896259af49e,1.2,Caucasian,Prophylaxis,7,0
c.4735A>T,154157330,p.(Lys1579*),Lys1560*,Nonsense,Substitution,14,1560,B,Heavy chain,N,X,,,,Severe,Not reported,,2013,249,,0,2,1,Exon,Mid,4,8,5d833f2e-eebf-4b05-95d4-8af60481ed0b,3.8,Black,On-Demand,11,1
c.4736delA,154157329,p.(Lys1579Serfs*42),Lys1560Serfs*42,Frameshift,Deletion,14,1560,B,Heavy chain,N,X,,,,Severe,Not reported,,2016,280,,0,2,1,Exon,Mid,1,2,26560c3d-b82b-4372-bf52-546a5b1967d7,4.5,Hispanic,Prophylaxis,41,0
c.4749+?_4933-?del,154157132_154157316,,,Large structural change (>50 bp),Deletion,14,,B,single domain,,X,,,,severe,Not reported,,2021,333,X,0,,0,Exon,Mid,3,,8b1bc564-9cd4-44c1-8535-f861b926b668,2,Caucasian,On-Demand,27,1
c.4757G>A,154157308,p.(Trp1586*),Trp1567*,Nonsense,Substitution,14,1567,B,Heavy chain,N,X,,,,Severe,Yes,,2001,124,,1,2,1,Exon,Mid,4,8,ef2b7f20-dc1a-466f-829b-6ea85d6285a5,2.8,Asian,Prophylaxis,18,0
c.4758G>A,154157307,p.(Trp1586*),Trp1567*,Nonsense,Substitution,14,1567,B,Heavy chain,N,,X,,,Moderate,Yes,,0,0,,1,1,1,Exon,Mid,4,4,32aec902-6fa8-4648-b321-966d2523ef82,6.1,Black,Prophylaxis,61,0
c.4770_4819delins491,154157246_154157295,,,Large structural change (>50 bp),Deletion/Insertion,14,1571,B,Heavy chain,N,X,,,,Severe,Not reported,,2021,330,X,0,2,0,Exon,Mid,3,6,3c058ab3-94b9-401c-9ce5-06f2864b7b64,6.2,Hispanic,Prophylaxis,45,0
c.4770T>A,154157295,p.(Tyr1590*),Tyr1571*,Nonsense,Substitution,14,1571,B,Heavy chain,N,X,,,,Severe,No,,2005,154,,0,2,1,Exon,Mid,4,8,b92f5579-5d6c-4242-a4eb-9e44e1e885e4,14.9,Hispanic,Prophylaxis,143,0
c.4770T>G,154157295,p.(Tyr1590*),Tyr1571*,Nonsense,Substitution,14,1571,B,Heavy chain,N,X,,,,Severe,No,,2012,232,,0,2,1,Exon,Mid,4,8,42ced89f-3a8e-49b2-b9c0-113151b84f4b,3,Caucasian,Prophylaxis,33,1
c.4774dupA,154157291,p.(Thr1592Asnfs*21),Thr1573Asnfs*21,Frameshift,Duplication,14,1573,B,Heavy chain,N,X,,,,Severe,Not reported,,2008,"183, 186",,0,2,1,Exon,Mid,1,2,1c0eb05b-a337-43b2-b574-15d943eb9494,1,Caucasian,Prophylaxis,6,0
c.4781_4787del,154157278_154157284,p.(Ile1594Lysfs*25),Ile1575Lysfs*25,Frameshift,Deletion,14,1575,B,Heavy chain,N,X,,,,Severe,No,,2002,125,,0,2,1,Exon,Mid,1,2,c436e842-9441-469a-9a76-77683c9ee519,1,Hispanic,Prophylaxis,6,0
c.4787_4791del,154157274_154157278,p.(Lys1596Argfs*15),Lys1577Argfs*15,Frameshift,Deletion,14,1566,B,Heavy chain,N,X,,,,Severe,Not reported,,2018,293,,0,2,1,Exon,Mid,1,2,06173d3a-d765-4b94-99fa-5ef4f54dd1f0,5.9,Hispanic,Prophylaxis,48,0
c.4788dupA,154157277,p.(Glu1597Argfs*16),Glu1578Argfs*16,Frameshift,Duplication,14,1578,B,Heavy chain,Y,X,,,,Severe,Not reported,,2008,"183, 186",,0,2,1,Exon,Mid,1,2,ec876928-c26a-4d0d-8d71-adf939ada591,5.4,Black,Prophylaxis,33,0
c.4789G>T,154157276,p.(Glu1597*),Glu1578*,Nonsense,Substitution,14,1578,B,Heavy chain,N,X,,,,Severe,No,,2011,218,,0,2,1,Exon,Mid,4,8,1f78d72d-4c27-4dd7-9f99-bf29908f38a2,5.6,Caucasian,Prophylaxis,48,0
c.4794G>T,154157271,p.(Glu1598Asp),Glu1579Asp,Missense,Substitution,14,1579,B,Heavy chain,N,X,,,,Severe,No,,0,0,,0,2,0,Exon,Mid,0,0,a27e9083-0d78-4226-9392-3d6a5a697898,7.9,Caucasian,Prophylaxis,100,0
c.4796G>A,154157269,p.(Trp1599*),Trp1580*,Nonsense,Substitution,14,1580,B,Heavy chain,N,X,,,,Severe,Yes,,2001,"0, 118",,1,2,1,Exon,Mid,4,8,b4ce44ba-8fb3-48ea-a0df-ef73f2e520ab,4,Caucasian,Prophylaxis,47,0
c.4797G>A,154157268,p.(Trp1599*),Trp1580*,Nonsense,Substitution,14,1580,B,Heavy chain,N,X,,,,Severe,Yes,,2010,210,,1,2,1,Exon,Mid,4,8,5f30cfab-e95b-417c-a317-f358f8650924,3.9,Caucasian,Prophylaxis,39,1
c.4798A>T,154157267,p.(Lys1600*),Lys1581*,Nonsense,Substitution,14,1581,B,Heavy chain,N,X,,,,Severe,No,,2005,154,,0,2,1,Exon,Mid,4,8,886e3ee5-b54c-483c-9852-2e7328226a97,2.8,Caucasian,On-Demand,1,0
c.4800delA,154157265,p.(Lys1600Asnfs*21),Lys1581Asnfs*21,Frameshift,Deletion,14,1581,B,Heavy chain,N,,,,X,Not reported,Not reported,,2021,332,X,0,,1,Exon,Mid,1,,feb8e8f1-484a-4cda-8290-fc4f7583610f,2,Hispanic,Prophylaxis,23,0
c.4804C>T,154157261,p.(Gln1602*),Gln1583*,Nonsense,Substitution,14,1583,B,Heavy chain,N,X,,,,Severe,No,,2020,319,X,0,2,1,Exon,Mid,4,8,b28160ec-6836-4194-ae61-8208851c57c2,3.5,Caucasian,Prophylaxis,20,0
c.4805_4806del,154157259_154157260,p.(Gln1602Argfs*10),Gln1583Argfs*10,Frameshift,Deletion,14,1583,B,Heavy chain,N,X,,,,Severe,No,,2006,160,,0,2,1,Exon,Mid,1,2,05d9335f-5e79-4999-accb-ec6124ae8dc0,1.8,Hispanic,Prophylaxis,25,0
c.4806delA,154157259,p.(Glu1603Argfs*18),Glu1584Argfs*18,Frameshift,Deletion,14,1584,B,Heavy chain,Y,X,,,,Severe,No,,2006,160,,0,2,1,Exon,Mid,1,2,30eb73af-c194-40a6-b3da-edfbc6c5a6f9,3.7,Caucasian,Prophylaxis,25,0
c.4807G>T,154157258,p.(Glu1603*),Glu1584*,Nonsense,Substitution,14,1584,B,Heavy chain,N,X,,,,Severe,No,,2012,233,,0,2,1,Exon,Mid,4,8,211470c5-bf65-4abd-9f3a-5fbf6d47e3ff,3.8,Asian,Prophylaxis,32,0
c.4814C>A,154157251,p.(Ser1605*),Ser1586*,Nonsense,Substitution,14,1586,B,Heavy chain,N,,X,,,Moderate,Not reported,,2008,181,,0,1,1,Exon,Mid,4,4,b090ebe3-ba5f-424b-aa2f-5cdb4f279357,3.6,Other,On-Demand,1,0
c.4819G>T,154157246,p.(Glu1607*),Glu1588*,Nonsense,Substitution,14,1588,B,Heavy chain,N,X,,,,Severe,No,,2012,233,,0,2,1,Exon,Mid,4,8,2d8f4423-da0c-422c-a655-a940c831dbc2,8.2,Caucasian,Prophylaxis,94,0
c.4825delA,154157240,p.(Thr1609Glnfs*12),Thr1590Glnfs*12,Frameshift,Deletion,14,1590,B,Heavy chain,Y,X,,,,Severe,No,,2010,205,,0,2,1,Exon,Mid,1,2,1b19b922-69e7-4e70-947e-912e9a6af346,4.2,Asian,Prophylaxis,61,0
c.4825dupA,154157240,p.(Thr1609Asnfs*4),Thr1590Asnfs*4,Frameshift,Duplication,14,1590,B,Heavy chain,Y,X,X,,,Moderate/Severe,Yes,,1993,"0, 56",,1,,1,Exon,Mid,1,,08992b3b-c55a-4c38-ac25-76227805f6ef,30,Asian,On-Demand,157,0
c.4828G>C,154157237,p.(Ala1610Pro),Ala1591Pro,Missense,Substitution,14,1591,B,Heavy chain,N,,X,,,Moderate,Not reported,,2017,283,,0,1,0,Exon,Mid,0,0,ab1861a1-cc17-4525-98f1-3109e92294a5,1.2,Asian,Prophylaxis,8,1
c.4828G>T,154157237,p.(Ala1610Ser),Ala1591Ser,Missense,Substitution,14,1591,B,Heavy chain,N,,,,X,Not reported,Not reported,,1996,74,,0,,0,Exon,Mid,0,,e9e2af64-b284-4938-ab7c-3e86164d4a69,2.5,Caucasian,On-Demand,1,0
c.4840A>T,154157225,p.(Lys1614*),Lys1595*,Nonsense,Substitution,14,1595,B,Heavy chain,N,X,,,,Severe,No,,2011,218,,0,2,1,Exon,Mid,4,8,3e752abc-2419-4d07-bf3a-357332aed677,5.7,Hispanic,Prophylaxis,42,0
c.4841delA,154157224,p.(Lys1614Argfs*7),Lys1595Argfs*7,Frameshift,Deletion,14,1595,B,Heavy chain,Y,X,,,,Severe,No,,2008,175,,0,2,1,Exon,Mid,1,2,9a3bd562-87b4-4b65-93bc-27da35395b0c,5.5,Caucasian,Prophylaxis,51,0
c.4841dupA,154157224,p.(Asp1615Glyfs*10),Asp1596Glyfs*10,Frameshift,Duplication,14,1596,B,Heavy chain,Y,X,,,,Severe,Yes,,2014,258,,1,2,1,Exon,Mid,1,2,5713e24d-b660-4b14-8034-7ad5d4ab6a82,6.9,Black,Prophylaxis,69,0
c.4844_4845ins264bp,154157220_154157221,,,Large structural change (>50 bp),Insertion,14,1596,B,single domain,N,X,,,,Severe,No,,2012,226,,0,2,0,Exon,Mid,3,6,81aa9ef5-8499-4a79-a01e-a7d851daf727,8.1,Caucasian,On-Demand,49,0
c.4848delC,154157217,p.(Ile1617Phefs*4),Ile1598Phefs*4,Frameshift,Deletion,14,1598,B,Heavy chain,N,X,,,,Severe,Not reported,,0,0,,0,2,1,Exon,Mid,1,2,7081a396-9de3-47eb-bffd-01c19e15cb45,2.4,Hispanic,Prophylaxis,16,0
c.4858delC,154157207,p.(Leu1620*),Leu1601*,Frameshift,Deletion,14,1601,B,Heavy chain,N,X,,,,Severe,No,,1993,56,,0,2,1,Exon,Mid,1,2,29953947-63ef-419c-b9b7-a0fd43e26303,4.5,Black,Prophylaxis,45,0
c.4864G>A,154157201,p.(Ala1622Thr),Ala1603Thr,Missense,Substitution,14,1603,B,Heavy chain,N,X,,,,Severe,Not reported,,2008,173,,0,2,0,Exon,Mid,0,0,af094af4-2830-4d7f-85c8-21e4e327e0e9,4.4,Other,Prophylaxis,28,0
c.4865delC,154157200,p.(Ala1622Valfs*8),Ala1603Valfs*8,Frameshift,Deletion,14,1603,B,Heavy chain,N,X,,,,Severe,Not reported,,2016,280,,0,2,1,Exon,Mid,1,2,75d60f4c-759d-45c7-9098-204c1ca70c01,4.9,Caucasian,Prophylaxis,45,0
c.4873_4885del,154157180_154157192,p.(Ser1625*),Ser1606*,Frameshift,Deletion,14,1606,B,Heavy chain,Y,X,,,,Severe,Not reported,,2010,213,,0,2,1,Exon,Mid,1,2,634762de-217e-4b41-906e-5c517269f58e,4.6,Caucasian,Prophylaxis,40,0
c.4880dupA,154157185,p.(His1627Glnfs*8),His1608Glnfs*8,Frameshift,Duplication,14,1608,B,Heavy chain,N,,,,X,Not reported,Not reported,,2011,219,,0,,1,Exon,Mid,1,,d87776cf-36a1-45b8-95b3-057485731ec3,12.5,Caucasian,On-Demand,57,0
c.4895delT,154157170,p.(Ile1632Lysfs*10),Ile1613Lysfs*10,Frameshift,Deletion,14,1613,B,Heavy chain,N,X,,,,Severe,No,,2008,175,,0,2,1,Exon,Mid,1,2,d48a9c74-ab74-4bf4-8859-9ec2e6871fe0,5.3,Caucasian,On-Demand,33,1
c.4895dupT,154157170,p.(Asn1633Lysfs*2),Asn1614Lysfs*2,Frameshift,Duplication,14,1614,B,Heavy chain,N,X,,,,Severe,No,,2004,139,,0,2,1,Exon,Mid,1,2,a805b78f-de51-44cc-aa94-77599ac5cbf1,6.7,Caucasian,Prophylaxis,63,0
c.4899delT,154157166,p.(Asn1633Lysfs*9),Asn1614Lysfs*9,Frameshift,Deletion,14,1614,B,Heavy chain,N,X,,,,Severe,Yes,,2006,160,,1,2,1,Exon,Mid,1,2,1802ae60-cc10-4d3f-adcf-b2393cca25a6,5.8,Caucasian,Prophylaxis,69,0
c.4900G>T,154157165,p.(Glu1634*),Glu1615*,Nonsense,Substitution,14,1615,B,Heavy chain,N,X,,,,Severe,No,,1992,49,,0,2,1,Exon,Mid,4,8,1c7acf16-6a7d-41fb-ae08-86c22dce8f53,6.7,Asian,Prophylaxis,60,0
c.4901delA,154157164,p.(Glu1634Glyfs*8),Glu1615Glyfs*8,Frameshift,Deletion,14,1615,B,Heavy chain,N,X,,,,Severe,Yes,,2012,231,,1,2,1,Exon,Mid,1,2,f990ff32-8a74-43fe-94b5-ce34fc8b4b7d,2.5,Caucasian,Prophylaxis,21,0
c.4906C>T,154157159,p.(Gln1636*),Gln1617*,Nonsense,Substitution,14,1617,B,Heavy chain,N,X,,,,Severe,No,,0,0,,0,2,1,Exon,Mid,4,8,79d3c082-9eb4-4fef-964e-de7e76eb917e,3.8,Asian,Prophylaxis,29,0
c.4911dupT,154157154,p.(Lys1638*),Lys1619*,Frameshift,Duplication,14,1619,B,Heavy chain,N,X,,,,Severe,No,,2011,218,,0,2,1,Exon,Mid,1,2,3b3e229b-1a1a-4424-8cc2-20de70812f86,3.8,Black,Prophylaxis,43,0
c.4918G>T,154157147,p.(Glu1640*),Glu1621*,Nonsense,Substitution,14,1621,B,Heavy chain,N,X,,,,Severe,No,,1998,84,,0,2,1,Exon,Mid,4,8,debd5326-1162-4fd6-9475-51875a68d3d7,5.9,Asian,Prophylaxis,72,1
c.4922dupT,154157143,p.(Glu1642Argfs*9),Glu1623Argfs*9,Frameshift,Duplication,14,1623,B,Heavy chain,N,X,X,,,Moderate/Severe,Not reported,,2008,"183, 186",,0,,1,Exon,Mid,1,,723923be-fc2e-4b4b-a681-83471b1ece1a,18.3,Caucasian,Prophylaxis,169,0
c.4924G>T,154157141,p.(Glu1642*),Glu1623*,Nonsense,Substitution,14,1623,B,Heavy chain,N,X,,,,Severe,Not reported,,2021,330,X,0,2,1,Exon,Mid,4,8,456fd330-93e2-424b-8b1b-02e4a1dbf47e,2,Caucasian,Prophylaxis,28,0
c.4925A>G,154157140,p.(Glu1642Gly),Glu1623Gly,Missense,Substitution,14,1623,B,Heavy chain,N,,X,,,Moderate,Not reported,,2014,262,,0,1,0,Exon,Mid,0,0,f3ef957d-b9c6-4086-8105-db9f005b964b,7.5,Hispanic,Prophylaxis,75,0
c.4926delA,154157139,p.(Val1643Serfs*20),Val1624Serfs*20,Frameshift,Deletion,14,1624,B,Heavy chain,Y,X,,,,Severe,No,,2001,119,,0,2,1,Exon,Mid,1,2,d44c7dc9-8a58-4454-b228-f9c7d4870fe0,5.2,Black,Prophylaxis,51,0
c.4934G>A,154157131,p.(Trp1645*),Trp1626*,Nonsense,Substitution,14,1626,B,Heavy chain,N,X,,,,Severe,Yes,,2006,160,,1,2,1,Exon,Mid,4,8,9bdd47af-6b5d-481b-a3a5-1a2608f19e1a,5.4,Black,Prophylaxis,47,0
c.4935G>A,154157130,p.(Trp1645*),Trp1626*,Nonsense,Substitution,14,1626,B,Heavy chain,N,X,,,,Severe,No,,1999,101,,0,2,1,Exon,Mid,4,8,26365b9d-2e8a-467e-a0af-87f9bae4df94,3,Caucasian,Prophylaxis,14,0
c.4936delG,154157129,p.(Ala1646Glnfs*17),Ala1627Glnfs*17,Frameshift,Deletion,14,1627,B,Heavy chain,N,X,,,,Severe,Yes,,2013,240,,1,2,1,Exon,Mid,1,2,cf8ac3d6-402e-45a2-afa9-933d8d4cbea1,5.5,Other,Prophylaxis,49,0
c.4942C>T,154157123,p.(Gln1648*),Gln1629*,Nonsense,Substitution,14,1629,B,Heavy chain,N,,X,,,Moderate,Not reported,,2008,181,,0,1,1,Exon,Mid,4,4,5e7fb41b-1e9b-42cf-a7da-5c4ea5118359,2.3,Caucasian,Prophylaxis,14,0
c.4946_4947del,154157118_154158119,p.(Gly1649Glufs*3),Gly1630Glufs*3,Frameshift,Deletion,14,1630,B,Heavy chain,N,X,,,,Severe,No,,2018,306,,0,2,1,Exon,Mid,1,2,31915c39-aab2-4ade-9a82-a9c4ec157e09,3.8,Other,Prophylaxis,54,0
c.4969C>T,154157096,p.(Gln1657*),Gln1638*,Nonsense,Substitution,14,1638,B,Heavy chain,N,X,,,,Severe,Not reported,,2013,249,,0,2,1,Exon,Mid,4,8,df0ffe60-457c-4c0a-a197-bdd3c87b348d,1.4,Caucasian,Prophylaxis,14,0
c.4972A>C,154157093,p.(Asn1658His),Asn1639His,Missense,Substitution,14,1639,B,Heavy chain,N,,,X,,Mild,Not reported,1 stage-2 stage assay discrepancy,2008,176,,0,0,0,Exon,Mid,0,0,aac00c39-75e5-4da5-b128-912ca47c24b7,4.1,Caucasian,On-Demand,24,0
c.4979C>T,154157086,p.(Pro1660Leu),Pro1641Leu,Missense,Substitution,14,1641,B,Heavy chain,N,X,,,,Severe,No,,2005,151,,0,2,0,Exon,Mid,0,0,39e60b41-f710-416a-a085-8e41350276cb,2.3,Caucasian,Prophylaxis,25,0
c.4981delG,154157084,p.(Val1661Serfs*2),Val1642Serfs*2,Frameshift,Deletion,14,1642,B,Heavy chain,N,X,,,,Severe,No,,2012,229,,0,2,1,Exon,Mid,1,2,4cd485c1-3d39-478b-afce-ba0a099a2bd4,3.9,Caucasian,Prophylaxis,39,0
c.4987A>T,154157078,p.(Lys1663*),Lys1644*,Nonsense,Substitution,14,1644,B,Heavy chain,N,X,,,,Severe,No,,2006,160,,0,2,1,Exon,Mid,4,8,373f97aa-4b6a-4eab-8a82-e501050f6905,7.4,Asian,Prophylaxis,77,0
c.4990C>T,154157075,p.(Arg1664Cys),Arg1645Cys,Missense,Substitution,14,1645,B,Heavy chain,N,,,X,,Mild,No,,2013,239,,0,0,0,Exon,Mid,0,0,724794ee-d719-4303-802f-29c2e0a51feb,20.9,Black,On-Demand,96,0
c.4991_4992dup,154157073_154157074,p.(His1665Alafs*6),His1646Alafs*6,Frameshift,Duplication,14,1646,B,Heavy chain,N,X,,,,Severe,Not reported,,2016,280,,0,2,1,Exon,Mid,1,2,ae954d2d-9937-4b2f-a5a4-affffecbd427,13.6,Asian,On-Demand,61,0
c.4991_4992insA,154157073_154157074,p.(His1665Profs*18),His1646Profs*18,Frameshift,Insertion,14,1646,B,Heavy chain,N,X,,,,Severe,Not reported,,2002,126,,0,2,1,Exon,Mid,1,2,30403658-b38f-4f60-80f1-24b18f9f862e,3.5,Asian,On-Demand,1,0
c.4991delG,154157074,p.(Arg1664Profs*6),Arg1645Profs*6,Frameshift,Deletion,14,1645,B,Heavy chain,N,X,,,,Severe,No,,2012,233,,0,2,1,Exon,Mid,1,2,e2069607-a490-40f8-b056-f304a1c77be5,1.5,Black,On-Demand,13,0
c.4996C>T,154157069,p.(Gln1666*),Gln1647*,Nonsense,Substitution,14,1647,B,Heavy chain,N,X,,,,Severe,No,,2012,232,,0,2,1,Exon,Mid,4,8,ad0e388a-a5c4-4f29-b09b-7d001986d50a,1.8,Asian,On-Demand,27,0
c.4998delA,154157067,p.(Gln1666Hisfs*4),Gln1647Hisfs*4,Frameshift,Deletion,14,1647,B,Heavy chain,N,X,,,,Severe,No,,2020,319,X,0,2,1,Exon,Mid,1,2,a9a9936c-a452-4a05-be7a-fe398af2e89e,5.3,Asian,Prophylaxis,60,0
c.4999delC,154157066,p.(Arg1667Glyfs*3),Arg1648Glyfs*3,Frameshift,Deletion,14,1648,a3,Heavy chain,N,,,,,Severe,No,,2003,136,,0,2,1,Exon,Mid,1,2,bd4ec7da-2c3d-49b5-8c1e-8a29cdd3266d,2.5,Black,Prophylaxis,20,0
c.5000G>A,154157065,p.(Arg1667Gln),Arg1648Gln,Missense,Substitution,14,1648,a3,Heavy chain,N,,,,X,Not reported,Not reported,,2011,219,,0,,0,Exon,Mid,0,,9c884eea-8b2b-402e-87f6-d3b1ff56f0cc,20.4,Black,On-Demand,101,0
c.5008_5012del,154157053_154157057,p.(Thr1670Tyrfs*11),Thr1651Tyrfs*11,Frameshift,Deletion,14,1651,a3,Heavy chain,N,X,,,,Severe,No,,2020,319,X,0,2,1,Exon,Mid,1,2,c3f763d5-3259-4fea-8aab-e10d151cff50,7.1,Caucasian,On-Demand,22,0
c.5010delT,154157055,p.(Arg1671Valfs*21),Arg1652Valfs*21,Frameshift,Deletion,14,1652,a3,Heavy chain,N,X,,,,Severe,No,,0,0,,0,2,1,Exon,Mid,1,2,a9f3e8f0-e7c2-4fa5-9e54-6157e0bfcbf0,3.3,Hispanic,Prophylaxis,15,0
c.5012G>A,154157053,p.(Arg1671His),Arg1652His,Missense,Substitution,14,1652,a3,Heavy chain,N,,,,,Severe,No,,2008,177,,0,2,0,Exon,Mid,0,0,da8dd17e-8ba1-470e-9d66-cf7913567fc0,7.7,Black,Prophylaxis,82,0
c.5016delinsGG,154157049,p.(Thr1673Aspfs*10),Thr1654Aspfs*10,Frameshift,Deletion/insertion,14,1654,a3,Heavy chain,N,X,,,,Severe,Yes,,2020,319,X,1,2,1,Exon,Mid,1,2,aefd25fc-a97b-417a-a1f2-1d205eef0dd0,1.9,Caucasian,Prophylaxis,14,0
c.5019delT,154157046,p.(Leu1674Phefs*18),Leu1655Phefs*18,Frameshift,Deletion,14,1655,a3,Heavy chain,N,X,,,,Severe,Yes,,2013,240,,1,2,1,Exon,Mid,1,2,f5771b96-328b-4a7e-9126-7bf39aac3ffc,3.2,Hispanic,Prophylaxis,43,1
c.5023C>T,154157042,p.(Gln1675*),Gln1656*,Nonsense,Substitution,14,1656,a3,Heavy chain,N,X,,,,Severe,No,,2009,191,,0,2,1,Exon,Mid,4,8,567e3bac-127c-43fe-8262-cf2cf417b3e4,3.4,Caucasian,Prophylaxis,26,0
c.5023delC,154157042,p.(Gln1675Serfs*17),Gln1656Serfs*17,Frameshift,Deletion,14,1656,a3,Heavy chain,N,,,,X,Not reported,Not reported,,2021,332,X,0,,1,Exon,Mid,1,,baa4690d-79da-4b1d-a59f-3f7b2ffeb5fa,22.6,Hispanic,On-Demand,122,0
c.5032C>T,154157033,p.(Gln1678*),Gln1659*,Nonsense,Substitution,14,1659,a3,Heavy chain,N,X,,,,Severe,Yes,,2020,319,X,1,2,1,Exon,Mid,4,8,66cbe264-e06f-42d5-8637-2d87de7b80f2,1.3,Hispanic,Prophylaxis,13,1
c.5035G>T,154157030,p.(Glu1679*),Glu1660*,Nonsense,Substitution,14,1660,a3,Heavy chain,N,X,,,,Severe,Yes,,2020,319,X,1,2,1,Exon,Mid,4,8,52dde4dd-35d5-48a0-9fe2-2d31490d7f12,5,Caucasian,Prophylaxis,37,0
c.5038G>T,154157027,p.(Glu1680*),Glu1661*,Nonsense,Substitution,14,1661,a3,Heavy chain,N,,,,,Severe,Yes,,2006,158,,1,2,1,Exon,Mid,4,8,7252f864-fcc3-4086-9be3-07db0dca80ea,2.7,Caucasian,On-Demand,20,0
c.5041delA,154157024,p.(Ile1681Leufs*11),Ile1662Leufs*11,Frameshift,Deletion,14,1662,a3,Heavy chain,Y,X,,,,Severe,Not reported,,2012,224,,0,2,1,Exon,Mid,1,2,66cd76a4-5e99-40fd-9014-be868a14dd3e,2.4,Asian,Prophylaxis,20,0
c.5046delC,154157019,p.(Tyr1683Metfs*9),Tyr1664Metfs*9,Frameshift,Deletion,14,1664,a3,Heavy chain,N,X,,,,severe,Not reported,,2021,333,X,0,,1,Exon,Mid,1,,e366dc93-9275-44b6-9627-22b41282f4be,24.4,Hispanic,On-Demand,118,0
c.5048_5049delAT,154157016_154157017,p.(Tyr1683*),Tyr1664*,Frameshift,Deletion,14,1664,a3,Heavy chain,N,X,,,,Severe,Not reported,,2016,280,,0,2,1,Exon,Mid,1,2,a5fb1453-afa6-432f-867d-003d3fc3f83e,9.2,Asian,Prophylaxis,86,0
c.5058_5059del,154157006_154157007,p.(Val1689*),Val1670*,Nonsense,Deletion,14,1670,a3,Heavy chain,N,X,,,,Severe,No,,2020,319,X,0,2,1,Exon,Mid,4,8,72678330-44be-4bdf-b30e-9b0a3564a1a0,9.1,Black,On-Demand,28,1
c.5059_5070delinsTG,154156995_154157006,p.(Ile1687*),Ile1668*,Frameshift,Deletion/Insertion,14,1668,a3,Heavy chain,N,X,,,,Severe,No,,0,0,,0,2,1,Exon,Mid,1,2,d8ff15e5-bb5e-4f6a-b5ed-c90415db9c71,6.5,Hispanic,Prophylaxis,57,0
c.5061_5062delAT,154157003_154157004,p.(Val1689*),Val1670*,Nonsense,Deletion,14,1670,a3,Heavy chain,,,X,,,Moderate,Not reported,,2021,333,X,0,1,1,Exon,Mid,4,4,831603d6-cc93-40c4-8506-cc80409e76a2,2.6,Asian,Prophylaxis,34,0
c.5061_5072del,154156993_154157004,p.(Ile1687_Glu1690del),Ile1668_Glu1671del,"Small structural change (in-frame, <50 bp)",Deletion,14,1668-1671,a3,Light chain,N,,X,,,Moderate,Not reported,,2013,249,,0,1,0,Exon,Mid,5,5,d875861d-2555-4741-b997-4f5f6a3b05ff,8.3,Asian,Prophylaxis,79,0
c.5063C>G,154157002,p.(Ser1688*),Ser1669*,Nonsense,Substitution,14,1669,a3,Heavy chain,N,,,,X,Severe,Not reported,,0,0,,0,2,1,Exon,Mid,4,8,b113b88f-d59f-4478-9288-ef4461a0eca7,2.3,Caucasian,Prophylaxis,6,0
c.5063C>T,154157002,p.(Ser1688Leu),Ser1669Leu,Missense,Substitution,14,1669,a3,Heavy chain,N,,X,,,Moderate,Not reported,,2008,"183, 186",,0,1,0,Exon,Mid,0,0,e42d6195-fca0-4b56-bdff-0760ff1ebdb6,2.4,Caucasian,Prophylaxis,25,0
c.5069_5073del,154156992_154156996,p.(Met1691Glufs*5),Met1672Glufs*5,Frameshift,Deletion,14,1671,a3,Heavy chain,Y,X,,,,Severe,No,,1998,84,,0,2,1,Exon,Mid,1,2,d95863c1-0ab1-417d-9ffc-93e8283bc342,1.6,Caucasian,Prophylaxis,31,0
c.5078delA,154156987,p.(Lys1693Argfs*38),Lys1674Argfs*38,Frameshift,Deletion,14,1674,a3,Heavy chain,Y,X,,,,Severe,Yes,,2012,227,,1,2,1,Exon,Mid,1,2,35a0a074-4abf-4710-9ca8-2991a72eb27b,8.6,Black,On-Demand,42,1
c.5080G>T,154156985,p.(Glu1694*),Glu1675*,Nonsense,Substitution,14,1675,a3,Heavy chain,N,X,,,,Severe,Not reported,,2014,256,,0,2,1,Exon,Mid,4,8,28fe5c10-c8fb-4c98-af7e-9c95113b286c,9.9,Caucasian,On-Demand,59,0
c.5084_5087del,154156978_15415981,p.(Asp1695Valfs*35),Asp1676Valfs*35,Frameshift,Deletion,14,1676,a3,Heavy chain,N,X,,,,Severe,No,,2017,288,,0,2,1,Exon,Mid,1,2,46780347-89e2-4851-9941-d9da11f6ad84,2.5,Caucasian,Prophylaxis,37,0
c.5085T>G,154156979,p.(Asp1695Glu),Asp1676Glu,Missense,Substitution,14,1676,a3,Heavy chain,,,X,,,Moderate,Not reported,,2013,249,X,0,1,0,Exon,Mid,0,0,69162816-27e5-48e8-aec3-9e5b36af81ea,10.6,Caucasian,Prophylaxis,99,0
c.5087T>C,154156978,p.(Phe1696Ser),Phe1677Ser,Missense,Substitution,14,1677,a3,Heavy chain,N,,,X,,Mild,No,,2010,203,,0,0,0,Exon,Mid,0,0,741ff08a-a93b-4758-9a7e-139af904d23a,9.5,Other,On-Demand,47,0
c.5088dupT,154156977,p.(Asp1697*),Asp1678*,Frameshift,Duplication,14,1678,a3,Heavy chain,N,X,,,,Severe,Not reported,,2010,211,,0,2,1,Exon,Mid,1,2,6748e77b-f68a-429a-a3d5-a3d7c352af91,2.9,Asian,On-Demand,25,1
c.5093T>C,154156972,p.(Ile1698Thr),Ile1679Thr,Missense,Substitution,14,1679,a3,Heavy chain,N,,,X,,Mild,No,,1998,"0, 87",,0,0,0,Exon,Mid,0,0,4ffe99bb-0d7d-4b90-9028-76605f7578a5,24.7,Black,On-Demand,126,0
c.5096A>C,154156969,p.(Tyr1699Ser),Tyr1680Ser,Missense,Substitution,14,1680,a3,Heavy chain,N,,,X,,Mild,Not reported,,2014,256,,0,0,0,Exon,Mid,0,0,dc10d8a4-92c4-4646-a283-f210e56d87ff,21.2,Asian,On-Demand,98,0
c.5096A>G,154156969,p.(Tyr1699Cys),Tyr1680Cys,Missense,Substitution,14,1680,a3,Heavy chain,N,,,,X,Not reported,Not reported,Sulphated Tyr/vWF binding,1997,78,,0,,0,Exon,Mid,0,,89a3a602-396f-4c20-8a74-d469b11509d3,24.8,Asian,On-Demand,111,0
c.5096A>T,154156969,p.(Tyr1699Phe),Tyr1680Phe,Missense,Substitution,14,1680,a3,Heavy chain,N,,,X,,Mild,No,Sulphated Tyr/vWF binding,1990,27,,0,0,0,Exon,Mid,0,0,6fbd0f63-fd77-4ab5-aa99-dde758365842,19,Other,On-Demand,89,0
c.5097T>G,154156968,p.(Tyr1699*),Tyr1680*,Nonsense,Substitution,14,1680,a3,Heavy chain,N,X,,,,Severe,Yes,,2022,348,X,1,2,1,Exon,Mid,4,8,cf640a58-307c-4076-9646-3093a047f895,3.4,Asian,Prophylaxis,20,1
c.5101G>A,154156964,p.(Glu1701Lys),Glu1682Lys,Missense,Substitution,14,1682,a3,Heavy chain,N,,,X,,Mild,No,,2001,"0, 120",,0,0,0,Exon,Mid,0,0,932322f1-c2c6-47c8-9348-8481d6d95c38,28.5,Caucasian,On-Demand,145,0
c.5110_5111dup,154156954_154156955,p.(Asn1704Lysfs*28),Asn1685Lysfs*28,Frameshift,Duplication,14,1685,a3,Heavy chain,Y,X,,,,Severe,Yes,,2012,231,,1,2,1,Exon,Mid,1,2,5001b6fb-3420-45f4-b1b5-36e0a5e658c9,2.2,Caucasian,Prophylaxis,40,0
c.5111delA,154156954,p.(Asn1704Ilefs*27),Asn1685Ilefs*27,Frameshift,Deletion,14,1685,a3,Heavy chain,N,,X,,,Moderate,No,,2022,342,X,0,1,1,Exon,Mid,1,1,23d5f608-74bc-4880-bc4a-0e737ae11ecf,3.1,Black,Prophylaxis,11,0
c.5112_5113dup,154156952_154156953,p.(Gln1705Leufs*27),Gln1686Leufs*27,Frameshift,Duplication,14,1686,a3,Heavy chain,N,,X,,,Moderate/Severe,No,,0,0,,0,,1,Exon,Mid,1,,5d356792-2022-4de3-9aa7-fa3acf79c32f,23.6,Asian,On-Demand,140,0
c.5113C>T,154156952,p.(Gln1705*),Gln1686*,Nonsense,Substitution,14,1686,a3,Heavy chain,N,X,X,,,Severe,Not reported,,1990,"0, 27",,0,2,1,Exon,Mid,4,8,aa83eca5-b6a0-4c36-8e5d-a11c9d88ef85,4.3,Caucasian,Prophylaxis,51,0
c.5120C>G,154156945,p.(Pro1707Arg),Pro1688Arg,Missense,Substitution,14,1688,a3,Heavy chain,N,,X,,,Moderate,No,,2012,233,,0,1,0,Exon,Mid,0,0,0d4ff6cc-444c-4ea4-82cd-1253fcaf4cc2,4.8,Hispanic,Prophylaxis,50,0
c.5122C>A,154156943,p.(Arg1708Ser),Arg1689Ser,Missense,Substitution,14,1689,a3,Heavy chain,N,,,X,,Mild,Not reported,,2013,249,,0,0,0,Exon,Mid,0,0,9b4adec5-f79d-450a-a3f7-e4b9c75a6fc6,24.3,Caucasian,On-Demand,124,0
c.5122delC,154156943,p.(Arg1708Alafs*23),Arg1689Alafs*23,Frameshift,Deletion,14,1689,a3,Heavy chain,N,X,,,,Severe,No,,0,0,,0,2,1,Exon,Mid,1,2,b5cb4835-b003-4a98-bfdc-6fde453eccff,2.7,Caucasian,Prophylaxis,25,0
c.5123G>A,154156942,p.(Arg1708His),Arg1689His,Missense,Substitution,14,1689,a3,Heavy chain,N,,,X,,Mild,No,Thrombin activation site; 1-stage/2-stage assay discrepancy ,1991,40,,0,0,0,Exon,Mid,0,0,49733382-b5da-4e7a-bf26-4c693c060efb,16.4,Hispanic,Prophylaxis,174,0
c.5123G>T,154156942,p.(Arg1708Leu),Arg1689Leu,Missense,Substitution,14,1689,a3,Heavy chain,N,,X,,,Moderate,No,,2006,158,,0,1,0,Exon,Mid,0,0,c7840dc2-c257-45cf-9fd6-50d88fad6484,5.5,Caucasian,Prophylaxis,53,0
c.5125delA,154156940,p.(Ser1709Alafs*22),Ser1690Alafs*22,Frameshift,Deletion,14,1690,A3,Light chain,N,X,,,,Severe,No,,2004,139,,0,2,1,Exon,Mid,1,2,05a1d1b9-0d20-4268-bfd8-697125c167a5,3.2,Caucasian,Prophylaxis,12,1
c.5127C>A,154156938,p.(Ser1709Arg),Ser1690Arg,Missense,Substitution,14,1690,A3,Light chain,N,,,X,,Mild,No,,0,0,,0,0,0,Exon,Mid,0,0,dfeb4820-49fe-4bcf-8110-954b93d5e924,32.8,Caucasian,On-Demand,152,0
c.5131C>T,154156934,p.(Gln1711*),Gln1692*,Nonsense,Substitution,14,1692,A3,Light chain,N,X,,,,Severe,Not reported,,2013,249,,0,2,1,Exon,Mid,4,8,376329f8-2d07-4758-9a85-f2bf15a533b3,11.3,Asian,Prophylaxis,120,0
c.5132A>C,154156933,p.(Gln1711Pro),Gln1692Pro,Missense,Substitution,14,1692,A3,Light chain,N,,,X,,Mild,Not reported,,2013,245,,0,0,0,Exon,Mid,0,0,d67fde52-f1e9-43cc-8d51-149144835116,24.2,Black,On-Demand,127,0
c.5136_5140delGAAAA,154156925_154156929,p.(Lys1712Asnfs*19),Lys1693Asnfs*19,Frameshift,Deletion,14,1693,A3,Light chain,N,X,,,,Severe,Yes,,2022,348,X,1,2,1,Exon,Mid,1,2,758c5a28-2e04-48f2-9819-e36e8f9fde6d,5.6,Caucasian,On-Demand,34,0
c.5136G>C,154156929,p.(Lys1712Asn),Lys1693Asn,Missense,Substitution,14,1693,A3,Light chain,N,,,X,,Mild,Not reported,,2021,333,X,0,0,0,Exon,Mid,0,0,1f2ae134-c3c1-4e74-b0c4-c3b5d7db3ae8,11.2,Caucasian,Prophylaxis,107,0
c.5136G>T,154156929,p.(Lys1712Asn),Lys1693Asn,Missense,Substitution,14,1693,A3,Light chain,N,,X,,,Moderate,Not reported,,2016,280,,0,1,0,Exon,Mid,0,0,312597a8-db97-46a8-95a0-3dc9055a3dfc,2.4,Asian,Prophylaxis,50,0
c.5140A>G,154156925,p.(Thr1714Ala),Thr1695Ala,Missense,Substitution,14,1695,A3,Light chain,N,,,X,,Mild,Not reported,,2013,249,,0,0,0,Exon,Mid,0,0,3b682e35-a891-4b3a-8a17-52a398059ec5,36.7,Caucasian,Prophylaxis,370,0
c.5140A>T,154156925,p.(Thr1714Ser),Thr1695Ser,Missense,Substitution,14,1695,A3,Light chain,N,,X,,,Moderate,No,,2002,128,,0,1,0,Exon,Mid,0,0,ba871b87-fa63-4454-842e-69cef5956038,2.5,Asian,On-Demand,11,0
c.5140delA,154156925,p.(Thr1714Hisfs*17),Thr1695Hisfs*17,Frameshift,Deletion,14,1695,A3,Light chain,Y,,,,X,Not reported,Not reported,Poly A Deletion,2005,145,,0,,1,Exon,Mid,1,,6b252c2b-4498-4b71-b9b0-6f4ee02dedf3,16.8,Caucasian,On-Demand,99,0
c.5141C>G,154156924,p.(Thr1714Arg),Thr1695Arg,Missense,Substitution,14,1695,A3,Light chain,N,,,X,,Mild,No,,2008,180,,0,0,0,Exon,Mid,0,0,c552ac19-9762-4755-a755-88d0bbdec63b,11,Black,On-Demand,67,1
c.5142_5144del,154156921_154156923,p.(Arg1715del),Arg1696del,"Small structural change (in-frame, <50 bp)",Deletion,14,1696,A3,Light chain,N,,X,,,Moderate/Severe,Yes,,2006,157,,1,,0,Exon,Mid,5,,43e026af-a400-4c6a-8264-936f8c45a3f4,14.2,Black,On-Demand,69,0
c.5143C>G,154156922,p.(Arg1715Gly),Arg1696Gly,Missense,Substitution,14,1696,A3,Light chain,N,X,,,,Severe,No,,1992,52,,0,2,0,Exon,Mid,0,0,dc5127d0-0a5d-4bce-9f83-558b9627436b,2.2,Caucasian,Prophylaxis,22,0
c.5143C>T,154156922,p.(Arg1715*),Arg1696*,Nonsense,Substitution,14,1696,A3,Light chain,N,X,,,,Severe,Yes,,1990,33,,1,2,1,Exon,Mid,4,8,4e439470-dffd-4047-8520-198c4f0a1146,0.9,Caucasian,Prophylaxis,3,1
c.5144G>A,154156921,p.(Arg1715Gln),Arg1696Gln,Missense,Substitution,14,1696,A3,Light chain,N,,,,X,Mild/Moderate,No,,2005,152,,0,,0,Exon,Mid,0,,914c0695-6e39-44c3-8067-18d5d0266d95,9.7,Asian,On-Demand,51,0
c.5144G>C,154156921,p.(Arg1715Pro),Arg1696Pro,Missense,Substitution,14,1696,A3,Light chain,N,,X,,,Moderate,No,,2006,157,,0,1,0,Exon,Mid,0,0,cfaf984e-aba8-4b9b-a4b5-ed21ab5539b1,6.4,Black,Prophylaxis,56,0
c.5145_5152dup,154156913_154156920,p.(Phe1718Tyrfs*16),Phe1699Tyrfs*16,Frameshift,Duplication,14,1699,A3,Light chain,N,X,,,,Severe,Yes,,2012,233,,1,2,1,Exon,Mid,1,2,8dfb9759-886d-4592-a15f-d150439d7b4e,6.3,Black,Prophylaxis,70,0
c.5146C>A,154156919,p.(His1716Asn),His1697Asn,Missense,Substitution,14,1697,A3,Light chain,N,,,X,,Mild,No,,2013,239,,0,0,0,Exon,Mid,0,0,4fbab8c8-fdca-4933-87f2-49aeb07dc80d,22.8,Asian,On-Demand,105,0
c.5147delA,154156918,p.(His1716Profs*15),His1697Profs*15,Frameshift,Deletion,14,1697,A3,Light chain,N,X,,,,Severe,Yes,,2016,282,,1,2,1,Exon,Mid,1,2,494b6e45-18a3-4020-b568-e31f0495e4d6,5.2,Caucasian,Prophylaxis,42,0
c.5150A>G,154156915,p.(Tyr1717Cys),Tyr1698Cys,Missense,Substitution,14,1698,A3,Light chain,N,X,,,,Severe,Yes,,0,0,,1,2,0,Exon,Mid,0,0,3c4d419b-645d-43d5-b927-3d49c590972a,5,Caucasian,Prophylaxis,66,1
c.5151T>G,154156914,p.(Tyr1717*),Tyr1698*,Nonsense,Substitution,14,1698,A3,Light chain,N,X,,,,Severe,No,,2012,233,,0,2,1,Exon,Mid,4,8,65596a8d-3078-4451-8cd5-345e83340370,1.7,Asian,Prophylaxis,17,1
c.5152_5153insACACTAT,154156912_154156913,p.(Phe1718Tyrfs*17),Phe1699Tyrfs*17,Frameshift,Insertion,14,1699,A3,Light chain,N,X,,,,Severe,Not reported,,2021,333,X,0,2,1,Exon,Mid,1,2,70e7592f-1d76-4fd8-b508-d93d04fd3c5c,3.3,Caucasian,Prophylaxis,18,0
c.5153_5157del,154156908_154156912,p.(Phe1718Cysfs*13),Phe1699Cysfs*13,Frameshift,Deletion,14,1699,A3,Light chain,N,X,,,,Severe,Yes,,2012,227,,1,2,1,Exon,Mid,1,2,620a6f2e-a231-4c43-88ff-a008080c2085,2,Other,Prophylaxis,12,0
c.5154T>A,154156911,p.(Phe1718Leu),Phe1699Leu,Missense,Substitution,14,1699,A3,Light chain,N,,,X,,Mild,Not reported,,2009,189,,0,0,0,Exon,Mid,0,0,c0ca84da-cc21-4bdc-9e6f-4268ac906ad0,4.4,Caucasian,On-Demand,14,0
c.5158G>A,154156907,p.(Ala1720Thr),Ala1701Thr,Missense,Substitution,14,1701,A3,Light chain,N,,,X,,Mild,No,,2008,180,,0,0,0,Exon,Mid,0,0,9e34e560-e06d-405c-8d41-a72e54ee4ba0,2,Caucasian,On-Demand,1,0
c.5159C>A,154156906,p.(Ala1720Asp),Ala1701Asp,Missense,Substitution,14,1701,A3,Light chain,N,X,,,,Severe,No,,2006,157,,0,2,0,Exon,Mid,0,0,50124b20-ed15-48ea-8c54-ef50d7e50327,3.1,Caucasian,Prophylaxis,23,1
c.5159C>T,154156906,p.(Ala1720Val),Ala1701Val,Missense,Substitution,14,1701,A3,Light chain,N,,,,X,Not reported,Not reported,,2007,164,,0,,0,Exon,Mid,0,,8eb76590-ba38-4e9c-b24f-d88fe805d76f,12.4,Caucasian,On-Demand,71,0
c.5167G>A,154156898,p.(Glu1723Lys),Glu1704Lys,Missense,Substitution,14,1704,A3,Light chain,N,X,,,,Severe,Not reported,,1991,39,,0,2,0,Exon,Mid,0,0,71e6897c-c5e1-40d9-96b0-dc33a88275cb,5,Black,Prophylaxis,53,0
c.5167G>T,154156898,p.(Glu1723*),Glu1704*,Nonsense,Substitution,14,1704,A3,Light chain,N,X,,,,Severe,Not reported,,2016,280,,0,2,1,Exon,Mid,4,8,c485dd07-6e88-492e-ab00-36af91131aed,6,Caucasian,Prophylaxis,64,0
c.5168A>G,154156897,p.(Glu1723Gly),Glu1704Gly,Missense,Substitution,14,1704,A3,Light Chain,N,,X,,,Moderate,Not reported,,2010,211,,0,1,0,Exon,Mid,0,0,73433ae0-9fe5-440b-a5c8-32dc67c1c19c,6.8,Black,Prophylaxis,60,0
c.5176T>C,154156889,p.(Trp1726Arg),Trp1707Arg,Missense,Substitution,14,1707,A3,Light chain,N,X,,,,Severe,Not reported,,2008,"183, 186",,0,2,0,Exon,Mid,0,0,efd67fdb-21ab-45d2-ba2e-1d17a18875e8,2.8,Caucasian,Prophylaxis,13,0
c.5177G>A,154156888,p.(Trp1726*),Trp1707*,Nonsense,Substitution,14,1707,A3,Light chain,N,X,,,,Severe,Yes,,0,0,,1,2,1,Exon,Mid,4,8,3bfffe99-9987-4e28-9833-7700c208a9ea,1.9,Hispanic,Prophylaxis,52,0
c.5177G>C,154156888,p.(Trp1726Ser),Trp1707Ser,Missense,Substitution,14,1707,A3,Light Chain,N,X,,,,Severe,Yes,,2010,212,,1,2,0,Exon,Mid,0,0,df2e5f04-bf5e-4e33-be3d-b7130d9eabb8,5.4,Caucasian,Prophylaxis,53,1
c.5177G>T,154156888,p.(Trp1726Leu),Trp1707Leu,Missense,Substitution,14,1707,A3,Light chain,N,,,,X,Not reported,Yes,,2014,258,,1,,0,Exon,Mid,0,,25b58d17-674b-4254-b0ca-3b5cc6dd7322,9.8,Caucasian,On-Demand,61,0
c.5178G>A,154156887,p.(Trp1726*),Trp1707*,Nonsense,Substitution,14,1707,A3,Light chain,N,,,,X,Severe,Not reported,,0,0,,0,2,1,Exon,Mid,4,8,c6cfebc5-7996-48dd-a562-3da67eaf39d9,5.1,Asian,Prophylaxis,56,0
c.5178G>C,154156887,p.(Trp1726Cys),Trp1707Cys,Missense,Substitution,14,1707,A3,Light chain,N,X,,,,Severe,Yes,,2012,227,,1,2,0,Exon,Mid,0,0,40dc7ac7-1e82-4ab7-9f4a-31f8252265f3,1.4,Caucasian,On-Demand,26,0
c.5178G>T,154156887,p.(Trp1726Cys),Trp1707Cys,Missense,Substitution,14,1707,A3,Light chain,N,X,,,,Severe,Not reported,,2016,280,,0,2,0,Exon,Mid,0,0,ff22e781-be53-4764-b3c4-f20ba7a7d481,5.1,Caucasian,Prophylaxis,51,1
c.5180A>T,154156885,p.(Asp1727Val),Asp1708Val,Missense,Substitution,14,1708,A3,Light chain,N,,,X,,Mild,Not reported,,2002,127,,0,0,0,Exon,Mid,0,0,bd72d693-e9f1-4d56-bb5d-c8653fadd777,9.4,Black,On-Demand,44,0
c.5182T>C,154156883,p.(Tyr1728His),Tyr1709His,Missense,Substitution,14,1709,A3,Light chain,N,X,,,,Severe,Yes,,2010,209,,1,2,0,Exon,Mid,0,0,af767997-574a-4d86-b677-aa91c57efafd,5.8,Caucasian,Prophylaxis,50,1
c.5183A>G,154156882,p.(Tyr1728Cys),Tyr1709Cys,Missense,Substitution,14,1709,A3,Light chain,N,X,,,,Severe,No,,1990,34,,0,2,0,Exon,Mid,0,0,4c4b67ca-88f6-42c4-9755-92840a7e4b85,1,Asian,Prophylaxis,9,1
c.5184T>A,154156881,p.(Tyr1728*),Tyr1709*,Nonsense,Substitution,14,1709,A3,Light chain,N,X,,,,Severe,No,,2004,139,,0,2,1,Exon,Mid,4,8,0c80e80b-ab78-4ef9-ab5c-16329885cf18,7,Caucasian,Prophylaxis,74,0
c.5185G>T,154156880,p.(Gly1729Trp),Gly1710Trp,Missense,Substitution,14,1710,A3,Light chain,N,,,X,,Mild,Not reported,,2018,293,,0,0,0,Exon,Mid,0,0,63d048c3-0f1a-4321-b5cf-abdc91990f43,14.7,Black,On-Demand,76,1
c.5186G>A,154156879,p.(Gly1729Glu),Gly1710Glu,Missense,Substitution,14,1710,A3,Light chain,N,,,X,,Mild,Not reported,,2009,189,,0,0,0,Exon,Mid,0,0,7c7d0a52-609f-4f14-a100-6f1c5b241fa6,9.8,Asian,On-Demand,55,0
c.5187delG,154156878,p.(Met1730*),Met1711*,Frameshift,Deletion,14,1711,A3,Light chain,N,X,,,,Severe,No,,2011,218,,0,2,1,Exon,Mid,1,2,545da37d-fd7b-4ae4-b21a-d0e5b3645f3c,3.2,Hispanic,On-Demand,21,1
c.5188A>G,154156877,p.(Met1730Val),Met1711Val,Missense,Substitution,14,1711,A3,Light chain,N,X,,,,Severe,No,,2010,209,,0,2,0,Exon,Mid,0,0,6ef62fbd-d072-490a-b366-bf5841c95ac2,0.7,Caucasian,Prophylaxis,8,0
c.5201dupC,154156864,p.(His1735Thrfs*25),His1716Thrfs*25,Frameshift,Duplication,14,1716,A3,Light chain,N,X,,,,Severe,Not reported,,2016,280,,0,2,1,Exon,Mid,1,2,9604f7f9-fb7b-4141-8e72-4a9d2ad6629a,2.2,Hispanic,Prophylaxis,15,0
c.5212delA,154156853,p.(Arg1738Glufs*34),Arf1719Glufs*34,Frameshift,Deletion,14,1719,A3,Light chain,N,X,,,,Severe,Not reported,,2016,280,,0,2,1,Exon,Mid,1,2,0efbb4e5-026c-4566-aa00-ff05b17b5dc7,1.7,Black,Prophylaxis,9,0
c.5213_5216del,154156849_154156852,p.(Arg1738Thrfs*33),Arg1719Thrfs*33,Frameshift,Deletion,14,1719,A3,Light chain,N,X,,,,Severe,No,,2004,139,,0,2,1,Exon,Mid,1,2,8cf15b0d-47b6-473a-83ce-fa16fde8b828,9.5,Caucasian,Prophylaxis,99,0
c.5213delG,154156852,p.(Arg1738Lysfs*34),Arg1719Lys*34,Frameshift,Deletion,14,1719,A3,Light chain,N,X,,,,Severe,No,,2017,284,,0,2,1,Exon,Mid,1,2,a2c04c97-a59a-4149-b404-6a08666cb600,4.5,Hispanic,Prophylaxis,41,0
c.5217C>T,154156848,p.(=),0,Synonymous,Substitution,14,1720,A3,Light chain,N,,,X,,Mild,Not reported,,0,0,,0,0,0,Exon,Mid,2,0,54d264b2-7407-4de4-8bd3-6ba1937c6d61,23.4,Caucasian,On-Demand,113,0
c.5218A>G,154156847,p.(Arg1740Gly),Arg1721Gly,Missense,Substitution,14,1721,A3,Light chain,N,,,X,,Mild,Not reported,,2002,127,,0,0,0,Exon,Mid,0,0,3046d25a-59d7-4916-9d28-6f1c1da6b034,17.6,Other,On-Demand,54,0
c.5219G>A,154156846,p.(Arg1740Lys),Arg1721Lys,Missense,Substitution,14,1721,A3,Light chain,N,X,,,,Severe,No,,2018,301,,0,2,0,Exon,Mid,0,0,9cfa1165-5744-4940-b406-a2ced2598f46,2.5,Caucasian,On-Demand,9,0
c.5219G>T,154156846,p.(Arg1740Met),Arg1721Met,Missense,Substitution,14,1721,A3,Light chain,N,X,X,,,Severe,No,,2006,"157, 158, 160",,0,2,0,Exon,Mid,0,0,6366a8cf-1c86-49ae-bc6c-1eb5b848219e,4.8,Asian,Prophylaxis,46,1
c.[5219+1_5220-1del;5373+1_5374-1del],154090142_154134849,,,Large structural change (>50 bp),Deletion,15,,A3,single domain,N,,X,,,Moderate,No,,2022,342,X,0,1,0,Exon,Mid,3,3,9ae1bfda-c594-4d22-b307-bae098f8a10c,8.3,Asian,Prophylaxis,77,0
c.5220-?_5373+?del,154134695_154134848,,,Large structural change (>50 bp),Deletion,15,,A3,single domain,N,,,,X,Severe,Not reported,,1991,41,,0,2,0,Exon,Mid,3,6,be8520a5-111f-4c16-ac77-d7040cb1d1ac,5.1,Caucasian,Prophylaxis,60,0
c.5220-?_5373+?dup,154134695_154134848,,,Large structural change (>50 bp),Duplication,15,,A3,single domain,N,,X,,,Moderate,Not reported,,2018,293,,0,1,0,Exon,Mid,3,3,7482f799-65d8-4704-819e-ab14d938ade5,1.1,Asian,Prophylaxis,35,0
c.5220-445_5374-423del,154133721_154135293,p.(Ala1741fs*1),Ala1722fs*1,Large structural change (>50 bp),Deletion,15,,A3,Single domain,N,X,,,,Severe,Yes,,2013,252,,1,2,0,Exon,Mid,3,6,833db08b-9e7c-46db-a707-45de5fcfe02d,5.7,Caucasian,Prophylaxis,62,0
c.5226_5227delGA,154134841_15434842,p.(Ser1743Trpfs*16),Gln1723Glnfs*17,Frameshift,Deletion,15,1723,A3,Light chain,N,,,,,Severe,Not reported,,2022,349,X,0,2,1,Exon,Mid,1,2,b85d4abb-e7d2-4ff3-8d16-114a5958b95d,5.1,Black,Prophylaxis,47,0
c.5227_5228del,154134840_154134841,p.(Ser1743Trpfs*16),Ser1724Trpfs*16,Frameshift,Deletion,15,1724,A3,Light chain,N,X,,,,Severe,No,,0,0,,0,2,1,Exon,Mid,1,2,b7df4064-81b7-43ba-8124-faf2e2ab5bb7,4.1,Other,Prophylaxis,29,0
c.5236_5238delins22bp,154134830_154134832,"p,(Val1746delfs*)",Val1727delfs*,Frameshift,Deletion/Insertion,15,1727,A3,Light chain,N,X,,,,Severe,Not reported,,2008,"183, 186",X,0,2,1,Exon,Mid,1,2,66e5ee0e-5e14-4255-82f3-164a3795c115,3.4,Caucasian,Prophylaxis,45,0
c.5236_5243del,154134825_154134832,p.(Pro1747Glnfs*10),Pro1728Glnfs*10,Frameshift,Deletion,15,1728,A3,Light chain,N,,,,X,Not reported,Not reported,,2008,180,,0,,1,Exon,Mid,1,,a2a35fab-1cef-45f8-acfe-d57cfa6b4418,16.1,Caucasian,On-Demand,69,0
c.5242C>T,154134826,p.(Gln1748*),Gln1729*,Nonsense,Substitution,15,1729,A3,Light chain,N,X,X,,,Moderate/Severe,Not reported,,2013,249,,0,,1,Exon,Mid,4,,95f4dcbd-d451-46db-b081-a619d95884d5,15.7,Black,Prophylaxis,133,0
c.5243delA,154134825,p.(Gln1748Argfs*24),Gln1729Argfs*24,Frameshift,Deletion,15,1729,A3,Light chain,N,,X,,,Moderate,No,,2005,154,,0,1,1,Exon,Mid,1,1,1ab60f88-69d9-497b-83ae-537a504fae50,1.7,Black,Prophylaxis,8,1
c.5246T>A,154134822,p.(Phe1749Ser),Phe1730Ser,Missense,Substitution,15,1730,A3,Light chain,N,X,,,,Severe,No,,2020,319,X,0,2,0,Exon,Mid,0,0,320733b2-0672-4ccb-bb68-cde0b0c5fc2a,4.3,Hispanic,Prophylaxis,55,1
c.5246T>C,154134822,p.(Phe1749Ser),Phe1730Ser,Missense,Substitution,15,1730,A3,Light chain,N,,,,X,Not reported,Not reported,,2021,332,X,0,,0,Exon,Mid,0,,ba2a49d5-45ce-4aba-aa81-8193d392df3e,14.4,Caucasian,On-Demand,68,0
c.5247C>G,154134821,p.(Phe1749Leu),Phe1730Leu,Missense,Substitution,15,1730,A3,Light chain,N,,X,,,Moderate,Not reported,,2016,280,,0,1,0,Exon,Mid,0,0,aebaa4e3-814b-471b-9971-e05506970ce1,3.3,Black,Prophylaxis,35,0
c.5248A>T,154134820,p.(Lys1750*),Lys1731*,Nonsense,Substitution,15,1731,A3,Light chain,N,X,,,,Severe,No,,2018,300,,0,2,1,Exon,Mid,4,8,5c0bb123-76d1-4a02-8460-80c5ad39e505,14,Hispanic,Prophylaxis,143,0
c.5251A>C,154134817,p.(Lys1751Gln),Lys1732Gln,Missense,Substitution,15,1732,A3,Light chain,N,X,,,,Severe,No,,1999,101,,0,2,0,Exon,Mid,0,0,19ba8615-2698-4e61-a4c0-a31cfb11b607,11.4,Caucasian,Prophylaxis,124,0
c.5251A>G,154134817,p.(Lys1751Glu),Lys1732Glu,Missense,Substitution,15,1732,A3,Light chain,N,,X,,,Severe,Yes,,2008,178,,1,2,0,Exon,Mid,0,0,d9fe601b-5d48-4d45-a414-ea94dc7f9491,3.8,Caucasian,Prophylaxis,17,0
c.5251A>T,154134817,p.(Lys1751*),Lys1732*,Nonsense,Substitution,15,1732,A3,Light chain,N,X,,,,Severe,Not reported,,1996,72,,0,2,1,Exon,Mid,4,8,cb59b535-e840-48f7-a87a-8560bb08cb81,4.4,Asian,On-Demand,15,0
c.5252A>C,154134816,p.(Lys1751Thr),Lys1732Thr,Missense,Substitution,15,1732,A3,Light chain,N,X,,,,Severe,Not reported,,2016,280,,0,2,0,Exon,Mid,0,0,e29e7ed5-dc81-4229-b2a2-4087c19820c1,5.5,Asian,Prophylaxis,71,0
c.5252A>G,154134816,p.(Lys1751Arg),Lys1732Arg,Missense,Substitution,15,1732,A3,Light chain,N,X,,,,Severe,No,,2008,"173, 177",,0,2,0,Exon,Mid,0,0,501cca94-2fd3-4fc0-9e62-aa91f1ec7aef,2.2,Caucasian,Prophylaxis,34,0
c.5253A>T,154134815,p.(Lys1751Asn),Lys1732Asn,Missense,Substitution,15,1732,A3,Light chain,N,X,,,,Severe,Not reported,,2008,"183, 186",,0,2,0,Exon,Mid,0,0,1b18f610-23fc-4294-a9d6-b4338be500a0,5.4,Asian,Prophylaxis,39,0
c.5254G>A,154134814,p.(Val1752Ile),Val1733Ile,Missense,Substitution,15,1733,A3,Light chain,N,,,X,,Mild,No,,2008,180,,0,0,0,Exon,Mid,0,0,3aaae48c-a534-4119-afce-cf6ad33a2b13,17.4,Asian,On-Demand,99,0
c.5254G>C,154134814,p.(Val1752Leu),Val1733Leu,Missense,Substitution,15,1733,A3,Light chain,N,X,,,,Severe,No,,2011,218,,0,2,0,Exon,Mid,0,0,924d990e-7071-4dfd-9084-7cecaa5874a8,3.6,Caucasian,On-Demand,22,0
c.5260T>C,154134808,p.(Phe1754Leu),Phe1735Leu,Missense,Substitution,15,1735,A3,Light chain,N,X,,,,Severe,No,,2005,"0, 152",,0,2,0,Exon,Mid,0,0,475c0c38-6969-4c9d-b828-470b6ec528a3,5.3,Asian,Prophylaxis,54,0
c.5261T>C,154134807,p.(Phe1754Ser),Phe1735Ser,Missense,Substitution,15,1735,A3,Light chain,N,X,,,,Severe,No,,2017,287,,0,2,0,Exon,Mid,0,0,8bcbc69b-684e-4124-b6b5-e22be173b2cf,1.7,Caucasian,On-Demand,10,0
c.5261T>G,154134807,p.(Phe1754Cys),Phe1735Cys,Missense,Substitution,15,1735,A3,Light Chain,N,,X,,,Moderate,Not reported,,2012,224,,0,1,0,Exon,Mid,0,0,88b41aa6-e140-400f-a251-c29d89e93c7d,3.2,Asian,Prophylaxis,41,0
c.5263C>T,154134805,p.(Gln1755*),Gln1736*,Nonsense,Substitution,15,1736,A3,Light Chain,N,X,,,,Severe,No,,2012,233,,0,2,1,Exon,Mid,4,8,0304e427-1062-4ec8-a57d-09b5445f1a0e,3.2,Caucasian,Prophylaxis,26,0
c.5263delC,154134805,p.(Gln1755Argfs*17),Gln1736Argfs*17,Frameshift,Deletion,15,1736,A3,Light chain,N,X,,,,Severe,Not reported,,2016,280,,0,2,1,Exon,Mid,1,2,040af082-211d-4db0-8a8b-0fad804618b9,5.2,Black,Prophylaxis,47,0
c.5264A>C,154134804,p.(Gln1755Pro),Gln1736Pro,Missense,Substitution,15,1736,A3,Light chain,N,X,,,,Severe,Not reported,,2016,280,,0,2,0,Exon,Mid,0,0,8b504d16-bd40-4aa9-af82-8b0e3e22b133,5.2,Caucasian,Prophylaxis,48,0
c.5269T>C,154134799,p.(Phe1757Leu),Phe1738Leu,Missense,Substitution,15,1738,A3,Light chain,N,,X,,,Moderate,No,1 stage-2 stage assay discrepancy,0,0,,0,1,0,Exon,Mid,0,0,c4ab1f29-b3e5-430f-b2ae-eedc87d8b043,3.9,Asian,On-Demand,16,0
c.5269T>G,154134799,p.(Phe1757Val),Phe1738Val,Missense,Substitution,15,1738,A3,Light chain,N,,,X,,Mild,Not reported,,2013,249,,0,0,0,Exon,Mid,0,0,fc0663e5-f865-4461-8dc9-548dab58c426,2,Caucasian,Prophylaxis,17,0
c.5270T>G,154134798,p.(Phe1757Cys),Phe1738Cys,Missense,Substitution,15,1738,A3,Light chain,N,,,X,,Mild,No,,2010,210,,0,0,0,Exon,Mid,0,0,06dc8453-8e40-4c23-b0cd-8d67d5a2c5d1,2,Caucasian,On-Demand,14,1
c.5275G>A,154134793,p.(Asp1759Asn),Asp1740Asn,Missense,Substitution,15,1740,A3,Light Chain,N,,X,,,Moderate,No,,2006,157,,0,1,0,Exon,Mid,0,0,d9577ed5-c639-4062-bf10-4b2417e5786a,7.7,Caucasian,Prophylaxis,61,1
c.5275G>C,154134793,p.(Asp1759His),Asp1740His,Missense,Substitution,15,1740,A3,Light chain,N,,,X,,Mild,No,,0,0,,0,0,0,Exon,Mid,0,0,4e916d68-35b0-4528-892a-a81274ac2767,17.5,Hispanic,On-Demand,98,1
c.5276A>T,154134792,p.(Asp1759Val),Asp1740Val,Missense,Substitution,15,1740,A3,Light chain,N,X,X,,,Moderate/Severe,Not reported,,2018,293,,0,,0,Exon,Mid,0,,08c5bab8-5412-4c73-af66-80ced3a55cb9,19.8,Caucasian,On-Demand,89,0
c.5281T>C,154134787,p.(Ser1761Pro),Ser1742Pro,Missense,Substitution,15,1742,A3,Light chain,N,,,,,Severe,No,,2006,158,,0,2,0,Exon,Mid,0,0,7bd018c5-9ee2-4aef-9bcd-9096b323ab71,6.4,Caucasian,Prophylaxis,61,0
c.5283del,154134785,p.(Phe1762Leufs*10),Phe1743Leufs*10),Frameshift,Deletion,15,1743,A3,Light chain,N,X,,,,Severe,No,,2020,319,X,0,2,1,Exon,Mid,1,2,5a89e4db-f770-49be-8482-d5dbb88284c5,1.3,Other,Prophylaxis,1,0
c.5284T>C,154134784,p.(Phe1762Leu),Phe1743Leu,Missense,Substitution,15,1743,A3,Light chain,N,,,,X,Not reported,Not reported,,2005,145,,0,,0,Exon,Mid,0,,08ac6295-1993-4b80-813c-d9da25412800,16.3,Caucasian,On-Demand,67,0
c.5284T>G,154134784,p.(Phe1762Val),Phe1743Val,Missense,Substitution,15,1743,A3,Light Chain,N,X,,,,Severe,No,,2012,232,,0,2,0,Exon,Mid,0,0,04010268-780c-4dcb-86dc-dbd9a67e3247,14.8,Asian,Prophylaxis,151,0
c.5286T>A,154134782,p.(Phe1762Leu),Phe1743Leu,Missense,Substitution,15,1743,A3,Light chain,N,,X,,,Moderate,No,,2008,"175, 188",,0,1,0,Exon,Mid,0,0,e3374790-2140-4445-82cc-4a93e6fa4d37,3.7,Caucasian,Prophylaxis,34,1
c.5290C>T,154134778,p.(Gln1764*),Gln1745*,Nonsense,Substitution,15,1745,A3,Light Chain,N,,X,,,Moderate,Not reported,,2012,224,,0,1,1,Exon,Mid,4,4,d9206f47-25ba-419a-8457-9d0ce7149922,9.4,Caucasian,Prophylaxis,64,0
c.5291A>G,154134777,p.(Gln1764Arg),Gln1745Arg,Missense,Substitution,15,1745,A3,Light chain,N,X,,,,Severe,No,,2005,"0, 152",,0,2,0,Exon,Mid,0,0,6ff22d64-55a7-4bf1-81cc-32a38d50d454,7.8,Hispanic,On-Demand,38,0
c.5293_5295del,154134773_154134775,p.(Pro1765del),Pro1746del,"Small structural change (in-frame, <50 bp)",Deletion,15,1746,A3,Light chain,N,,,X,,Mild,Not reported,,2005,145,,0,0,0,Exon,Mid,5,0,1ee63275-5325-44f3-9853-03ee10184225,29.9,Asian,On-Demand,146,0
c.5296_5302delTTATACC,154134766_154134772,p.(Leu1766Valfs*4),Leu1747Valfs*4,Frameshift,Deletion,15,1747,A3,Light chain,N,X,,,,Severe,Not reported,,2021,330,X,0,2,1,Exon,Mid,1,2,48080371-c2cd-42f3-894e-c8bc7db2080f,3.6,Asian,Prophylaxis,43,0
c.5298_5299insAA,154134769_154134770,p.(Tyr1767Asnfs*6),Tyr1748Asnfs*6,Frameshift,Insertion,15,1748,A3,Light chain,N,,X,,,Moderate,Not reported,,2013,249,,0,1,1,Exon,Mid,1,1,8d960dcf-8594-4019-858a-1a7a2bf74b03,2.7,Black,Prophylaxis,35,1
c.5299T>C,154134769,p.(Tyr1767His),Tyr1748His,Missense,Substitution,15,1748,A3,Light chain,N,,X,,,Moderate,Not reported,,2018,293,,0,1,0,Exon,Mid,0,0,e4ca03c1-1bed-4c35-96e7-39f820ef9c79,1,Other,Prophylaxis,14,0
c.5301C>A,154134767,p.(Tyr1767*),Tyr1748*,Nonsense,Substitution,15,1748,A3,Light chain,N,X,,,,Severe,No,,2005,151,,0,2,1,Exon,Mid,4,8,0f43ed8f-615f-4568-b0f8-8f37b7461017,4.8,Caucasian,Prophylaxis,10,0
c.5301C>G,154134767,p.(Tyr1767*),Tyr1748*,Nonsense,Substitution,15,1748,A3,Light chain,N,X,,,,Severe,Yes,,2005,"0, 152",,1,2,1,Exon,Mid,4,8,6fdb985d-830d-4094-b808-03a51b0c5d7d,0.8,Caucasian,Prophylaxis,10,0
c.5302C>T,154134766,p.(Arg1768Cys),Arg1749Cys,Missense,Substitution,15,1749,A3,Light chain,N,,,X,,Mild,Not reported,,0,0,,0,0,0,Exon,Mid,0,0,03daa9c0-90fb-4296-b529-674d5c5bbda9,15.2,Asian,On-Demand,64,0
c.5303G>A,154134765,p.(Arg1768His),Arg1749His,Missense,Substitution,15,1749,A3,Light chain,N,,,X,,Mild,No,,2003,"0, 136",,0,0,0,Exon,Mid,0,0,f49007cb-55a4-494e-87ef-8854271b41bc,26.1,Caucasian,On-Demand,102,0
c.5305G>A,154134763,p.(Gly1769Arg),Gly1750Arg,Missense,Substitution,15,1750,A3,Light chain,N,,,,X,Mild/Moderate,No,,2005,152,,0,,0,Exon,Mid,0,,fce8f53e-23c6-43d1-855d-806b9ff32cef,2,Caucasian,On-Demand,1,0
c.5308G>A,154134760,p.(Glu1770Lys),Glu1751Lys,Missense,Substitution,15,1751,A3,Light chain,N,X,,,,Severe,No,,2005,154,,0,2,0,Exon,Mid,0,0,b70c02dd-a82c-4b1d-b2ab-0c39eb680d25,2.5,Black,Prophylaxis,12,0
c.5308G>T,154134760,p.(Glu1770*),Glu1751*,Nonsense,Substitution,15,1751,A3,Light chain,N,X,,,,Severe,Not reported,,2021,333,X,0,2,1,Exon,Mid,4,8,dd5fe095-1e19-4462-a84d-5b13f6a4147c,1.1,Black,Prophylaxis,26,0
c.5312T>C,154134756,p.(Leu1771Pro),Leu1752Pro,Missense,Substitution,15,1752,A3,Light chain,N,,,X,,Mild,No,,2003,136,,0,0,0,Exon,Mid,0,0,3db73639-cfb7-41b0-9e92-ffe057f89b02,26.3,Asian,On-Demand,130,0
c.5314_5315insTT,154134753_154134754,p.(Asn1772Ilefs*12),Asn1753Ilefs*12,Frameshift,Insertion,15,1753,A3,Light chain,N,,,,X,Not reported,Not reported,,2021,332,X,0,,1,Exon,Mid,1,,621b99f3-85f6-4489-aaab-6d7e420a7a47,10.1,Caucasian,On-Demand,58,0
c.5315A>T,154134753,p.(Asn1772Ile),Asn1753Ile,Missense,Substitution,15,1753,A3,Light chain,N,,,X,,Mild,No,,2013,239,,0,0,0,Exon,Mid,0,0,54a31e72-6a05-487c-b84a-f353180a7fb9,6.5,Caucasian,On-Demand,49,0
c.5316T>A,154134752,p.(Asn1772Lys),Asn1753Lys,Missense,Substitution,15,1753,A3,Light chain,N,,,,X,Not reported,Not reported,,2007,164,,0,,0,Exon,Mid,0,,09078f69-3907-4e17-93b2-a3056d1e3f0a,2,Black,On-Demand,1,0
c.5317G>T,154134751,p.(Glu1773*),Glu1754*,Nonsense,Substitution,15,1754,A3,Light chain,N,X,,,,Severe,No,,2011,218,,0,2,1,Exon,Mid,4,8,bdb66495-294c-4761-a4b1-6ea247aa660b,2.7,Caucasian,Prophylaxis,32,0
c.5320C>T,154134748,p.(His1774Tyr),His1755Tyr,Missense,Substitution,15,1755,A3,Light chain,N,,,X,,Mild,Not reported,,2001,120,,0,0,0,Exon,Mid,0,0,460d073f-b339-436f-adeb-b6d3df154765,7.3,Hispanic,On-Demand,35,0
c.5321A>G,154134747,p.(His1774Arg),His1755Arg,Missense,Substitution,15,1755,A3,Light chain,N,X,,,,Severe,No,,2006,"0, 157",,0,2,0,Exon,Mid,0,0,dfbbc1d4-54aa-438a-ad66-d96d8ae32fb2,2,Caucasian,Prophylaxis,19,0
c.5321A>T,154134747,p.(His1774Leu),His1755Leu,Missense,Substitution,15,1755,A3,Light chain,N,X,,,,Severe,Not reported,,2007,162,,0,2,0,Exon,Mid,0,0,08b21b3e-33a2-4e1b-9b55-056f78e54910,1.8,Caucasian,Prophylaxis,15,0
c.5322_5330del,154134738_154134746,p.(Leu1777_Gly1779del),Leu1758_Gly1760del ?,"Small structural change (in-frame, <50 bp)",Deletion,15,1758-1760,A3,Light chain,N,X,,,,Severe,No,,2020,324,X,0,2,0,Exon,Mid,5,10,7fca667c-0208-44c2-b091-75f4587caa5e,3.3,Caucasian,Prophylaxis,46,0
c.5323T>G,154134745,p.(Leu1775Val),Leu1756Val,Missense,Substitution,15,1756,A3,Light chain,N,,X,,,Mild/Moderate,No,,1995,71,,0,,0,Exon,Mid,0,,324a3744-903b-4446-8241-83ac7acba1d2,31.7,Caucasian,On-Demand,161,0
c.5324T>C,154134744,p.(Leu1775Ser),Leu1756Ser,Missense,Substitution,15,1756,A3,Light chain,N,,,X,,Mild,No,,2007,168,,0,0,0,Exon,Mid,0,0,2517699a-4c23-4a46-8131-4a6c82a07a00,9,Asian,On-Demand,57,0
c.5324T>G,154134744,p.(Leu1775Trp),Leu1756Trp,Missense,Substitution,15,1756,A3,Light chain,N,,X,,,Moderate,No,,2014,255,,0,1,0,Exon,Mid,0,0,a5d8de77-6795-4e14-b168-a7e090b1113b,7.2,Caucasian,On-Demand,66,0
c.5325G>C,154134743,p.(Leu1775Phe),Leu1756Phe,Missense,Substitution,15,1756,A3,Light chain,N,,,X,,Mild,No,,1995,71,,0,0,0,Exon,Mid,0,0,5362c6e7-6ff8-4a53-95f9-d987e8ff886c,4.6,Asian,On-Demand,21,0
c.5326G>A,154134742,p.(Gly1776Arg),Gly1757Arg,Missense,Substitution,15,1757,A3,Light chain,N,X,,,,Severe,No,,2020,319,X,0,2,0,Exon,Mid,0,0,3346cff9-2247-43f9-a55f-b60a6b6a3a04,5.6,Caucasian,Prophylaxis,60,0
c.5327G>A,154134741,p.(Gly1776Glu),Gly1757Glu,Missense,Substitution,15,1757,A3,Light chain,N,,X,,,Moderate,Not reported,,2021,333,X,0,1,0,Exon,Mid,0,0,6ed3c1d6-9a7a-4957-878e-81c96cdb1bfa,3,Caucasian,On-Demand,6,0
c.5327G>T,154134741,p.(Gly1776Val),Gly1757Val,Missense,Substitution,15,1757,A3,Light chain,N,,,,X,Not reported,Not reported,,2007,164,,0,,0,Exon,Mid,0,,22414841-3d79-4efd-aa44-2c3617412179,2,Caucasian,On-Demand,5,0
c.5329C>T,154134739,p.(Leu1777Phe),Leu1758Phe,Missense,Substitution,15,1758,A3,Light chain,N,,,X,,Mild,No,,2010,209,,0,0,0,Exon,Mid,0,0,e094629e-fac6-4675-94e3-a48498cb3b0f,24.4,Hispanic,On-Demand,104,0
c.5330T>C,154134738,p.(Leu1777Pro),Leu1758Pro,Missense,Substitution,15,1758,A3,Light chain,N,,X,,,Moderate,No,,2002,128,,0,1,0,Exon,Mid,0,0,79b112cf-d48f-474c-9c00-11e7e53fac8a,1.2,Hispanic,Prophylaxis,27,0
c.5335G>A,154134733,p.(Gly1779Arg),Gly1760Arg,Missense,Substitution,15,1760,A3,Light chain,N,X,,,,Severe,No,,1998,87,,0,2,0,Exon,Mid,0,0,1c60aa17-0d8a-40bf-b7a9-e0bf03339435,8.5,Caucasian,Prophylaxis,79,0
c.5335G>C,154134733,p.(Gly1779Arg),Gly1760Arg,Missense,Substitution,15,1760,A3,Light chain,N,X,,,,Severe,Not reported,,2016,280,,0,2,0,Exon,Mid,0,0,4cb456f7-f41f-4304-83b9-083b9fe14585,3.8,Caucasian,Prophylaxis,38,0
c.5336G>A,154134732,p.(Gly1779Glu),Gly1760Glu,Missense,Substitution,15,1760,A3,Light chain,N,X,,,,Severe,No,,1993,56,,0,2,0,Exon,Mid,0,0,6fbc8323-f848-4f74-adcf-234022cb4beb,1.3,Caucasian,Prophylaxis,15,0
c.5337delG,154134731,p.(Pro1780Hisfs*3),Pro1761Hisfs*3,Frameshift,Deletion,15,1761,A3,Light chain,N,X,,,,Severe,Yes,,2006,157,,1,2,1,Exon,Mid,1,2,edb0a1ac-808d-402c-b52a-8f78316388b1,3.2,Asian,Prophylaxis,47,1
c.5338C>A,154134730,p.(Pro1780Thr),Pro1761Thr,Missense,Substitution,15,1761,A3,Light chain,N,,,X,,Mild,Not reported,,2013,249,,0,0,0,Exon,Mid,0,0,2e50073c-f467-49f4-91a1-8c8298ec9245,16.2,Caucasian,On-Demand,87,0
c.5338C>T,154134730,p.(Pro1780Ser),Pro1761Ser,Missense,Substitution,15,1761,A3,Light chain,N,,,X,,Mild,No,,2006,158,,0,0,0,Exon,Mid,0,0,4a6448ca-88a5-4b2e-8f0a-fe8edd6589f4,4.4,Asian,Prophylaxis,48,0
c.5339_5351del,154134717_154134729,p.(Pro1780Glnfs*9),Pro1761Glnfs*9,Frameshift,Deletion,15,1761,A3,Light chain,N,X,,,,Severe,Not reported,,2014,256,,0,2,1,Exon,Mid,1,2,7cc432ee-d79b-405d-a269-ca26394d7fea,10.3,Caucasian,Prophylaxis,102,0
c.5339C>A,154134729,p.(Pro1780Gln),Pro1761Gln,Missense,Substitution,15,1761,A3,Light chain,N,,X,X,,Mild/Moderate,Yes,,2013,"239, 249",,1,,0,Exon,Mid,0,,76dbb070-ee6a-41bc-8572-bdb111401b20,19.3,Caucasian,On-Demand,80,0
c.5339C>G,154134729,p.(Pro1780Arg),Pro1761Arg,Missense,Substitution,15,1761,A3,Light Chain,N,X,,,,Severe,No,,2012,233,,0,2,0,Exon,Mid,0,0,5d4c4fe6-1bc8-4626-aae4-8152749ba9f6,7.6,Black,Prophylaxis,75,0
c.5339C>T,154134729,p.(Pro1780Leu),Pro1761Leu,Missense,Substitution,15,1761,A3,Light chain,N,,X,,,Moderate,No,,2002,130,,0,1,0,Exon,Mid,0,0,2fdf2955-401d-474d-99ec-80ba1427407b,1.7,Black,Prophylaxis,26,0
c.5341T>G,154134727,p.(Tyr1781Asp),Tyr1762Asp,Missense,Substitution,15,1762,A3,Light chain,N,,,X,,Mild,No,,2013,239,,0,0,0,Exon,Mid,0,0,59d0689c-7eb2-420a-9353-005c070abac2,11.4,Caucasian,On-Demand,63,0
c.5343T>A,154134725,p.(Tyr1781*),Tyr1762*,Nonsense,Substitution,15,1762,A3,Light chain,N,X,,,,Severe,Not reported,,2008,181,,0,2,1,Exon,Mid,4,8,27562314-6cf2-49f5-9814-43f214d288f6,5.2,Asian,On-Demand,27,0
c.5345T>A,154134723,p.(Ile1782Lys),Ile1763Lys,Missense,Substitution,15,1763,A3,Light chain,N,,,,X,Not reported,Not reported,,2021,332,X,0,,0,Exon,Mid,0,,3f8e7c93-8964-4078-97e0-7037a1d8ce48,9.4,Caucasian,On-Demand,23,0
c.5345T>G,154134723,p.(Ile1782Arg),Ile1763Arg,Missense,Substitution,15,1763,A3,Light chain,N,X,,,,Severe,No,,2001,124,,0,2,0,Exon,Mid,0,0,d75f83d0-d6b4-46fa-ac34-cd60b943c533,8.7,Caucasian,Prophylaxis,95,0
c.5346_5347del,154134721_154134722del,p.(Ile1782Metfs*5),Ile1763Metfs*5,Frameshift,Deletion,15,1763,A3,Light chain,N,X,,,,Severe,Not reported,,2019,314,,0,2,1,Exon,Mid,1,2,12356358-d9d7-41d2-8184-cd85c5ffc39d,7.5,Hispanic,Prophylaxis,74,0
c.5347A>G,154134721,p.(Arg1783Gly),Arg1764Gly,Missense,Substitution,15,1764,A3,Light chain,N,,,X,,Mild,Not reported,,2013,247,,0,0,0,Exon,Mid,0,0,46bcb5a2-8b63-447b-8f13-e8fa9898bb2d,8.8,Caucasian,On-Demand,48,0
c.5348_5357del,154134711_154134720,p.(Arg1783Metfs*7),Arg1764Metfs*7,Frameshift,Deletion,15,1764,A3,Light chain,N,X,,,,Severe,No,,2010,209,,0,2,1,Exon,Mid,1,2,712f0759-9305-4aea-b9a0-5a52fd672364,3.4,Caucasian,Prophylaxis,30,0
c.5348G>C,154134720,p.(Arg1783Thr),Arg1764Thr,Missense,Substitution,15,1764,A3,Light chain,N,,,X,,Mild,Not reported,,0,0,,0,0,0,Exon,Mid,0,0,5949807d-6f6a-492a-b124-dd2fb14d2816,11.7,Asian,On-Demand,59,0
c.5350delG,154134718,p.(Ala1784Glnfs*9),Ala1765Glnfs*9,Frameshift,Deletion,15,1765,A3,Light Chain,N,X,,,,Severe,Yes,,2012,233,,1,2,1,Exon,Mid,1,2,f29e25f0-2003-44a2-8dec-9f30ac5c6e42,2.5,Caucasian,Prophylaxis,22,0
c.5350G>A,154134718,p.(Ala1784Thr),Ala1765Thr,Missense,Substitution,15,1765,A3,Light chain,N,,,,X,Not reported,Not reported,,2021,332,X,0,,0,Exon,Mid,0,,4ec559e3-8b9b-43fa-9330-f57ab9e56d79,11.7,Black,On-Demand,53,0
c.5350G>C,154134718,p.(Ala1784Pro),Ala1765Pro,Missense,Substitution,15,1765,A3,Light chain,N,X,,,,Severe,Not reported,,2018,293,,0,2,0,Exon,Mid,0,0,02f391e2-43f4-42c1-8a41-761a7959e33b,1.1,Caucasian,Prophylaxis,21,0
c.5351delC,154134717,p.(Ala1784Glufs*9),Ala1765Glufs*9,Frameshift,Deletion,15,1765,A3,Light chain,N,,,,X,Not reported,Not reported,,2022,345,X,0,,1,Exon,Mid,1,,bf284c6d-66a0-4196-8ac1-4513403ef8c3,12.6,Asian,On-Demand,88,0
c.5353delG,154134715,p.(Glu1785Lysfs*8),Glu1766Lysfs*8,Frameshift,Deletion,15,1766,A3,Light chain,N,,,,X,Not reported,Not reported,,2021,332,X,0,,1,Exon,Mid,1,,8ed902e8-d711-4b3d-9efb-30e182f65b0e,14.7,Caucasian,Prophylaxis,142,0
c.5353G>A,154134715,p.(Glu1785Lys),Glu1766Lys,Missense,Substitution,15,1766,A3,Light chain,N,,X,,,Moderate,Not reported,,2008,181,,0,1,0,Exon,Mid,0,0,4b215dc8-7a3e-4424-9c5c-650fd0ec9947,3.5,Black,Prophylaxis,27,0
c.5354A>C,154134714,p.(Glu1785Ala),Glu1766Ala,Missense,Substitution,15,1766,A3,Light chain,N,,,X,,Mild,No,,2008,180,,0,0,0,Exon,Mid,0,0,87dfe885-3d45-4184-b823-8cbe3fb28ccd,20.7,Hispanic,On-Demand,98,0
c.5354A>T,154134714,p.(Glu1785Val),Glu1766Val,Missense,Substitution,15,1766,A3,Light chain,N,,,X,,Mild,No,,2017,288,,0,0,0,Exon,Mid,0,0,ee2baa1c-61ca-4511-b967-615b4a71084c,28.9,Asian,Prophylaxis,308,0
c.5357T>G,154134711,p.(Val1786Gly),Val1767Gly,Missense,Substitution,15,1767,A3,Light chain,N,,,X,,Mild,Yes,,2012,231,,1,0,0,Exon,Mid,0,0,b05073ee-77c7-4951-987b-fcdff745be08,8.9,Caucasian,On-Demand,36,1
c.5359G>A,154134709,p.(Glu1787Lys),Glu1768Lys,Missense,Substitution,15,1768,A3,Light chain,N,,X,,,Moderate,Not reported,,2021,330,X,0,1,0,Exon,Mid,0,0,8cff84a8-d08d-45b0-992d-30d5d4352b11,2.1,Caucasian,Prophylaxis,17,0
c.5362G>C,154134706,p.(Asp1788His),Asp1769His,Missense,Substitution,15,1769,A3,Light chain,N,,,X,,Mild,No,,2001,123,,0,0,0,Exon,Mid,0,0,dd890b09-1c0b-4888-9744-3ff07405818b,17.6,Other,On-Demand,93,0
c.5362G>T,154134706,p.(Asp1788Tyr),Asp1769Tyr,Missense,Substitution,15,1769,A3,Light chain,N,,X,,,Moderate,No,,0,0,,0,1,0,Exon,Mid,0,0,2dee485d-30d5-41c4-9697-2f9ab60e284e,6.6,Hispanic,Prophylaxis,69,1
c.5363A>G,154134705,p.(Asp1788Gly),Asp1769Gly,Missense,Substitution,15,1769,A3,Light chain,N,,X,,,Moderate,No,,2006,157,,0,1,0,Exon,Mid,0,0,3c8f3255-71b2-41a5-beb6-c4d4126427d5,2.4,Asian,Prophylaxis,12,0
c.5366_5368del,154134700_154134702,p.(Asn1789del),Asn1770del,"Small structural change (in-frame, <50 bp)",Deletion,15,1770,A3,Light chain,N,X,,,,Severe,No,,2021,330,X,0,2,0,Exon,Mid,5,10,b64e1f6b-e786-467d-9a0e-51825c4397c8,6.4,Caucasian,Prophylaxis,38,0
c.5370_5372del,154134696_154134698,p.(Ile1790del),Ile1771del,"Small structural change (in-frame, <50 bp)",Deletion,15,1771,A3,Light chain,N,,X,X,,Mild/Moderate,No,,1999,95,,0,,0,Exon,Mid,5,,5ad3ef20-64d3-41ba-820f-26d87d9ad6b9,29.6,Caucasian,On-Demand,161,0
c.5372T>C,154134696,p.(Met1791Thr),Met1772Thr,Missense,Substitution,15,1772,A3,Light chain,N,,,,X,Severe,Not reported,New N-glycosylation site,1991,"41, 42",,0,2,0,Exon,Mid,0,0,2baf12fc-6117-47c6-bb85-26262502fb2d,5,Caucasian,Prophylaxis,50,0
c.5373G>A,154134695,p.(Met1791Ile),Met1772Ile,Missense,Substitution,15,1772,A3,Light chain,N,,X,,,Moderate,No,,2008,182,,0,1,0,Exon,Mid,0,0,43222216-245e-4e05-a005-c338024fac9a,3.9,Caucasian,Prophylaxis,39,0
c.5374G>C,154133298,p.(Val1792Leu),Val1773Leu,Missense,Substitution,15,1773,A3,Light chain,N,,,X,,Mild,No,,2020,319,X,0,0,0,Exon,Mid,0,0,a9678cd1-8f3e-4679-8a99-94cd38d84016,30.4,Asian,On-Demand,137,1
c.5374G>T,154133298,p.(Val1792Leu),Val1773Leu,Missense,Substitution,15,1773,A3,Light chain,N,,,X,,Mild,Not reported,,2016,280,,0,0,0,Exon,Mid,0,0,4165b9e3-644c-47b1-8cd2-af06f14bba85,15.6,Caucasian,Prophylaxis,146,0
c.5585delT,154133087,p.(Leu1862Argfs*9),Leu1843Argfs*9,Frameshift,Deletion,15,1843,A3,Light chain,N,,X,,,Moderate,No,,2022,342,X,0,1,1,Exon,Mid,1,1,ad8ec0b9-8d15-4a77-a0cd-b11561978a42,2.1,Asian,On-Demand,12,0
c.5374-?_5586+?del,154133086_154133298,,,Large structural change (>50 bp),Deletion,16,,A3,single domain,N,,X,,,Moderate,No,,1995,67,,0,1,0,Exon,Mid,3,3,a538442e-6f98-4792-8475-d1f25cbbbda5,1.4,Black,Prophylaxis,1,0
c.5375T>C,154133297,p.(Val1792Ala),Val1773Ala,Missense,Substitution,16,1773,A3,Light chain,N,,,X,,Mild,Yes,,2010,209,,1,0,0,Exon,Mid,0,0,dc13b0a3-e7b0-4041-945a-136411f70560,12,Caucasian,On-Demand,71,0
c.5378C>A,154133294,p.(Thr1793Asn),Thr1774Asn,Missense,Substitution,16,1774,A3,Light chain,N,,,X,,Mild,Not reported,,2013,243,,0,0,0,Exon,Mid,0,0,5bc7b4a4-c059-4d9d-a0eb-60c1ba71e8db,16.1,Hispanic,On-Demand,75,1
c.5378delC,154133294,p.(Thr1793Ilefs*78),Thr1774Ilefs*78,Frameshift,Deletion,16,1774,A3,Light chain,N,X,,,,Severe,Yes,,2013,249,,1,2,1,Exon,Mid,1,2,4f9b741e-6021-4041-ad10-989606713cb6,7.3,Asian,Prophylaxis,68,1
c.5380_5381del,154133291_154133292,p.(Phe1794Glnfs*13),Phe1775Glnfs*13,Frameshift,Deletion,16,1775,A3,Light Chain,N,X,,,,Severe,No,,2012,229,,0,2,1,Exon,Mid,1,2,7351fb1a-9372-4f4c-8824-1ab4f93ac1b6,1.9,Asian,Prophylaxis,18,0
c.5380T>C,154133292,p.(Phe1794Leu),Phe1775Leu,Missense,Substitution,16,1775,A3,Light chain,N,,,X,,Mild,Not reported,,2007,166,,0,0,0,Exon,Mid,0,0,eca947f1-9f33-469b-9deb-2f074222d6c4,2,Caucasian,On-Demand,35,0
c.5380T>G,154133292,p.(Phe1794Val),Phe1775Val,Missense,Substitution,16,1775,A3,Light chain,N,,,X,,Mild,Yes,,2013,239,,1,0,0,Exon,Mid,0,0,fc876c93-b7a0-45bf-8651-f40029848bb3,8.9,Caucasian,On-Demand,52,0
c.5381dupT,154133291,p.(Arg1795Glnfs*13),Arg1776Glnfs*13,Frameshift,Duplication,16,1776,A3,Light chain,N,X,,,,Severe,Not reported,,2016,280,,0,2,1,Exon,Mid,1,2,774ebff1-7ba2-41b0-902d-2f0ea3f0b674,1.4,Hispanic,Prophylaxis,14,0
c.5381T>A,154133291,p.(Phe1794Tyr),Phe1775Tyr,Missense,Substitution,16,1775,A3,Light chain,N,,,X,,Mild,No,,2013,"239, 249",,0,0,0,Exon,Mid,0,0,11c8f1fd-c50b-43a0-b260-41b742f61e65,20,Asian,On-Demand,94,0
c.5381T>C,154133291,p.(Phe1794Ser),Phe1775Ser,Missense,Substitution,16,1775,A3,Light chain,N,X,,,,Severe,No,,2005,154,,0,2,0,Exon,Mid,0,0,e8ff80a4-b01d-456a-8317-1263c986339e,1.7,Caucasian,Prophylaxis,41,0
c.5381T>G,154133291,p.(Phe1794Cys),Phe1775Cys,Missense,Substitution,16,1775,A3,Light chain,N,X,,,,Severe,No,,2020,320,X,0,2,0,Exon,Mid,0,0,b4cb5f47-1781-47ed-855c-d8aeee2a73b0,3.5,Caucasian,Prophylaxis,34,0
c.5386A>G,154133286,p.(Asn1796Asp),Asn1777Asp,Missense,Substitution,16,1777,A3,Light chain,N,,,X,,Mild,Not reported,,2013,245,,0,0,0,Exon,Mid,0,0,fb6c280c-bd13-4c48-9caa-58a9a5e23352,12.4,Asian,On-Demand,38,0
c.5387A>G,154133285,p.(Asn1796Ser),Asn1777Ser,Missense,Substitution,16,1777,A3,Light chain,N,X,,,,Severe,Not reported,,2008,"183, 186",,0,2,0,Exon,Mid,0,0,0be11e92-d179-4a05-97f8-216f75478642,10.3,Hispanic,Prophylaxis,79,0
c.5387delA,154133285,p.(Asn1796Ilefs*75),Asn1777Ilefs*75,Frameshift,Deletion,16,1777,A3,Light Chain,Y,X,,,,Severe,No,,2012,233,,0,2,1,Exon,Mid,1,2,48cb704b-0697-4d18-aa21-5821d0f163ee,5.4,Black,Prophylaxis,62,1
c.5389C>T,154133283,p.(Gln1797*),Gln1778*,Nonsense,Substitution,16,1778,A3,Light chain,N,X,,,,Severe,Not reported,,1999,98,,0,2,1,Exon,Mid,4,8,516c4809-00d5-4110-bcb4-a4ed704452cc,5.5,Caucasian,On-Demand,14,0
c.5392dupG,154133280,p.(Ala1798Glyfs*10),Ala1779Glyfs*10,Frameshift,Duplication,16,1779,A3,Light chain,N,,X,,,Moderate,Not reported,,2016,280,,0,1,1,Exon,Mid,1,1,5df200ed-9194-4663-a6a2-d6cf39bc4d30,9.6,Hispanic,Prophylaxis,84,0
c.5392G>A,154133280,p.(Ala1798Thr),Ala1779Thr,Missense,Substitution,16,1779,A3,Light chain,N,X,,,,Severe,No,,2012,"231, 233",,0,2,0,Exon,Mid,0,0,bd2bd7fd-4770-434f-af51-af75f53a815f,2.1,Black,Prophylaxis,26,0
c.5392G>C,154133280,p.(Ala1798Pro),Ala1779Pro,Missense,Substitution,16,1779,A3,Light chain,N,X,,,,Severe,Yes,,2002,130,,1,2,0,Exon,Mid,0,0,e5cd2405-40af-4d0f-b6b7-66ce2d614e3f,6.2,Black,Prophylaxis,54,0
c.5392G>T,154133280,p.(Ala1798Ser),Ala1779Ser,Missense,Substitution,16,1779,A3,Light chain,N,,,,,Severe,No,,2006,158,,0,2,0,Exon,Mid,0,0,3ab2b1d8-1a44-4846-a788-32e752543902,3.2,Caucasian,Prophylaxis,35,1
c.5393C>A,154133279,p.(Ala1798Asp),Ala1779Asp,Missense,Substitution,16,1779,A3,Light chain,N,,X,,,Moderate,Not reported,,2018,293,,0,1,0,Exon,Mid,0,0,346ec189-5d6b-4263-8968-c12d5efbd01d,2.3,Asian,Prophylaxis,22,0
c.5393C>T,154133279,p.(Ala1798Val),Ala1779Val,Missense,Substitution,16,1779,A3,Light chain,N,,X,,,Moderate,No,,2008,180,,0,1,0,Exon,Mid,0,0,df250eee-6fb9-4def-b6d4-53a1d92fb4b5,3.3,Caucasian,Prophylaxis,15,0
c.5395_5396delTC,154133276_154133277,p.(Arg1800Serfs*7),Arg1781Serfs*7,Frameshift,Deletion,16,1781,A3,Light chain,N,X,,,,Severe,Yes,,1998,90,,1,2,1,Exon,Mid,1,2,b7470b44-82f5-4366-af18-46292aca20c6,3,Asian,Prophylaxis,41,0
c.5395T>C,154133277,p.(Ser1799Pro),Ser1780Pro,Missense,Substitution,16,1780,A3,Light chain,N,,,X,,Mild,Not reported,,0,0,,0,0,0,Exon,Mid,0,0,7258eab5-26f2-48be-acd2-0ee28eb245d8,37.2,Caucasian,On-Demand,184,0
c.5398C>A,154133274,p.(Arg1800Ser),Arg1781Ser,Missense,Substitution,16,1781,A3,Light chain,N,X,,,,Severe,Not reported,,2008,"183, 186",,0,2,0,Exon,Mid,0,0,e2b67336-a8f6-4c4f-b2b5-fd4faa728d81,6,Hispanic,Prophylaxis,61,0
c.5398C>G,154133274,p.(Arg1800Gly),Arg1781Gly,Missense,Substitution,16,1781,A3,Light chain,N,,X,X,,Mild/Moderate,No,,1995,"0, 71",,0,,0,Exon,Mid,0,,89eb1d86-51de-4475-be1b-cbf8ef025f92,13.5,Caucasian,Prophylaxis,146,0
c.5398C>T,154133274,p.(Arg1800Cys),Arg1781Cys,Missense,Substitution,16,1781,A3,Light chain,N,,X,,,Moderate,No,,1992,46,,0,1,0,Exon,Mid,0,0,64f9c7b3-f761-4ed9-a9c0-b517775466ee,9.4,Asian,Prophylaxis,104,0
c.5399G>A,154133273,p.(Arg1800His),Arg1781His,Missense,Substitution,16,1781,A3,Light chain,N,,,,X,Mild/Moderate,No,1 stage-2 stage assay discrepancy,1991,36,,0,,0,Exon,Mid,0,,99040677-524a-4dae-bd23-c90ad0f24957,23,Hispanic,On-Demand,120,0
c.5399G>C,154133273,p.(Arg1800Pro),Arg1781Pro,Missense,Substitution,16,1781,A3,Light chain,N,X,,,,Severe,Not reported,,2013,249,,0,2,0,Exon,Mid,0,0,98eb120b-0fb7-4bb6-a1fe-b15908ed789e,4.3,Caucasian,Prophylaxis,47,0
c.5401C>G,154133271,p.(Pro1801Ala),Pro1782Ala,Missense,Substitution,16,1782,A3,Light chain,N,,,X,,Mild,No,,1998,87,,0,0,0,Exon,Mid,0,0,fb990a5f-b569-4145-a4d4-e775aedf0208,17.9,Black,On-Demand,86,1
c.5405_5406insGG,154133266_154133267,p.(Tyr1802*),Tyr1783*,Frameshift,Insertion,16,1783,A3,Light chain,N,X,,,,Severe,Yes,,2016,282,,1,2,1,Exon,Mid,1,2,b0224e1e-f640-43c3-b66a-c2298a1f01f0,0.9,Asian,Prophylaxis,1,0
c.5405A>C,154133267,p.(Tyr1802Ser),Tyr1783Ser,Missense,Substitution,16,1783,A3,Light chain,N,X,,,,Severe,No,,0,0,,0,2,0,Exon,Mid,0,0,fd2eaa88-eb89-4c12-866c-e81910e69f12,4.4,Caucasian,On-Demand,19,0
c.5405A>G,154133267,p.(Tyr1802Cys),Tyr1783Cys,Missense,Substitution,16,1783,A3,Light chain,N,,,X,,Mild,No,,1999,101,,0,0,0,Exon,Mid,0,0,a5920b49-5abd-49bb-a364-4fc985dbda0d,5.2,Black,On-Demand,14,0
c.5406T>G,154133266,p.(Tyr1802*),Tyr1783*,Nonsense,Substitution,16,1783,A3,Light chain,N,,,,X,Not reported,Not reported,,2008,180,,0,,1,Exon,Mid,4,,ad1501bf-fb3d-45ef-a5bb-9c6544de0083,11.5,Black,On-Demand,64,0
c.5407T>C,154133265,p.(Ser1803Pro),Ser1784Pro,Missense,Substitution,16,1784,A3,Light chain,N,X,,,,Severe,No,,2006,160,,0,2,0,Exon,Mid,0,0,b879d318-b5c1-4649-b1cd-c2fe5081be0b,2.8,Asian,Prophylaxis,3,0
c.5408_5410dup,154133262_154133264,p.(Ser1803dup),Ser1784dup,"Small structural change (in-frame, <50 bp)",Duplication,16,1784,A3,Light Chain,N,X,,,,Severe,Yes,,2012,233,,1,2,0,Exon,Mid,5,10,8c0ba7e3-3335-46ac-a933-159a1f8d5b35,4.8,Caucasian,Prophylaxis,49,1
c.5408C>A,154133264,p.(Ser1803Tyr),Ser1784Tyr,Missense,Substitution,16,1784,A3,Light chain,N,,,,X,Severe,Not reported,,1991,36,,0,2,0,Exon,Mid,0,0,149afdb1-0905-4406-9cc8-4aca002d6b03,6.4,Black,Prophylaxis,49,0
c.5408C>T,154133264,p.(Ser1803Phe),Ser1784Phe,Missense,Substitution,16,1784,A3,Light chain,N,,X,,,Moderate,Not reported,,2014,256,,0,1,0,Exon,Mid,0,0,ae9d1385-2aec-494f-a23e-bbccb79ddb5f,4,Caucasian,Prophylaxis,27,0
c.5409_5412delCTTC,154133260_154133263,p.(Phe1804Ilefs*66),Phe1785Ilefs*66,Frameshift,Deletion,16,1785,A3,Light chain,N,X,,,,Severe,No,,2020,324,X,0,2,1,Exon,Mid,1,2,6bf9ec05-f0b9-4e9f-8d07-05f32679e37b,2.5,Caucasian,Prophylaxis,6,1
c.5410T>A,154133262,p.(Phe1804Ile),Phe1785Ile,Missense,Substitution,16,1785,A3,Light chain,N,,,X,,Mild,Not reported,,2013,249,,0,0,0,Exon,Mid,0,0,f4049c7d-4c14-4fab-82c2-9ff15dd79032,2,Hispanic,On-Demand,10,0
c.5410T>C,154133262,p.(Phe1804Leu),Phe1785Leu,Missense,Substitution,16,1785,A3,Light chain,N,,,X,,Mild,Not reported,,2011,223,X,0,0,0,Exon,Mid,0,0,60013852-1097-4a32-942a-443d4aed8af8,20.1,Black,On-Demand,119,0
c.5411_5413del,154133259_154133261,p.(Phe1804del),Phe1785del,"Small structural change (in-frame, <50 bp)",Deletion,16,1785,A3,Light chain,N,X,,,,Severe,No,,2018,298,,0,2,0,Exon,Mid,5,10,9f6075ae-2a1e-4c1c-b9fa-bc4f5ae5f093,6.6,Asian,On-Demand,27,0
c.5411T>C,154133261,p.(Phe1804Ser),Phe1785Ser,Missense,Substitution,16,1785,A3,Light chain,N,X,,,,Severe,No,,2003,133,,0,2,0,Exon,Mid,0,0,e8eb5526-3a58-40a5-84b5-5d2307ea2527,5.5,Caucasian,Prophylaxis,68,0
c.5413T>A,154133259,p.(Tyr1805Asn),Tyr1786Asn,Missense,Substitution,16,1786,A3,Light chain,N,X,,,,Severe,Not reported,,2008,"183, 186",,0,2,0,Exon,Mid,0,0,21c2985c-fcc0-4521-9010-30042d283560,5.6,Caucasian,Prophylaxis,56,0
c.5414A>C,154133258,p.(Tyr1805Ser),Tyr1786Ser,Missense,Substitution,16,1786,A3,Light chain,N,,,X,,Mild,Yes,,2007,168,,1,0,0,Exon,Mid,0,0,8e37a54b-18f6-449c-bb6b-8dd8e8be1e14,24.6,Hispanic,On-Demand,132,0
c.5414A>G,154133258,p.(Tyr1805Cys),Tyr1786Cys,Missense,Substitution,16,1786,A3,Light chain,N,,X,,,Moderate,No,,2010,209,,0,1,0,Exon,Mid,0,0,a7bc5191-baa3-467d-8e40-4fc14b9e7146,8.4,Asian,Prophylaxis,73,0
c.5414A>T,154133258,p.(Tyr1805Phe),Tyr1786Phe,Missense,Substitution,16,1786,A3,Light chain,N,,,X,,Mild,Not reported,,2013,247,,0,0,0,Exon,Mid,0,0,e4985b9b-5d06-4217-9161-f2c01b2710ea,27.2,Caucasian,On-Demand,131,0
c.5415T>A,154133257,p.(Tyr1805*),Tyr1786*,Nonsense,Substitution,16,1786,A3,Light chain,N,X,,,,Severe,No,,2005,151,,0,2,1,Exon,Mid,4,8,f4851224-d15e-4c2d-a539-6ad5a272f56c,1.8,Black,Prophylaxis,32,0
c.5415T>G,154133257,p.(Tyr1805*),Tyr1786*,Nonsense,Substitution,16,1786,A3,Light chain,N,X,,,,Severe,No,,2020,320,X,0,2,1,Exon,Mid,4,8,b689f23f-cb40-4679-b914-d20181037336,2.9,Black,Prophylaxis,5,0
c.5416T>C,154133256,p.(Ser1806Pro),Ser1787Pro,Missense,Substitution,16,1787,A3,Light Chain,N,X,,,,Severe,No,,2012,233,,0,2,0,Exon,Mid,0,0,a8ab156f-99f4-416a-8c74-c10f3c3b0328,3.2,Caucasian,Prophylaxis,49,0
c.5417C>A,154133255,p.(Ser1806Tyr),Ser1787Tyr,Missense,Substitution,16,1787,A3,Light chain,N,,,,X,Not reported,Not reported,,2013,249,,0,,0,Exon,Mid,0,,bc027f84-7951-40e9-b1ab-61cbdbbce293,16.2,Black,On-Demand,92,0
c.5419A>G,154133253,p.(Ser1807Gly),Ser1788Gly,Missense,Substitution,16,1788,A3,Light chain,N,,,X,,Mild,Not reported,,2008,"183, 186",,0,0,0,Exon,Mid,0,0,24b84e9e-fe06-412c-862c-d5ae1e3f41f7,30.6,Asian,Prophylaxis,335,1
c.5420G>C,154133252,p.(Ser1807Thr),Ser1788Thr,Missense,Substitution,16,1788,A3,Light chain,N,,,,X,Mild/Moderate,No,,2005,152,,0,,0,Exon,Mid,0,,4d430331-126c-442d-a27b-74fb4a43b704,12.5,Caucasian,On-Demand,58,0
c.5421C>G,154133251,p.(Ser1807Arg),Ser1788Arg,Missense,Substitution,16,1788,A3,Light chain,N,,X,,,Moderate,Not reported,,2016,280,,0,1,0,Exon,Mid,0,0,7400b08e-2ba8-49ab-8407-04410148e51b,14.4,Caucasian,Prophylaxis,152,0
c.5422C>T,154133250,p.(Leu1808Phe),Leu1789Phe,Missense,Substitution,16,1789,A3,Light chain,N,,,X,,Mild,Not reported,,1992,43,,0,0,0,Exon,Mid,0,0,6f148f9d-a033-48db-9768-66e315564ab8,23.2,Caucasian,On-Demand,127,0
c.5422delC,154133250,p.(Ile1809Phefs*62),Ile1790Phefs*62,Frameshift,Deletion,16,1790,A3,Light chain,N,X,,,,Severe,No,,2007,168,,0,2,1,Exon,Mid,1,2,2f0bc59d-9fd7-422f-a1bf-9e782b152255,3.7,Caucasian,Prophylaxis,50,0
c.5423T>C,154133249,p.(Leu1808Pro),Leu1789Pro,Missense,Substitution,16,1789,A3,Light chain,N,,,X,,Mild,Not reported,,2016,280,,0,0,0,Exon,Mid,0,0,bfec3114-1063-43aa-916c-66114ed81d2c,15.6,Black,On-Demand,86,0
c.5425A>T,154133247,p.(Ile1809Phe),Ile1790Phe,Missense,Substitution,16,1790,A3,Light Chain,N,,X,,,Moderate,Not reported,,2010,211,,0,1,0,Exon,Mid,0,0,5ef9859d-6be9-4889-bac3-9aecd2bb4cd4,2,Caucasian,Prophylaxis,12,0
c.5426T>C,154133246,p.(Ile1809Thr),Ile1790Thr,Missense,Substitution,16,1790,A3,Light chain,N,,,X,,Mild,Not reported,,2013,249,,0,0,0,Exon,Mid,0,0,49f1dfac-0ef0-430e-a645-cd234416a462,16.9,Caucasian,On-Demand,94,0
c.5428delT,154133244,p.(Ser1810Leufs*61),Ser1791Leufs*61,Frameshift,Deletion,16,1791,A3,Light chain,N,,X,,,Severe,No,,2009,198,,0,2,1,Exon,Mid,1,2,f57efa75-2fc6-4f0f-bfd9-f879fe0de9a5,1.6,Black,Prophylaxis,40,1
c.5428T>C,154133244,p.(Ser1810Pro),Ser1791Pro,Missense,Substitution,16,1791,A3,Light chain,N,,,,X,Mild/Moderate,No,1 stage-2 stage assay discrepancy,2005,152,,0,,0,Exon,Mid,0,,97261a08-cd80-4213-952c-6d64f2ddf515,2,Caucasian,On-Demand,5,0
c.5431T>C,154133241,p.(Tyr1811His),Tyr1792His,Missense,Substitution,16,1792,A3,Light chain,N,,,X,,Mild,Not reported,,2018,293,,0,0,0,Exon,Mid,0,0,35c4256c-367d-4c81-8d0c-00eee48079b6,10.4,Caucasian,On-Demand,38,0
c.5432A>G,154133240,p.(Tyr1811Cys),Tyr1792Cys,Missense,Substitution,16,1792,A3,Light chain,N,,,X,,Mild,Not reported,,2013,247,,0,0,0,Exon,Mid,0,0,187fc1bb-af7b-4209-8c4f-56d8db8eceb9,30.3,Caucasian,On-Demand,159,0
c.5433T>A,154133239,p.(Tyr1811*),Tyr1792*,Nonsense,Substitution,16,1792,A3,Light chain,N,X,,,,Severe,Yes,,2005,"0, 153",,1,2,1,Exon,Mid,4,8,696a2bcf-9117-412a-aa0e-d9f7d9a85201,2.2,Asian,On-Demand,17,1
c.5434G>T,154133238,p.(Glu1812*),Glu1793*,Nonsense,Substitution,16,1793,A3,Light chain,N,X,,,,Severe,No,,2012,231,,0,2,1,Exon,Mid,4,8,36834400-e17e-4c96-bac4-e3641147cc4d,2.1,Asian,Prophylaxis,14,0
c.5443C>T,154133229,p.(Gln1815*),Gln1796*,Nonsense,Substitution,16,1796,A3,Light chain,N,X,,,,Severe,Yes,,1993,56,,1,2,1,Exon,Mid,4,8,f053335f-843d-4d55-b374-9e7ff2ff0d85,10.1,Hispanic,Prophylaxis,105,0
c.5447_5448dupGG,154133224_154133225,p.(Gln1817Glufs*55),Gln1798Glufs*55,Frameshift,Duplication,16,1798,A3,Light chain,N,X,,,,Severe,Yes,,2022,343,X,1,2,1,Exon,Mid,1,2,a45d2ea2-bb5b-44e0-bce4-fa5639fa5c86,5,Black,Prophylaxis,53,0
c.5449C>T,154133223,p.(Gln1817*),Gln1798*,Nonsense,Substitution,16,1798,A3,Light chain,N,X,,,,Severe,Yes,,2016,282,,1,2,1,Exon,Mid,4,8,7dccf225-b838-4a55-89ce-514d8e03e2ab,5.1,Caucasian,Prophylaxis,49,1
c.5452_5453insGA,154133219_154133220,p.(Ala1819Glufs*53),Ala1800Glufs*53,Frameshift,Insertion,16,1800,A3,Light chain,N,X,,,,Severe,Not reported,,2021,336,X,0,2,1,Exon,Mid,1,2,4c4786dc-459d-4bb0-b7aa-af5b615cb70d,1.9,Caucasian,Prophylaxis,19,0
c.5452G>T,154133220,p.(Gly1818*),Gly1799*,Nonsense,Substitution,16,1799,A3,Light chain,N,X,,,,Severe,No,,2007,168,,0,2,1,Exon,Mid,4,8,a43c9083-c555-4e58-8321-07a72d46f797,2.9,Caucasian,Prophylaxis,38,0
c.5455G>A,154133217,p.(Ala1819Thr),Ala1800Thr,Missense,Substitution,16,1800,A3,Light chain,N,,,X,,Mild,No,,2013,239,,0,0,0,Exon,Mid,0,0,a4407682-a9c8-4d96-a7e6-125b0c16c7fb,13.4,Caucasian,On-Demand,71,0
c.5460delA,154133212,p.(Glu1820Aspfs*51),Glu1801Aspfs*51,Frameshift,Deletion,16,1801,A3,Light chain,Y,,,,X,Not reported,No,,1995,70,,0,,1,Exon,Mid,1,,8733ae98-c406-444f-86f5-baea45371724,19.7,Caucasian,Prophylaxis,204,0
c.5464delA,154133208,p.(Arg1822Glufs*49),Arg1803Glufs*49,Frameshift,Deletion,16,1803,A3,Light chain,Y,X,,,,Severe,No,,2012,231,,0,2,1,Exon,Mid,1,2,96841d74-d529-436c-baba-1a9903a50d6a,2.3,Caucasian,Prophylaxis,8,0
c.5471A>T,154133201,p.(Asn1824Ile),Asn1805Ile,Missense,Substitution,16,1805,A3,Light chain,Y,,X,,,Severe,No,,2009,198,,0,2,0,Exon,Mid,0,0,9814ae91-fc55-4148-95c4-43d1e337cfa7,2,Caucasian,Prophylaxis,21,0
c.5471delA,154133201,"p,(Asn1824Thrfs*47)",Asn1805Thrfs*47,Frameshift,Deletion,16,1805,A3,Light chain,Y,X,,,,Severe,Not reported,,2009,190,,0,2,1,Exon,Mid,1,2,5e6fb3e1-c577-4750-ae58-ed241b9702b1,8.5,Black,Prophylaxis,74,1
c.5471dupA,154133201,p.(Asn1824Lysfs*6),Asn1805Lysfs*6,Frameshift,Duplication,16,1805,A3,Light chain,Y,,X,,,Moderate,Not reported,,2008,181,,0,1,1,Exon,Mid,1,1,6914b106-f1d7-4c8a-bb7c-6cc059298a6e,5.7,Caucasian,Prophylaxis,64,0
c.5473_5478del,154133194_154133199,p.(Phe1825_Val1826del),Phe1806_Val1807del,"Small structural change (in-frame, <50 bp)",Deletion,16,1806,A3,Light chain,N,X,,,,Severe,Not reported,,2008,"183, 186",,0,2,0,Exon,Mid,5,10,c7852691-f4ef-4067-8f4f-c6f17b07917a,4.3,Black,Prophylaxis,50,1
c.5474_5475del,154133197_154133198,p.(Phe1825Cysfs*4),Phe1806Cysfs*4,Frameshift,Deletion,16,1806,A3,Light chain,N,X,,,,Severe,No,,2012,231,,0,2,1,Exon,Mid,1,2,2112148b-19e9-4d29-9879-f41575454794,6.3,Caucasian,Prophylaxis,66,0
c.5476G>T,154133196,p.(Val1826Phe),Val1807Phe,Missense,Substitution,16,1807,A3,Light chain,N,,X,,,Moderate,Not reported,,2016,280,,0,1,0,Exon,Mid,0,0,cf876d89-2d85-4534-9495-421899da5314,11.9,Caucasian,On-Demand,68,0
c.5480delA,154133192,p.(Lys1827Serfs*44),Lys1808Serfs*44,Frameshift,Deletion,16,1808,A3,Light chain,N,X,,,,Severe,Not reported,,2021,333,X,0,2,1,Exon,Mid,1,2,b936b230-1d30-4a2b-a0b3-a0ee74c4103d,9.3,Caucasian,Prophylaxis,73,0
c.5483C>T,154133189,p.(Pro1828Leu),Pro1809Leu,Missense,Substitution,16,1809,A3,Light chain,N,,,X,,Mild,Yes,,2015,278,,1,0,0,Exon,Mid,0,0,efb8459c-34ce-4a19-8240-bd2de9e5e896,2,Caucasian,On-Demand,23,0
c.5486delA,154133186,p.(Asn1829Metfs*42),Asn1810Metfs*42,Frameshift,Deletion,16,1810,A3,Light chain,N,X,,,,Severe,No,,2005,151,,0,2,1,Exon,Mid,1,2,aa593ba5-03dd-450a-8fb2-cdf500116583,2.2,Caucasian,Prophylaxis,39,0
c.5488G>T,154133184,p.(Glu1830*),Glu1811*,Nonsense,Substitution,16,1811,A3,Light Chain,N,,X,,,Moderate,No,,2018,300,,0,1,1,Exon,Mid,4,4,db41c277-c28b-435a-9228-2df30fc02a8c,3.4,Asian,Prophylaxis,31,0
c.5500T>G,154133172,p.(Tyr1834Asp),Tyr1815Asp,Missense,Substitution,16,1815,A3,Light chain,N,,X,,,Moderate,Not reported,,2008,180,,0,1,0,Exon,Mid,0,0,25afed7b-090d-4396-af60-06fb731f71d2,5.9,Caucasian,Prophylaxis,50,0
c.5501A>G,154133171,p.(Tyr1834Cys),Tyr1815Cys,Missense,Substitution,16,1815,A3,Light chain,N,,,X,,Mild,No,,2007,161,,0,0,0,Exon,Mid,0,0,96d64ef1-9ffb-47fd-8b05-3c055abeae50,2,Black,On-Demand,6,0
c.5501dupA,154133171,p.(Tyr1834*),Tyr1815*,Frameshift,Duplication,16,1815,A3,Light chain,N,X,,,,Severe,Not reported,,2008,"183, 185",,0,2,1,Exon,Mid,1,2,28c18f2a-e84f-46b4-aedd-441efde05a9d,12.4,Black,Prophylaxis,123,0
c.5502delC,154133170,p.(Trp1836Glyfs*35),Trp1817Glyfs*35,Frameshift,Deletion,16,1817,A3,Light chain,N,X,,,,Severe,Not reported,,2018,293,,0,2,1,Exon,Mid,1,2,de4dfba9-d291-49a9-89e0-0aca4ec18147,2.6,Caucasian,On-Demand,17,0
c.5506delT,154133166,p.(Trp1836Glyfs*35),Trp1817Glyfs*35,Frameshift,Deletion,16,1817,A3,Light Chain,N,X,,,,Severe,Not reported,,2016,280,,0,2,1,Exon,Mid,1,2,302dde93-f036-44f5-8b60-7a881916dce6,7,Caucasian,Prophylaxis,74,0
c.5506T>C,154133166,p.(Trp1836Arg),Trp1817Arg,Missense,Substitution,16,1817,A3,Light chain,N,,X,,,Moderate,Not reported,,2018,293,,0,1,0,Exon,Mid,0,0,97dc3045-23fd-407b-b4d3-8abee36efe5c,1,Caucasian,Prophylaxis,19,0
c.5507G>A,154133165,p.(Trp1836*),Trp1817*,Nonsense,Substitution,16,1817,A3,Light chain,N,X,,,,Moderate/Severe,No,,2006,"0, 158",,0,,1,Exon,Mid,4,,6605d6ad-1fdf-4a96-b5e0-f92068b66055,36.5,Other,Prophylaxis,368,0
c.5508_5521del,154133151_154133164,p.(Trp1836*),Trp1817*,Frameshift,Deletion,16,1817,A3,Light chain,N,X,,,,Severe,No,,2008,188,,0,2,1,Exon,Mid,1,2,b8172216-80df-412b-9aeb-11078c6e786d,3.3,Caucasian,Prophylaxis,35,0
c.5508dupG,154133164,p.(Lys1837Glufs*10),Lys1818Glufs*10,Frameshift,Duplication,16,1818,A3,Light chain,N,X,,,,Severe,Not reported,,2014,256,,0,2,1,Exon,Mid,1,2,f693bc0d-0ab6-4e9b-bb38-e99e42b1ba96,2.4,Caucasian,Prophylaxis,16,1
c.5508G>A,154133164,p.(Trp1836*),Trp1817*,Nonsense,Substitution,16,1817,A3,Light chain,N,X,,,,Severe,No,,2005,"0, 152",,0,2,1,Exon,Mid,4,8,b72d492b-d132-4f78-93da-0b29ffef8ce8,1.6,Caucasian,Prophylaxis,21,0
c.5509A>T,154133163,p.(Lys1837*),Lys1818*,Nonsense,Substitution,16,1818,A3,Light Chain,N,X,,,,Severe,Yes,,2012,233,,1,2,1,Exon,Mid,4,8,345a4184-a719-40e8-a72f-362215b62bbc,2.6,Asian,On-Demand,1,0
c.5510A>T,154133162,p.(Lys1837Ile),Lys1818Ile,Missense,Substitution,16,1818,A3,Light chain,N,,,X,,Mild,Not reported,,2013,249,,0,0,0,Exon,Mid,0,0,4e98b91c-114c-4bd7-8d13-86a6cd7a91d9,14.5,Caucasian,On-Demand,68,0
c.5515C>T,154133157,p.(Gln1839*),Gln1820*,Nonsense,Substitution,16,1820,A3,Light chain,N,X,,,,Severe,Not reported,,2008,"183, 186",,0,2,1,Exon,Mid,4,8,3d355095-c743-4b77-9aed-b4a838f7bad5,3.1,Hispanic,Prophylaxis,42,0
c.5521_5523del,154133149_154133151,p.(His1841del),His1822del,"Small structural change (in-frame, <50 bp)",Deletion,16,1822,A3,Light chain,N,X,,,,Severe,No,,2014,260,,0,2,0,Exon,Mid,5,10,b921dbff-4e0e-4be4-85d1-e68e0f1d2845,7.1,Asian,Prophylaxis,74,0
c.5522A>T,154133150,p.(His1841Leu),His1822Leu,Missense,Substitution,16,1822,A3,Light chain,N,,,X,,Mild,Not reported,,2008,"183, 186",,0,0,0,Exon,Mid,0,0,985df43d-34bd-4c83-a206-51457a16f2a5,18.9,Caucasian,On-Demand,99,0
c.5524A>C,154133148,p.(Met1842Leu),Met1823Leu,Missense,Substitution,16,1823,A3,Light Chain,N,,,X,,Mild,No,,2008,180,,0,0,0,Exon,Mid,0,0,2dacbcc0-6227-4efd-8557-1a5e73e6f61f,2,Caucasian,On-Demand,5,0
c.5524A>T,154133148,p.(Met1842Leu),Met1823Leu,Missense,Substitution,16,1823,A3,Light chain,N,,,X,,Mild,Not reported,,2018,293,,0,0,0,Exon,Mid,0,0,dac29c79-a4b5-4177-911b-c77e8104d8c6,2,Hispanic,On-Demand,9,0
c.5527G>A,154133145,p.(Ala1843Thr),Ala1824Thr,Missense,Substitution,16,1824,A3,Light chain,N,,,X,,Mild,No,,2005,"0, 152",,0,0,0,Exon,Mid,0,0,f3c2b7fc-36ad-46e6-ad5a-4cfcd3b93d27,24.4,Caucasian,On-Demand,120,0
c.5528C>T,154133144,p.(Ala1843Val),Ala1824Val,Missense,Substitution,16,1824,A3,Light chain,N,,,X,,Mild,No,,2006,158,,0,0,0,Exon,Mid,0,0,13bf9625-0ef4-4998-8d27-a8cf33062fa8,19.7,Caucasian,On-Demand,107,0
c.5530C>T,154133142,p.(Pro1844Ser),Pro1825Ser,Missense,Substitution,16,1825,A3,Light chain,N,,,X,,Mild,Not reported,,1991,35,,0,0,0,Exon,Mid,0,0,054bb225-829b-406b-95cd-f25c81276fbb,22.5,Hispanic,On-Demand,102,0
c.5531C>A,154133141,p.(Pro1844His),Pro1825His,Missense,Substitution,16,1825,A3,Light chain,N,,,X,,Mild,No,,2007,161,,0,0,0,Exon,Mid,0,0,a8f301e3-9a98-407f-aa11-3bec7c791a2f,19.5,Caucasian,On-Demand,96,0
c.5531C>T,154133141,p.(Pro1844Leu),Pro1825Leu,Missense,Substitution,16,1825,A3,Light chain,N,,,,X,Mild/Moderate,No,,2005,152,,0,,0,Exon,Mid,0,,446e21dd-6d3b-4f96-9c00-02d135684d75,26.7,Caucasian,Prophylaxis,267,0
c.5533A>C,154133139,p.(Thr1845Pro),Thr1826Pro,Missense,Substitution,16,1826,A3,Light chain,N,,,,X,Mild,Not reported,,1992,44,,0,0,0,Exon,Mid,0,0,2406403e-41fc-461e-a388-ae52bcb2e466,17.3,Caucasian,Prophylaxis,169,0
c.5536A>T,154133136,p.(Lys1846*),Lys1827*,Nonsense,Substitution,16,1827,A3,Light chain,N,X,,,,Severe,Yes,,1993,56,,1,2,1,Exon,Mid,4,8,6e0f09fa-a507-4513-97ed-a835160b5904,6.5,Caucasian,Prophylaxis,73,0
c.5539_5586+?del,154133086_154133133,,,Large structural change (>50 bp),Deletion,16,,A3,Single domain,N,,,,X,Not reported,Yes,,2014,258,,1,,0,Exon,Mid,3,,8245a53d-4a2b-4593-ab33-d2685a32fa7e,14.1,Caucasian,Prophylaxis,121,1
c.5540A>G,154133132,p.(Asp1847Gly),Asp1828Gly,Missense,Substitution,16,1828,A3,Light chain,N,X,,,,Severe,Yes,,2008,180,,1,2,0,Exon,Mid,0,0,4cd80d8b-3fb0-451c-b713-eed0c5fa1006,3.9,Hispanic,Prophylaxis,40,0
c.5542delG,154133130,p.(Glu1848Serfs*23),Glu1829Serfs*23,Frameshift,Deletion,16,1829,A3,Light chain,N,X,,,,Severe,No,,2008,180,,0,2,1,Exon,Mid,1,2,8b874018-30d2-445b-8558-53c09f15a348,0.8,Caucasian,On-Demand,1,0
c.5542G>A,154133130,p.(Glu1848Lys),Glu1829Lys,Missense,Substitution,16,1829,A3,Light chain,N,X,X,,,Moderate/Severe,No,,2008,"175, 180",,0,,0,Exon,Mid,0,,d42c7fb2-704d-4cbf-a435-3a68a0957cb2,21.3,Caucasian,On-Demand,95,0
c.5543_5552del,154133120_154133129,p.(Glu1848Alafs*20),Glu1829Alafs*20,Frameshift,Deletion,16,1829,A3,Light chain,N,X,,,,Severe,Not reported,,2018,293,,0,2,1,Exon,Mid,1,2,b18f2ef1-7b6a-4f2d-8266-f820d87d357f,2.3,Hispanic,Prophylaxis,16,0
c.5543A>C,154133129,p.(Glu1848Ala),Glu1829Ala,Missense,Substitution,16,1829,A3,Light chain,N,,X,,,Mild,Not reported,,0,0,,0,0,0,Exon,Mid,0,0,ed53d827-d5cf-40ec-9f39-35ac8fca51f1,7.4,Asian,On-Demand,21,0
c.5543A>G,154133129,p.(Glu1848Gly),Glu1829Gly,Missense,Substitution,16,1829,A3,Light chain,N,,,X,,Mild,No,,2002,130,,0,0,0,Exon,Mid,0,0,62fb452b-11b8-4e5e-ae19-68eba586a117,9.1,Caucasian,On-Demand,41,0
c.5543A>T,154133129,p.(Glu1848Val),Glu1829Val,Missense,Substitution,16,1829,A3,Light chain,N,,,X,,Mild,No,,2008,180,,0,0,0,Exon,Mid,0,0,79ca1a73-df7d-4921-8360-a71fe944e1aa,2,Caucasian,On-Demand,5,0
c.5544G>C,154133128,p.(Glu1848Asp),Glu1829Asp,Missense,Substitution,16,1829,A3,Light chain,N,,,X,,Mild,No,,2012,231,,0,0,0,Exon,Mid,0,0,001a997d-736a-44bb-bb7f-41c98b6a86fd,23.6,Caucasian,On-Demand,113,0
c.5545T>A,154133127,p.(Phe1849Ile),Phe1830Ile,Missense,Substitution,16,1830,A3,Light chain,N,X,,X,,Mild/Severe,Not reported,,2021,333,X,0,,0,Exon,Mid,0,,b0b0d319-c4f5-4776-b9bd-2fc939052e14,14.2,Caucasian,On-Demand,69,0
c.5547T>A,154133125,p.(Phe1849Leu),Phe1830Leu,Missense,Substitution,16,1830,A3,Light chain,N,,,X,,Mild,Not reported,,2018,293,,0,0,0,Exon,Mid,0,0,2b96d1d1-1a85-4db4-9cff-9e6714c8c8c3,25.2,Caucasian,On-Demand,129,0
c.5547T>G,154133125,p.(Phe1849Leu),Phe1830Leu,Missense,Substitution,16,1830,A3,Light Chain,N,,,,X,Mild,Not reported,,0,0,,0,0,0,Exon,Mid,0,0,019b2e00-64e1-4afd-b844-7ab179650747,2,Caucasian,On-Demand,6,0
c.5551T>C,154133121,p.(Cys1851Arg),Cys1832Arg,Missense,Substitution,16,1832,A3,Light chain,N,X,,,,Severe,No,,2011,218,,0,2,0,Exon,Mid,0,0,d355dcc0-d4ab-4080-923b-f1f788b4ec0c,2.2,Caucasian,Prophylaxis,51,0
c.5552G>A,154133120,p.(Cys1851Arg),Cys1832Arg,Missense,Substitution,16,1832,A3,Light chain,N,,X,,,Moderate,No,,2021,334,X,0,1,0,Exon,Mid,0,0,6dae069b-1bc3-4441-bdf2-3dd2ae62a48f,1.6,Caucasian,Prophylaxis,24,0
c.5553C>A,154133119,p.(Cys1851*),Cys1832*,Nonsense,Substitution,16,1832,A3,Light chain,N,X,,,,Severe,Not reported,,2007,162,,0,2,1,Exon,Mid,4,8,5f512993-184e-42d5-8d9c-33d4a26a80df,1.6,Caucasian,Prophylaxis,22,1
c.5554A>G,154133118,p.(Lys1852Glu),Lys1833Glu,Missense,Substitution,16,1833,A3,Light chain,N,X,,,,Severe,Not reported,,0,0,,0,2,0,Exon,Mid,0,0,9b7ee6d1-9d99-454d-b2b5-bc79ef05e4fa,4.8,Black,Prophylaxis,46,0
c.5556A>T,154133116,p.(Lys1852Asn),Lys1833Asn,Missense,Substitution,16,1833,A3,Light chain,N,,X,,,Moderate,Not reported,,2014,256,,0,1,0,Exon,Mid,0,0,e9b22d51-4bd0-4e5c-a946-9e1888661383,7.8,Caucasian,Prophylaxis,81,1
c.5557G>A,154133115,p.(Ala1853Thr),Ala1834Thr,Missense,Substitution,16,1834,A3,Light chain,N,X,,,,Severe,Not reported,,1995,67,,0,2,0,Exon,Mid,0,0,bb59a059-6e2f-4a7d-8a21-db90ee679a48,13.3,Caucasian,Prophylaxis,156,1
c.5558C>A,154133114,p.(Ala1853Asp),Ala1834Asp,Missense,Substitution,16,1834,A3,Light chain,N,X,,,,Severe,Not reported,,2021,330,X,0,2,0,Exon,Mid,0,0,dee898c4-5542-43b2-9fbc-1b253593738b,5.9,Black,On-Demand,29,0
c.5558C>T,154133114,p.(Ala1853Val),Ala1834Val,Missense,Substitution,16,1834,A3,Light chain,N,,,X,,Mild,No,,1993,56,,0,0,0,Exon,Mid,0,0,de58c849-0615-4a23-b7b3-8e722f1b739f,13.7,Other,On-Demand,63,0
c.5560T>C,154133112,p.(Trp1854Arg),Trp1835Arg,Missense,Substitution,16,1835,A3,Light chain,N,,X,,,Moderate,No,,2017,288,,0,1,0,Exon,Mid,0,0,32f0f4ec-1ed1-493c-a239-d200d9de20e0,3.8,Caucasian,Prophylaxis,14,0
c.5560T>G,154133112,p.(Trp1854Gly),Trp1835Gly,Missense,Substitution,16,1835,A3,Light chain,N,X,,,,Severe,Not reported,,2008,"183, 186",,0,2,0,Exon,Mid,0,0,d315f18f-dd24-41cc-9a70-90f7d194315b,5.1,Other,On-Demand,27,0
c.5561G>A,154133111,p.(Trp1854*),Trp1835*,Nonsense,Substitution,16,1835,A3,Light chain,N,X,,,,Severe,No,,2005,"0, 154",,0,2,1,Exon,Mid,4,8,3a131ac6-d0d1-4edc-8193-e91150a39a5b,3.8,Caucasian,Prophylaxis,43,0
c.5561G>C,154133111,p.(Trp1854Ser),Trp1835Ser,Missense,Substitution,16,1835,A3,Light chain,N,X,,,,Severe,Not reported,,2018,293,,0,2,0,Exon,Mid,0,0,be998024-8f1d-4e73-b933-647cd6bb2435,11.5,Hispanic,Prophylaxis,115,0
c.5561G>T,154133111,p.(Trp1854Leu),Trp1835Leu,Missense,Substitution,16,1835,A3,Light chain,N,X,,,,Severe,No,,2016,282,,0,2,0,Exon,Mid,0,0,1cf5c321-3434-4ccf-9ad5-69e80a46424d,5,Asian,Prophylaxis,46,0
c.5562G>A,154133110,p.(Trp1854*),Trp1835*,Nonsense,Substitution,16,1835,A3,Light Chain,N,X,,,,Severe,No,,2010,205,,0,2,1,Exon,Mid,4,8,8a386cc4-5f4a-4652-917f-0d82abd8cfd6,4.8,Hispanic,Prophylaxis,60,0
c.5562G>T,154133110,p.(Trp1854Cys),Trp1835Cys,Missense,Substitution,16,1835,A3,Light chain,N,X,,,,Severe,Not reported,,2007,162,,0,2,0,Exon,Mid,0,0,997b52de-29aa-4bb0-8d52-41520b86d031,3,Caucasian,On-Demand,24,0
c.5563delG,154133109,p.(Ala1855Leufs*16),Ala1836Leufs*16,Frameshift,Deletion,16,1836,A3,Light chain,N,X,,,,Severe,No,,2003,133,,0,2,1,Exon,Mid,1,2,ce6930ef-36e2-4778-b61f-500c1d98883b,6.2,Black,Prophylaxis,69,0
c.5564_5567del,154133105_154133108,p.(Ala1855Valfs*15),Ala1836Valfs*15,Frameshift,Deletion,16,1836,A3,Light chain,N,X,,,,Severe,No,,2002,130,,0,2,1,Exon,Mid,1,2,3773b3b2-eb41-48f8-a95d-83d793114564,2.3,Caucasian,Prophylaxis,35,0
c.5564C>A,154133108,p.(Ala1855Asp),Ala1836Asp,Missense,Substitution,16,1836,A3,Light chain,N,,,,X,Moderate,No,,0,0,,0,1,0,Exon,Mid,0,0,d6ceb0b6-86eb-4f10-be09-479d2b50ab25,3.5,Caucasian,Prophylaxis,34,0
c.5566T>C,154133106,p.(Tyr1856His),Tyr1837His,Missense,Substitution,16,1837,A3,Light chain,N,,,X,,Mild,No,,2017,288,,0,0,0,Exon,Mid,0,0,c76c6095-7828-4913-b535-0cb6e75b0fc7,14,Other,On-Demand,68,0
c.5566T>G,154133106,p.(Tyr1856Asp),Tyr1837Asp,Missense,Substitution,16,1837,A3,Light chain,N,X,,,,Severe,No,,2014,255,,0,2,0,Exon,Mid,0,0,afd85035-0365-4043-bf8d-1f9038f02837,3.5,Black,Prophylaxis,36,0
c.5567_5570delATTT,154133102_154133105,p.(Tyr1856Serfs*14),Tyr1837Serfs*14,Frameshift,Deletion,16,1837,A3,Light chain,N,,,,X,Not Reported,Not reported,,2021,332,X,0,,1,Exon,Mid,1,,14832d53-9d4a-4b93-95f3-0fd32260a324,2,Other,On-Demand,13,0
c.5567A>C,154133105,p.(Tyr1856Ser),Tyr1837Ser,Missense,Substitution,16,1837,A3,Light chain,N,,X,,,Moderate,No,,2010,205,,0,1,0,Exon,Mid,0,0,6133d1aa-524a-4891-9a95-33a6eee708c2,4.5,Hispanic,Prophylaxis,56,0
c.5567A>G,154133105,p.(Tyr1856Cys),Tyr1837Cys,Missense,Substitution,16,1837,A3,Light chain,N,X,,,,Severe,No,,2009,198,,0,2,0,Exon,Mid,0,0,a6b147f7-1a68-4db8-9ae2-38cebfadcf40,10.2,Other,On-Demand,59,0
c.5568T>G,154133104,p.(Tyr1856*),Tyr1837*,Nonsense,Substitution,16,1837,A3,Light chain,N,,,,X,Severe,Yes,,1998,93,,1,2,1,Exon,Mid,4,8,c93f5c21-86dc-4664-bc25-23723c7088f0,2.5,Caucasian,Prophylaxis,1,0
c.5573_5574del,154133098_154133099,p.(Ser1858*),Ser1839*,Frameshift,Deletion,16,1839,A3,Light chain,N,,,,,Severe,Yes,,2006,158,,1,2,1,Exon,Mid,1,2,0b8fb461-b354-48d6-922c-2bac95bb1c4e,3.1,Caucasian,Prophylaxis,10,0
c.5573C>G,154133099,p.(Ser1858Cys),Ser1839Cys,Missense,Substitution,16,1839,A3,Light chain,N,,X,,,Moderate,Not reported,,2002,127,,0,1,0,Exon,Mid,0,0,cc5fb575-0b7a-4844-81b6-4bad7f099093,2.3,Hispanic,Prophylaxis,11,1
c.5573C>T,154133099,p.(Ser1858Phe),Ser1839Phe,Missense,Substitution,16,1839,A3,Light chain,N,,,X,,Severe,Not reported,,2007,166,,0,2,0,Exon,Mid,0,0,fd3c1a70-8b0d-4145-8596-2bb14f7c5175,1.5,Asian,Prophylaxis,4,0
c.5574delT,154133098,p.(Asp1859Metfs*12),Asp1840Metfs*12,Frameshift,Deletion,16,1840,A3,Light chain,N,X,,,,Severe,No,,2008,175,,0,2,1,Exon,Mid,1,2,253ebcfc-7328-40a4-8afd-cbd7d19cabb9,4.2,Caucasian,On-Demand,1,1
c.5574dupT,154133098,p.(Asp1859*),Asp1840*,Frameshift,Duplication,16,1840,A3,Light chain,N,X,,,,Severe,Yes,,2012,227,,1,2,1,Exon,Mid,1,2,2317f159-1089-4ec4-aa30-b4d555ccfad7,9.9,Caucasian,On-Demand,45,0
c.5575delG,154133097,p.(Asp1859Metfs*12),Asp1840Metfs*12,Frameshift,Deletion,16,1840,A3,Light chain,N,X,,,,Severe,No,,2002,127,,0,2,1,Exon,Mid,1,2,384328ec-7f2a-4339-b8d2-f0ba79a471e6,2,Hispanic,Prophylaxis,6,1
c.5575G>C,154133097,p.(Asp1859His),Asp1840His,Missense,Substitution,16,1840,A3,Light chain,N,X,,,,Severe,No,,2020,324,X,0,2,0,Exon,Mid,0,0,b40bf7bf-b73a-4f5c-b7e6-452093271aea,3.3,Caucasian,Prophylaxis,39,0
c.5576_5582delinsCAAAG,15413390_154133096,p.(Asp1859Alafs*21),Asp1840Alafs*21,Frameshift,Deletion/Insertion,16,1840,A3,Light chain,N,X,,,,Severe,Yes,,2018,300,,1,2,1,Exon,Mid,1,2,65f75f9c-6bc1-431e-b55d-ceb78b3fabaf,7.1,Asian,Prophylaxis,53,0
c.5576A>G,154133096,p.(Asp1859Gly),Asp1840Gly,Missense,Substitution,16,1840,A3,Light chain,N,,X,,,Moderate,Not reported,,2008,181,,0,1,0,Exon,Mid,0,0,85400087-24e9-4f03-8f71-04d6105feb51,5.5,Asian,Prophylaxis,47,0
c.5576A>T,154133096,p.(Asp1859Val),Asp1840Val,Missense,Substitution,16,1840,A3,Light chain,N,,,X,,Mild,Not reported,,2021,338,X,0,0,0,Exon,Mid,0,0,2b17024a-ea35-4c9e-a3a5-980683dbda0f,8.7,Black,On-Demand,30,0
c.5581_5583del,154133089_154133091,p.(Asp1861del),Asp1842del,"Small structural change (in-frame, <50 bp)",Deletion,16,1842,A3,Light chain,N,,X,,,Moderate,Not reported,,2018,293,,0,1,0,Exon,Mid,5,5,e760fae8-f7da-41e7-9d52-45732cf5651b,12,Hispanic,Prophylaxis,112,1
c.5581G>T,154133091,p.(Asp1861Tyr),Asp1842Tyr,Missense,Substitution,16,1842,A3,Light chain,N,,,X,,Mild,Not reported,,2014,256,,0,0,0,Exon,Mid,0,0,3919e742-c07e-4171-a058-4ba8b0a54b51,2,Caucasian,On-Demand,31,0
c.5586G>A,154133086,p.(=),0,Synonymous,Substitution,16,1843,A3,Light chain,N,,,X,,Mild,Not reported,Potential splice error,1991,35,,0,0,0,Exon,Mid,2,0,0ea1ceb5-dadf-4c08-b6f4-f15156d85424,13.9,Caucasian,On-Demand,78,0
c.5586G>C,154133086,p.(=),0,Synonymous,Substitution,16,1843,A3,Light chain,N,X,,,,Severe,Not reported,,2018,293,,0,2,0,Exon,Mid,2,4,ddb13e69-29c3-41d4-b0c6-b93b551e6b6c,5.6,Asian,Prophylaxis,53,0
c.5587-?_5815+?del,154132571_154132799,,,Large structural change (>50 bp),Deletion,17,,A3,single domain,N,X,,,,Severe,No,,1995,66,,0,2,0,Exon,Late,3,6,4968d4fd-aad3-4a41-a0e1-fd0609ae713f,4.3,Black,Prophylaxis,49,0
c.5587-?_5815+?dup,154132571_154132799,,,Large structural change (>50 bp),Duplication,17,,A3,single domain,N,,X,,,Moderate,No,,2012,231,,0,1,0,Exon,Late,3,3,1076990c-8b77-4a04-af80-111aa9594320,8.4,Caucasian,Prophylaxis,90,1
c.5587G>A,154132799,p.(Glu1863Lys),Glu1844Lys,Missense,Substitution,17,1844,A3,Light chain,N,,,X,,Mild,No,,2008,180,,0,0,0,Exon,Late,0,0,430bc3e6-ff1d-48da-92c5-ea79d3466b43,13.5,Caucasian,On-Demand,70,1
c.5590A>G,154132796,p.(Lys1864Glu),Lys1845Glu,Missense,Substitution,17,1845,A3,Light chain,N,,,X,,Mild,No,,1999,101,,0,0,0,Exon,Late,0,0,2d7b488d-d20d-45e9-b4a2-87959c52f65c,14.9,Caucasian,On-Demand,64,0
c.5592delA,154132794,p.(Asp1865Metfs*6),Asp1846Metfs*6,Frameshift,Deletion,17,1846,A3,Light chain,Y,X,,,,Severe,No,,2005,"0, 152",,0,2,1,Exon,Late,1,2,801a996a-8c8f-4182-a39b-90bff9aadfec,5,Hispanic,Prophylaxis,43,0
c.5592dupA,154132794,p.(Asp1865Argfs*16),Asp1846Argfs*16,Frameshift,Duplication,17,1846,A3,Light chain,Y,X,,,,Severe,No,,2007,169,,0,2,1,Exon,Late,1,2,c3028d66-6ab3-4c77-9607-e3c2c17dead8,4.4,Caucasian,On-Demand,1,1
c.5593G>A,154132793,p.(Asp1865Asn),Asp1846Asn,Missense,Substitution,17,1846,A3,Light chain,N,X,,,,Severe,Not reported,,1996,72,,0,2,0,Exon,Late,0,0,b3477a2e-0d37-4124-bb80-4b59cac018b4,1.9,Caucasian,Prophylaxis,28,1
c.5594A>G,154132792,p.(Asp1865Gly),Asp1846Gly,Missense,Substitution,17,1846,A3,Light chain,N,X,,,,Severe,No,,2008,175,,0,2,0,Exon,Late,0,0,d5a8f237-1a9d-4fd3-b3fb-1d022b3e0ea9,10.3,Caucasian,Prophylaxis,99,0
c.5594A>T,154132792,p.(Asp1865Val),Asp1846Val,Missense,Substitution,17,1846,A3,Light chain,N,,,,X,Not Reported,Not reported,,2022,345,X,0,,0,Exon,Late,0,,8733f87e-c7fa-410d-b77a-fb9690ff6535,2,Asian,On-Demand,26,0
c.5595T>A,154132791,p.(Asp1865Glu),Asp1846Glu,Missense,Substitution,17,1846,A3,Light chain,N,X,,,,Severe,No,1 stage-2 stage assay discrepancy,0,0,,0,2,0,Exon,Late,0,0,7fc1b6b3-303e-477b-93d7-796c45bd3e63,3.5,Caucasian,Prophylaxis,31,0
c.5600A>C,154132786,p.(His1867Pro),His1848Pro,Missense,Substitution,17,1848,A3,Light chain,N,,,X,,Mild,No,,1995,66,,0,0,0,Exon,Late,0,0,1a460064-8ecc-4d70-9e13-6a27f18517b8,10.3,Hispanic,On-Demand,68,0
c.5600A>G,154132786,p.(His1867Arg),His1848Arg,Missense,Substitution,17,1848,A3,Light chain,N,,X,,,Moderate,Not reported,,1991,35,,0,1,0,Exon,Late,0,0,bb0820c1-f9cb-4702-8642-b8e193567624,5.5,Asian,Prophylaxis,48,0
c.5602_5603del,154132783_154132784,p.(Ser1868Argfs*12),Ser1849Argfs*12,Frameshift,Deletion,17,1849,A3,Light chain,N,X,,,,Severe,Not reported,,2013,249,,0,2,1,Exon,Late,1,2,71924b7b-b4e1-48fe-95b2-8e572676c8be,9.1,Black,Prophylaxis,83,0
c.5602T>C,154132784,p.(Ser1868Pro),Ser1849Pro,Missense,Substitution,17,1849,A3,Light chain,N,X,,,,Severe,Not reported,,2007,166,,0,2,0,Exon,Late,0,0,8e59ca43-c112-40ad-bfeb-639d5831ec75,4.3,Caucasian,Prophylaxis,28,0
c.5603C>T,154132783,p.(Ser1868Leu),Ser1849Leu,Missense,Substitution,17,1849,A3,Light chain,N,X,,,,Severe,No,,2005,146,,0,2,0,Exon,Late,0,0,91660158-df22-4960-aa26-c5a525289b6d,3.4,Other,Prophylaxis,47,0
c.5605G>A,154132781,p.(Gly1869Ser),Gly1850Ser,Missense,Substitution,17,1850,A3,Light Chain,N,X,,,,Severe,No,,2012,233,,0,2,0,Exon,Late,0,0,48264814-f4d8-4e8c-a2d9-705499cd5f16,1.8,Caucasian,Prophylaxis,12,0
c.5605G>C,154132781,p.(Gly1869Arg),Gly1850Arg,Missense,Substitution,17,1850,A3,Light chain,N,,X,,,Moderate,Not reported,,2016,280,,0,1,0,Exon,Late,0,0,2c391d8c-1965-4dbe-81a6-6ee25a82185f,4.6,Caucasian,Prophylaxis,44,0
c.5606G>A,154132780,p.(Gly1869Asp),Gly1850Asp,Missense,Substitution,17,1850,A3,Light chain,N,X,,,,Severe,Not reported,,2002,127,,0,2,0,Exon,Late,0,0,fe28759f-213f-4040-b2f6-a573f16e5872,1.2,Caucasian,Prophylaxis,1,0
c.5606G>T,154132780,p.(Gly1869Val),Gly1850Val,Missense,Substitution,17,1850,A3,Light chain,N,,X,,,Severe,Not reported,,1998,91,,0,2,0,Exon,Late,0,0,ed8e8b1a-c1f2-49e9-bfb4-7e83c29b18c4,1.6,Caucasian,On-Demand,1,0
c.5609T>C,154132777,p.(Leu1870Pro),Leu1851Pro,Missense,Substitution,17,1851,A3,Light chain,N,,X,,,Moderate,No,,2018,306,,0,1,0,Exon,Late,0,0,66bfbf0e-6733-4659-9fba-94985aead7b8,3.9,Caucasian,Prophylaxis,24,0
c.5609T>G,154132777,p.(Leu1870Arg),Leu1851Arg,Missense,Substitution,17,1851,A3,Light Chain,N,X,,,,Severe,No,,2012,233,,0,2,0,Exon,Late,0,0,2488a95d-6a6f-4238-8ea8-9f12048f3187,3.4,Black,Prophylaxis,36,1
c.5614G>A,154132772,p.(Gly1872Arg),Gly1853Arg,Missense,Substitution,17,1853,A3,Light chain,N,X,,,,Severe,No,,2010,213,,0,2,0,Exon,Late,0,0,fcc1ce31-b5c0-4074-99ff-52dd8cfc99f2,5.3,Asian,On-Demand,15,1
c.5615G>A,154132771,p.(Gly1872Glu),Gly1853Glu,Missense,Substitution,17,1853,A3,Light chain,N,X,,,,Severe,No,,2001,124,,0,2,0,Exon,Late,0,0,e2ea3fee-ec3a-48d1-8e97-acc64e29e435,1.5,Caucasian,Prophylaxis,1,0
c.5618C>T,154132768,p.(Pro1873Leu),Pro1854Leu,Missense,Substitution,17,1854,A3,Light chain,N,,,X,,Mild,Yes,,2003,"0, 137",,1,0,0,Exon,Late,0,0,0b3a85b6-4588-421b-b4f0-1b648dcbca03,23.3,Asian,On-Demand,124,0
c.5622dupT,154132764,p.(Leu1875Serfs*6),Leu1856Serfs*6,Frameshift,Duplication,17,1856,A3,Light chain,N,X,,,,Severe,Not reported,,1996,72,,0,2,1,Exon,Late,1,2,5fe0ed03-a584-4059-ad9f-e7594ad92411,3.9,Black,Prophylaxis,35,0
c.5624T>C,154132762,p.(Leu1875Pro),Leu1856Pro,Missense,Substitution,17,1856,A3,Light chain,N,X,,,,Severe,Not reported,,2002,126,,0,2,0,Exon,Late,0,0,9937cd28-b88f-4f5b-8cd2-7c162ab8cd5e,3.9,Asian,Prophylaxis,44,0
c.5625G>T,154132761,p.(=),0,Synonymous,Substitution,17,1856,A3,Light chain,N,,,,X,Not Reported,Not reported,,2022,345,X,0,,0,Exon,Late,2,,4393b261-5b9f-44a3-9b97-ecdd13d26ccb,10.9,Hispanic,On-Demand,64,0
c.5626G>C,154132760,p.(Val1876Leu),Val1857Leu,Missense,Substitution,17,1857,A3,Light chain,N,,,X,,Mild,No,,2001,123,,0,0,0,Exon,Late,0,0,6d1cc766-2219-468e-9efc-89da802dcf96,14.6,Caucasian,On-Demand,71,0
c.5627_5632del,154132754_154132759,p.(Val1876_His1878delinsAsp),Val1857_His1858delinsAsp,"Small structural change (in-frame, <50 bp)",Deletion,17,1857-1858,A3,Light chain,N,X,,,,Severe,No,,2013,240,,0,2,0,Exon,Late,5,10,0ce6b478-b7fd-4ea9-b760-35dbcc28d241,4.2,Caucasian,Prophylaxis,35,0
c.5629T>C,154132757,p.(Cys1877Arg),Cys1858Arg,Missense,Substitution,17,1858,A3,Light chain,N,X,,,,Severe,Not reported,,2002,126,,0,2,0,Exon,Late,0,0,95adc4ec-38df-4efe-8a18-5ece6578eb32,2.8,Hispanic,Prophylaxis,24,0
c.5629T>G,154132757,p.(Cys1877Gly),Cys1858Gly,Missense,Substitution,17,1858,A3,Light chain,N,X,,,,Severe,Yes,,2022,348,X,1,2,0,Exon,Late,0,0,52d2005c-bdc6-4ad2-8042-9f95bed8b48e,5.8,Caucasian,On-Demand,53,0
c.5630G>A,154132756,p.(Cys1877Tyr),Cys1858Tyr,Missense,Substitution,17,1858,A3,Light chain,N,X,,,,Severe,No,,2011,216,,0,2,0,Exon,Late,0,0,e80abaf8-bf32-46cf-8bfa-c4ff52ecf927,1.6,Caucasian,Prophylaxis,29,0
c.5630G>C,154132756,p.(Cys1877Ser),Cys1858Ser,Missense,Substitution,17,1858,A3,Light chain,N,X,,,,Severe,Not reported,,2018,293,,0,2,0,Exon,Late,0,0,6dbc346a-c9cc-45c4-ba61-1fc194cd43e2,3.1,Other,Prophylaxis,18,0
c.5631C>A,154132755,p.(Cys1877*),Cys1858*,Nonsense,Substitution,17,1858,A3,Light chain,N,X,,,,Severe,Yes,,2013,249,,1,2,1,Exon,Late,4,8,983932b8-e834-418e-b9eb-a335c6a7b5a9,4.1,Caucasian,Prophylaxis,46,1
c.5633A>C,154132753,p.(His1878Pro),His1859Pro,Missense,Substitution,17,1859,A3,Light chain,N,,,X,,Mild,Not reported,,2013,243,,0,0,0,Exon,Late,0,0,528255cd-d4ec-4c7e-ad6a-2cead771923c,12.5,Caucasian,On-Demand,66,1
c.5634delC,154132752,p.(His1878Glnfs*5),His1859Gln*5,Frameshift,Deletion,17,1859,A3,Light chain,N,X,,,,Severe,Not reported,,2018,293,,0,2,1,Exon,Late,1,2,82058365-c876-40b1-9805-338327881fd7,7.7,Asian,Prophylaxis,63,0
c.5638_5645del,154132741_154132748,p.(Asn1880Glufs*21),Asn1861Glufs*21,Frameshift,Deletion,17,1861,A3,Light chain,N,X,,,,Severe,Not reported,,2016,280,,0,2,1,Exon,Late,1,2,a574f37e-f15d-488a-ba80-74f09e799ba9,4.1,Asian,Prophylaxis,44,0
c.5639A>T,154132747,p.(Asn1880Ile),Asn1861Ile,Missense,Substitution,17,1861,A3,Light chain,Y,,,,X,Not reported,No,,2018,300,,0,,0,Exon,Late,0,,afeabf92-195b-45ec-8e68-e99bd0dd5f5c,23.2,Asian,On-Demand,106,0
c.5639delA,154132747,p.(Asn1880Thrfs*3),Asn1861Thrfs*3,Frameshift,Deletion,17,1861,A3,Light chain,Y,X,,,,Severe,No,,2012,231,,0,2,1,Exon,Late,1,2,25fb8b6a-75ff-4b02-a00c-bf4e91c1e6aa,1.6,Black,Prophylaxis,37,0
c.5641_5642delinsGA,154132744_154132745,p.(Thr1881Glu),Thr1862Glu,"Small structural change (in-frame, <50 bp)",Deletion/Insertion,17,1862,A3,Light chain,N,,,X,,Mild,No,,2008,180,,0,0,0,Exon,Late,5,0,3772107b-62c7-446b-81ce-3679bdbca5d2,6.2,Asian,On-Demand,20,0
c.5641A>C,154132745,p.(Thr1881Pro),Thr1862Pro,Missense,Substitution,17,1862,A3,Light chain,N,,X,,,Moderate,Not reported,,2021,330,X,0,1,0,Exon,Late,0,0,476a2316-9e41-4f84-91a9-b7e41edc67ec,2,Caucasian,Prophylaxis,35,0
c.5641delA,154132745,p.(Thr1881Hisfs*2),Thr1862Hisfs*2,Frameshift,Deletion,17,1862,A3,Light chain,N,,,,X,Severe,Yes,,0,0,,1,2,1,Exon,Late,1,2,1e3142bc-3a5b-4243-aea5-ee1b9f746b65,4.6,Black,Prophylaxis,48,0
c.5643_5644del,154132742_154132743,p.(Leu1882Glufs*21),Leu1863Glufs*21,Frameshift,Deletion,17,1863,A3,Light Chain,N,,,,X,Not reported,Yes,,2012,232,,1,,1,Exon,Late,1,,15a7d7dd-36e0-4789-953d-569d9c251972,26.5,Asian,On-Demand,140,0
c.5645_5648dup,154132738_154132741,p.(Pro1884Glufs*21),Pro1865Glufs*21,Frameshift,Duplication,17,1865,A3,Light chain,N,,X,,,Severe,No,,0,0,,0,2,1,Exon,Late,1,2,377efb1e-afda-4ade-9428-f55043ee5b94,3,Caucasian,Prophylaxis,33,0
c.5645T>C,154132741,p.(Leu1882Pro),Leu1863Pro,Missense,Substitution,17,1863,A3,Light chain,N,X,,,,Severe,No,,1999,101,,0,2,0,Exon,Late,0,0,3da03b5a-3041-4e84-a32b-8633950fa1a2,5.4,Asian,Prophylaxis,46,0
c.5654_5673delinsTC,154132713_154132732,p.(Ala1885_Thr1891delinsVal),Ala1866_Thr1872delinsVal,"Small structural change (in-frame, <50 bp)",Deletion/Insertion,17,1866,A3,Light chain,N,,X,,,Moderate,No,,2018,300,,0,1,0,Exon,Late,5,5,c5bc6900-004d-4932-9873-aab17e22d210,7.8,Caucasian,Prophylaxis,73,0
c.5656C>A,154132730,p.(His1886Asn),His1867Asn,Missense,Substitution,17,1867,A3,Light chain,N,,,X,,Mild,Not reported,,2018,303,,0,0,0,Exon,Late,0,0,2b981179-336f-4faa-8069-e4c95b1532a0,2,Caucasian,On-Demand,17,0
c.5661delinsCTCATGGA,154132725,p.(Arg1888Serfs*18),Arg1869Serfs*18,Frameshift,Deletion/Insertion,17,1869,A3,Light chain,N,X,,,,Severe,Yes,,2022,348,X,1,2,1,Exon,Late,1,2,58e5236c-24d3-4f6f-86b6-1c16301e2035,9.6,Other,Prophylaxis,83,0
c.5662A>T,154132724,p.(Arg1888*),Arg1869*,Nonsense,Substitution,17,1869,A3,Light chain,N,X,,,,Severe,Not reported,,2008,"183, 185",,0,2,1,Exon,Late,4,8,62cc51ae-c985-4a7f-96bd-3717430b6e8c,1.2,Caucasian,Prophylaxis,2,0
c.5662dupA,154132724,p.(Arg1888Lysfs*16),Arg1869Lysfs*16,Frameshift,Duplication,17,1869,A3,Light chain,N,X,,,,Severe,Yes,,2013,249,,1,2,1,Exon,Late,1,2,1ab430f1-5234-423b-87bd-d963d21e4f87,5.8,Asian,Prophylaxis,54,0
c.5663G>C,154132723,p.(Arg1888Thr),Arg1869Thr,Missense,Substitution,17,1869,A3,Light chain,N,,,X,,Mild,Not reported,,2018,293,,0,0,0,Exon,Late,0,0,1fe35f74-2b10-46b4-bbde-c446dffd5204,8.4,Caucasian,On-Demand,28,0
c.5663G>T,154132723,p.(Arg1888Ile),Arg1869Ile,Missense,Substitution,17,1869,A3,Light chain,N,X,,,,Severe,Not reported,,1995,67,,0,2,0,Exon,Late,0,0,6057e008-3f71-4e7b-a6aa-d24809507f65,12.4,Asian,On-Demand,52,0
c.5664A>T,154132722,p.(Arg1888Ser),Arg1869Ser,Missense,Substitution,17,1869,A3,Light chain,N,,,X,,Mild,Not reported,,2016,280,,0,0,0,Exon,Late,0,0,dde527e9-2d44-4499-ab46-386b6e2e41c4,16.9,Caucasian,On-Demand,88,0
c.5665C>T,154132721,p.(Gln1889*),Gln1870*,Nonsense,Substitution,17,1870,A3,Light chain,N,X,,,,Severe,Yes,,2002,130,,1,2,1,Exon,Late,4,8,3b19d9f6-dcc6-4a2d-ad16-d2ff5bea3101,4.3,Caucasian,Prophylaxis,55,0
c.5666A>G,154132720,p.(Gln1889Arg),Gln1870Arg,Missense,Substitution,17,1870,A3,Light chain,N,,,X,,Mild,No,,2018,"293, 305",,0,0,0,Exon,Late,0,0,cf5584c3-7273-4777-b159-ab55c9ed7a47,22,Caucasian,On-Demand,123,0
c.5667A>T,154132719,p.(Gln1889His),Gln1870His,Missense,Substitution,17,1870,A3,Light chain,N,,,X,,Mild,No,,2012,231,,0,0,0,Exon,Late,0,0,d2023f5f-da3c-4d25-ba3a-4b68a4852921,26.9,Asian,On-Demand,148,0
c.5667delA,154132719,p.(Val1890*),Val1871*,Frameshift,Deletion,17,1871,A3,Light chain,N,X,,,,Severe,Not reported,,2016,280,,0,2,1,Exon,Late,1,2,70cb995c-60b5-40f9-8c63-3d4586959ec8,3.7,Asian,Prophylaxis,32,0
c.5674delG,154132712,p.(Val1892Tyrfs*53),Val1873Tyrfs*53,Frameshift,Deletion,17,1873,A3,Light Chain,N,X,,,,Severe,No,,2012,233,,0,2,1,Exon,Late,1,2,412e9bae-6801-4b06-a9df-165b0c8f30c4,2,Caucasian,Prophylaxis,19,1
c.5674G>A,154132712,p.(Val1892Ile),Val1873Ile,Missense,Substitution,17,1873,A3,Light Chain,N,,X,,,Moderate,Not reported,,2008,"183, 186",,0,1,0,Exon,Late,0,0,e0fd3eb5-b4a6-4e64-8e71-3cba95a278dc,3.5,Black,Prophylaxis,39,0
c.5675delT,154132711,p.(Val1892Aspfs*53),Val1873Aspfs*53,Frameshift,Deletion,17,1873,A3,Light chain,N,X,,,,Severe,Not reported,,2016,280,,0,2,1,Exon,Late,1,2,d2e03572-04a5-48e4-8116-e668e718d2d9,4,Asian,On-Demand,36,0
c.5675dupT,154132711,p.(Gln1893Thrfs*11),Gln1874Thrfs*11,Frameshift,Duplication,17,1874,A3,Light chain,N,X,,,,Severe,Not reported,,2007,162,,0,2,1,Exon,Late,1,2,3d0c5321-5211-4350-91f9-0d52420de2a8,1.9,Caucasian,Prophylaxis,13,1
c.5675T>G,154132711,p.(Val1892Gly),Val1873Gly,Missense,Substitution,17,1873,A3,Light chain,N,,,X,,Mild,No,,2007,161,,0,0,0,Exon,Late,0,0,867624a6-3dac-4cd5-a6ed-1a3167d38ec1,22,Asian,Prophylaxis,224,0
c.5677C>T,154132709,p.(Gln1893*),Gln1874*,Nonsense,Substitution,17,1874,A3,Light chain,N,X,,,,Severe,Yes,,1993,58,,1,2,1,Exon,Late,4,8,c5dcfa7d-638d-4d86-a04e-78f6d8bdfcd6,12.1,Black,Prophylaxis,126,0
c.5680delG,154132706,p.(Glu1894Asnfs*51),Glu1875Asnfs*51,Frameshift,Deletion,17,1875,A3,Light chain,N,X,,,,Severe,Not reported,,2018,293,,0,2,1,Exon,Late,1,2,94122036-8bac-48c4-879f-ace33ef551ae,1.4,Caucasian,Prophylaxis,1,0
c.5680G>A,154132706,p.(Glu1894Lys),Glu1875Lys,Missense,Substitution,17,1875,A3,Light chain,N,X,,,,Severe,No,,2005,151,,0,2,0,Exon,Late,0,0,15ae511d-6bc4-4f80-b76a-334aab194aeb,9.2,Black,Prophylaxis,105,0
c.5681A>G,154132705,p.(Glu1894Gly),Glu1875Gly,Missense,Substitution,17,1875,A3,Light chain,N,,X,,,Moderate,No,,1998,90,,0,1,0,Exon,Late,0,0,cfc341e0-0caf-414a-9da0-1f002361f5e7,7.6,Caucasian,Prophylaxis,79,0
c.5681A>T,154132705,p.(Glu1894Val),Glu1875Val,Missense,Substitution,17,1875,A3,Light chain,N,X,,,,Severe,Not reported,,2019,314,,0,2,0,Exon,Late,0,0,704534e5-2550-433c-9fe9-4f2a6b7aee11,0.8,Caucasian,Prophylaxis,2,1
c.5684T>C,154132702,p.(Phe1895Ser),Phe1876Ser,Missense,Substitution,17,1876,A3,Light Chain,N,,,X,,Mild,No,,2012,234,,0,0,0,Exon,Late,0,0,a9a9e231-2c7b-4304-96c2-ce91fd4237eb,5.1,Hispanic,On-Demand,22,0
c.5685delT,154132701,p.(Phe1895Leufs*50),Phe1876Leufs*50,Frameshift,Deletion,17,1876,A3,Light chain,N,X,,,,Severe,No,,0,0,,0,2,1,Exon,Late,1,2,522f5f1e-5405-46c4-9ecd-a54c5e1c91c8,8.3,Caucasian,Prophylaxis,87,0
c.5686_5687insA,154132699_154132700,p.(Ala1896Aspfs*8),Ala1877Aspfs*8,Frameshift,Insertion,17,1877,A3,Light chain,N,X,,,,Severe,No,,2021,337,X,0,2,1,Exon,Late,1,2,caada6ef-2c43-420f-881c-7d337a2c0da8,10.1,Asian,Prophylaxis,98,0
c.5686G>C,154132700,p.(Ala1896Pro),Ala1877Pro,Missense,Substitution,17,1877,A3,Light chain,N,X,,,,Severe,No,,2006,160,,0,2,0,Exon,Late,0,0,aa0fabec-5cf8-4908-85d0-8aba3a712fd9,2.1,Caucasian,Prophylaxis,25,0
c.5687C>A,154132699,p.(Ala1896Asp),Ala1877Asp,Missense,Substitution,17,1877,A3,Light chain,N,X,,,,Severe,Not reported,,2021,333,X,0,2,0,Exon,Late,0,0,58a6cc79-3094-4547-b3d7-c0cee3391d70,7.4,Caucasian,Prophylaxis,64,0
c.5689_5690del,154132696_154132697,p.(Leu1897Valfs*6),Leu1878Valfs*6,Frameshift,Deletion,17,1878,A3,Light chain,N,X,,,,Severe,No,,2007,169,,0,2,1,Exon,Late,1,2,1ccc9ee6-d63b-4ed9-b94a-02cf37135e76,3,Caucasian,Prophylaxis,58,0
c.5690_5697del,154132689_154132696,p.(Leu1897Hisfs*4),Leu1878Hisfs*4,Frameshift,Deletion,17,1878,A3,Light Chain,N,X,,,,Severe,Yes,,2010,212,,1,2,1,Exon,Late,1,2,60466e63-2b75-47ab-b75f-6476aece32e1,5.3,Caucasian,Prophylaxis,40,0
c.5691_5692insC,154132694_154132695,p.(Phe1898Leufs*6),Phe1879Leufs*6,Frameshift,Insertion,17,1879,A3,Light Chain,N,X,,,,Severe,No,,2012,233,,0,2,1,Exon,Late,1,2,f4494b24-aed0-44c0-b996-169c2705a4c0,5.8,Caucasian,Prophylaxis,68,1
c.5696dupT,154132690,p.(Thr1900Hisfs*4),Thr1881Hisfs*4,Frameshift,Duplication,17,1881,A3,Light chain,N,,,,X,Severe,Not reported,,2002,129,,0,2,1,Exon,Late,1,2,ba7b53be-a148-4f93-8e02-29bb857c0769,1,Caucasian,Prophylaxis,28,0
c.5696T>C,154132690,p.(Phe1899Ser),Phe1880Ser,Missense,Substitution,17,1880,A3,Light Chain,N,X,,,,Severe,No,,2012,233,,0,2,0,Exon,Late,0,0,902da3d7-5242-48df-b216-5f30b8ee5c88,1.6,Hispanic,On-Demand,1,0
c.5697delC,154132689,p.(Phe1899Leufs*46),Phe1880Leufs*46,Frameshift,Deletion,17,1880,A3,Light chain,N,X,,,,Severe,Yes,,1995,67,,1,2,1,Exon,Late,1,2,c79dccac-2446-4b13-baba-54676c70b433,4.4,Caucasian,Prophylaxis,57,1
c.5698A>C,154132688,p.(Thr1900Pro),Thr1881Pro,Missense,Substitution,17,1881,A3,Light chain,N,,,,X,Not reported,Not reported,,2021,332,X,0,,0,Exon,Late,0,,5c15c544-6fed-4984-9203-3ef79074845e,37.7,Black,On-Demand,182,0
c.5701A>T,154132685,p.(Ile1901Phe),Ile1882Phe,Missense,Substitution,17,1882,A3,Light chain,N,,,X,,Mild,No,,1998,87,,0,0,0,Exon,Late,0,0,a1b2321e-3af7-4f19-b422-508badb89793,20.1,Caucasian,On-Demand,121,0
c.5703C>G,154132683,p.(Ile1901Met),Ile1882Met,Missense,Substitution,17,1882,A3,Light chain,N,,,X,,Mild,Not reported,,2013,249,,0,0,0,Exon,Late,0,0,79366154-ae4a-48b3-80ec-d9b54b876ff5,12.7,Black,Prophylaxis,129,0
c.5705T>G,154132681,p.(Phe1902Cys),Phe1883Cys,Missense,Substitution,17,1883,A3,Light chain,N,X,,,,Severe,Not reported,,2016,280,,0,2,0,Exon,Late,0,0,6bb80ed4-508e-4802-9dda-e6fbc295a467,1.7,Black,On-Demand,4,0
c.5707G>A,154132679,p.(Asp1903Asn),Asp1884Asn,Missense,Substitution,17,1884,A3,Light chain,N,,X,,,Moderate,Not reported,,2021,333,X,0,1,0,Exon,Late,0,0,11ddf8be-925c-49fa-9f14-eb1774aff111,14.9,Caucasian,On-Demand,65,0
c.5708A>T,154132678,p.(Asp1903Val),Asp1884Val,Missense,Substitution,17,1884,A3,Light Chain,N,,,,X,Not reported,Not reported,,2010,211,,0,,0,Exon,Late,0,,727b4df8-e863-4c3f-88b2-48a9402e6451,7.3,Black,On-Demand,50,0
c.5710G>A,154132676,p.(Glu1904Lys),Glu1885Lys,Missense,Substitution,17,1885,A3,Light chain,N,X,,,,Severe,No,,1993,56,,0,2,0,Exon,Late,0,0,1b9ae65f-7087-4344-8ced-9aa056a87c5b,1.3,Caucasian,Prophylaxis,37,0
c.5711A>G,154132675,p.(Glu1904Gly),Glu1885Gly,Missense,Substitution,17,1885,A3,Light chain,N,X,,,,Severe,No,,0,0,,0,2,0,Exon,Late,0,0,17be475b-20be-45f3-a69e-cd37aa71e70f,7.3,Asian,On-Demand,36,0
c.5712G>C,154132674,p.(Glu1904Asp),Glu1885Asp,Missense,Substitution,17,1885,A3,Light chain,N,,X,,,Moderate,No,,2003,136,,0,1,0,Exon,Late,0,0,6621357a-3128-45c8-9152-7ce18eb647cd,6.6,Hispanic,Prophylaxis,66,0
c.5716A>T,154132670,p.(Lys1906*),Lys1887*,Nonsense,Substitution,17,1887,A3,Light Chain,N,X,,,,Severe,Yes,,2020,319,X,1,2,1,Exon,Late,4,8,0fbe1a06-3840-4ca1-86a4-ac0137fb213e,4.1,Caucasian,Prophylaxis,42,1
c.5719A>G,154132667,p.(Ser1907Gly),Ser1888Gly,Missense,Substitution,17,1888,A3,Light chain,N,,,X,,Mild,No,,2013,239,,0,0,0,Exon,Late,0,0,fa252863-92ac-4f8e-b0d8-368c48a9674e,12.5,Asian,On-Demand,61,0
c.5719A>T,154132667,p.(Ser1907Cys),Ser1888Cys,Missense,Substitution,17,1888,A3,Light chain,N,,X,,,Moderate,No,,2002,130,,0,1,0,Exon,Late,0,0,910eac97-3769-4016-97a1-c298ce262907,1.4,Caucasian,On-Demand,17,1
c.5719dupA,154132667,p.(Ser1907Lysfs*6),Ser1888Lysfs*6,Frameshift,Duplication,17,1888,A3,Light chain,Y,,,,X,Severe,Not reported,Poly A Duplication,1991,36,,0,2,1,Exon,Late,1,2,d37a2e77-d0f8-481c-8127-2d18ba4b9c75,22.8,Asian,Prophylaxis,222,0
c.5720G>A,154132666,p.(Ser1907Asn),Ser1888Asn,Missense,Substitution,17,1888,A3,Light chain,N,,,X,,Mild,Not reported,,2013,243,,0,0,0,Exon,Late,0,0,816ae00e-b2ab-42fe-ad4d-07c584687485,21.3,Hispanic,On-Demand,117,0
c.5720G>T,154132666,p.(Ser1907Ile),Ser1888Ile,Missense,Substitution,17,1888,A3,Light chain,N,X,,,,Severe,No,,2009,193,,0,2,0,Exon,Late,0,0,0c9a3adb-7351-48b0-9f1e-753528a72556,4.4,Hispanic,Prophylaxis,59,0
c.5721C>G,154132665,p.(Ser1907Arg),Ser1888Arg,Missense,Substitution,17,1888,A3,Light chain,N,,X,,,Moderate/Severe,No,,2002,130,,0,,0,Exon,Late,0,,cc36ba12-5c66-44e7-ad57-7c031e4e2afb,2.8,Caucasian,On-Demand,2,0
c.5723delinsCATCAAAGTACTTCAAAAA,154132663,p.(Trp1908delinsSerSerLysTyrPheLysLys),Trp1889delinsSerSerLysTyrPheLysLys,"Small structural change (in-frame, <50 bp)",Deletion/Insertion,17,1889,A3,Light chain,N,,X,,,Moderate,No,,2002,130,,0,1,0,Exon,Late,5,5,2c353c96-5c5e-4893-b531-8265986221d0,0.9,Hispanic,Prophylaxis,21,1
c.5723G>A,154132663,p.(Trp1908*),Trp1889*,Nonsense,Substitution,17,1889,A3,Light chain,N,X,,,,Severe,Not reported,,2014,256,,0,2,1,Exon,Late,4,8,e49218c0-5736-40c2-900b-378cf5a81d5a,1.2,Caucasian,Prophylaxis,2,0
c.5723G>C,154132663,p.(Trp1908Ser),Trp1889Ser,Missense,Substitution,17,1889,A3,Light Chain,N,,,X,,Mild,Not reported,,2010,211,,0,0,0,Exon,Late,0,0,0b7bfb3f-87b3-4897-a807-f244dc6654f1,10.8,Asian,Prophylaxis,108,0
c.5723G>T,154132663,p.(Trp1908Leu),Trp1889Leu,Missense,Substitution,17,1889,A3,Light chain,N,,,,X,Mild,No,,1997,83,,0,0,0,Exon,Late,0,0,ef32dfbe-eff4-4a24-a8df-9419bc478c93,24.2,Black,On-Demand,127,0
c.5724G>A,154132662,p.(Trp1908*),Trp1889*,Nonsense,Substitution,17,1889,A3,Light chain,N,X,,,,Severe,Yes,,2014,255,,1,2,1,Exon,Late,4,8,f14c03c5-37d2-4de0-81e0-99493b947ecb,3.6,Asian,Prophylaxis,33,0
c.5724G>T,154132662,p.(Trp1908Cys),Trp1889Cys,Missense,Substitution,17,1889,A3,Light chain,N,,X,,,Moderate,Not reported,,2021,330,X,0,1,0,Exon,Late,0,0,c262c74a-dce5-410b-86a5-0f7e1470059b,6.2,Caucasian,Prophylaxis,75,0
c.5725T>C,154132661,p.(Tyr1909His),Tyr1890His,Missense,Substitution,17,1890,A3,Light chain,N,X,,,,Severe,Not reported,,2016,280,,0,2,0,Exon,Late,0,0,fd7260c4-98e6-4c54-860c-21b0c8604e01,4.1,Asian,Prophylaxis,32,0
c.5726A>G,154132660,p.(Tyr1909Cys),Tyr1890Cys,Missense,Substitution,17,1890,A3,Light chain,N,,,,X,Moderate,Yes,,2000,111,,1,1,0,Exon,Late,0,0,f60a1ec2-4ff0-43b5-a8ad-d19903ac1c45,3.9,Asian,Prophylaxis,35,1
c.5738A>G,154132648,p.(Asn1913Ser),Asn1894Ser,Missense,Substitution,17,1894,A3,Light chain,N,,,X,,Mild,No,,0,0,,0,0,0,Exon,Late,0,0,80e80d88-b722-4588-8835-2c00a8734605,15.8,Asian,On-Demand,81,0
c.5739delT,154132647,p.(Asn1913Lysfs*32),Asn1894Lysfs*32,Frameshift,Deletion,17,1894,A3,Light chain,N,X,,,,Severe,Yes,,2022,348,X,1,2,1,Exon,Late,1,2,6c2ad754-4c5e-416b-b8c9-2666784d8c68,1.8,Black,On-Demand,11,0
c.5739T>G,154132647,p.(Asn1913Lys),Asn1894Lys,Missense,Substitution,17,1894,A3,Light chain,N,,,X,,Mild,Not reported,,2009,189,,0,0,0,Exon,Late,0,0,0de5f2f4-7f21-43c2-991d-db6c73f19b56,18.1,Caucasian,On-Demand,96,0
c.5743G>T,154132643,p.(Glu1915*),Glu1896*,Nonsense,Substitution,17,1896,A3,Light chain,N,X,,,,Severe,Yes,,2011,216,,1,2,1,Exon,Late,4,8,3ac93f4b-e3c0-41d8-bb4f-a12d62875037,7.4,Black,Prophylaxis,75,1
c.5752delT,154132634,p.(Cys1918Alafs*27),Cys1899Alafs*27,Frameshift,Deletion,17,1899,A3,Light chain,N,X,,,,Severe,Not reported,,1996,74,,0,2,1,Exon,Late,1,2,f41bc108-bd87-42eb-a00a-6c315faf2a35,4,Caucasian,Prophylaxis,34,0
c.5763del,154132617,p.(Cys1922Alafs*23),Cys1903Alafs*23,Frameshift,Deletion,17,1903,A3,Light chain,N,X,,,,Severe,Not reported,,2013,249,X,0,2,1,Exon,Late,1,2,d6db8b81-3da8-45f8-bbce-a3fb74ea4b01,6.5,Black,Prophylaxis,79,0
c.5766C>A,154132620,p.(Cys1922*),Cys1903*,Nonsense,Substitution,17,1903,A3,Light chain,N,X,,,,Severe,No,,2002,130,,0,2,1,Exon,Late,4,8,7f11ea00-2520-4c69-8174-1144906bfb33,1.4,Caucasian,Prophylaxis,20,0
c.5770delA,154132616,p.(Ile1924Serfs*21),Ile1905Serfs*21,Frameshift,Deletion,17,1905,A3,Light chain,N,X,,,,Severe,No,,1999,101,,0,2,1,Exon,Late,1,2,f04b1710-0e52-4f51-9353-aa4accd20c35,4.6,Caucasian,Prophylaxis,44,0
c.5779_5780insYb8Alu,154132606_154132607,,Alu Insert,Large structural change (>50 bp),Insertion,17,1908,A3,Light chain,N,,,,X,Not reported,Not reported,,2008,180,,0,,0,Exon,Late,3,,82c8714f-4cbd-449f-bb09-33acd1bbb5c8,6.4,Asian,On-Demand,37,0
c.5793delT,154132593,p.(Phe1931Leufs*14),Phe1912Leufs*14,Frameshift,Deletion,17,1912,A3,Light chain,N,X,,,,Severe,Not reported,,2021,333,X,0,2,1,Exon,Late,1,2,003e8cfd-5d10-4d2b-90de-559a92850a13,6.2,Caucasian,On-Demand,14,0
c.5793T>A,154132593,p.(Phe1931Leu),Phe1912Leu,Missense,Substitution,17,1912,A3,Light chain,N,,,,X,Not reported,Yes,,2018,300,,1,,0,Exon,Late,0,,cd61bd08-94c0-4565-b961-21a30ca06371,18.9,Caucasian,On-Demand,104,0
c.5795_5796delAA,154132590_154132591,p.(Lys1932Argfs*38),Lys1913Argfs*38,Frameshift,Deletion,17,1913,A3,Light chain,Y,X,,,,Severe,Not reported,,2016,280,,0,2,1,Exon,Late,1,2,15c34d44-1ab6-4183-a6f3-beded30dedf4,8.3,Caucasian,On-Demand,33,0
c.5797G>T,154132589,p.(Glu1933*),Glu1914*,Nonsense,Substitution,17,1914,A3,Light chain,N,X,,,,Severe,No,,2014,255,,0,2,1,Exon,Late,4,8,f4aa10bd-e9dd-41ef-b8b9-5e117ebff988,2.7,Hispanic,On-Demand,7,0
c.5803delT,154132583,p.(Tyr1935Ilefs*10),Tyr1916Ilefs*10,Frameshift,Deletion,17,1916,A3,Light Chain,N,,X,,,Moderate,Not reported,,2016,279,,0,1,1,Exon,Late,1,1,1662d43f-878a-45b2-82ac-9003dd41146c,3.4,Caucasian,Prophylaxis,33,0
c.5805T>A,154132581,p.(Tyr1935*),Tyr1916*,Nonsense,Substitution,17,1916,A3,Light chain,N,X,,,,Severe,Not reported,,2008,188,,0,2,1,Exon,Late,4,8,8bf019d8-cb03-46d9-bbc0-c7f7dacf5032,2.5,Black,Prophylaxis,15,0
c.5806C>T,154132580,p.(Arg1936Cys),Arg1917Cys,Missense,Substitution,17,1917,A3,Light chain,N,,,X,,Mild,No,,2013,239,,0,0,0,Exon,Late,0,0,b1a3f40d-469d-463f-accf-910cd8fb3d42,19.7,Black,On-Demand,96,0
c.5810T>C,154132576,p.(Phe1937Ser),Phe1918Ser,Missense,Substitution,17,1918,A3,Light chain,N,,,,X,Not reported,Not reported,,2008,180,,0,,0,Exon,Late,0,,02ec3d40-5f6c-46e3-9496-298768cb5a0d,14,Caucasian,On-Demand,68,0
c.5813A>G,154132573,p.(His1938Arg),His1919Arg,Missense,Substitution,17,1919,A3,Light chain,N,,X,,,Mild/Moderate,No,,2010,"0, 210",,0,,0,Exon,Late,0,,46e4ff81-cfbd-4a1d-9a7f-13ab3f4e5fe1,2.5,Caucasian,On-Demand,30,0
c.5813A>T,154132573,p.(His1938Leu),His1919Leu,Missense,Substitution,17,1919,A3,Light chain,N,,,X,,Mild,No,,2008,180,,0,0,0,Exon,Late,0,0,ebfdd98f-9676-4b05-8672-b050903dbd92,16.2,Hispanic,On-Demand,79,1
c.5815G>A,154132571,p.(Ala1939Thr),Ala1920Thr,Missense,Substitution,18,1920,A3,Light chain,N,X,,,,Severe,No,,2002,130,,0,2,0,Exon,Late,0,0,8faea299-6477-49a5-80df-81daafba355d,3.4,Other,Prophylaxis,36,0
c.5815G>C,154132571,p.(Ala1939Pro),Ala1920Pro,Missense,Substitution,18,1920,A3,Light chain,N,X,,,,Severe,No,,2016,280,,0,2,0,Exon,Late,0,0,8152857a-e218-4901-8bda-638a1fb375e0,4,Black,Prophylaxis,53,0
c.5815G>T,154132571,p.(Ala1939Ser),Ala1920Ser,Splice site change,Substitution,18,1920,A3,Light chain,N,X,,,,Severe,Yes,,2019,318,,1,2,0,Splice,Late,6,12,9de75c3c-efaa-4599-9b2d-a49136582083,5.5,Black,Prophylaxis,39,0
c.5816C>A,154132363,p.(Ala1939Glu),Ala1920Glu,Missense,Substitution,18,1920,A3,Light chain,N,X,,,,Severe,Yes,,2006,"158, 160",,1,2,0,Exon,Late,0,0,5b1f18e4-70b2-4e48-9e12-1c6fae6ef65f,4.4,Caucasian,Prophylaxis,47,0
c.5819T>A,154132360,p.(Ile1940Asn),Ile1921Asn,Missense,Substitution,18,1921,A3,Light chain,N,,,X,,Mild,No,,2008,180,,0,0,0,Exon,Late,0,0,6bb1d20d-8f5c-426d-b14c-a3c56a56c16c,16.7,Caucasian,On-Demand,94,1
c.5819T>C,154132360,p.(Ile1940Thr),Ile1921Thr,Missense,Substitution,18,1921,A3,Light chain,N,,,,X,Not reported,Not reported,,2021,332,X,0,,0,Exon,Late,0,,32f662e7-52eb-48d6-8796-a2f7f743a623,21.1,Hispanic,On-Demand,94,1
c.5821_5822del,154132357_154132358,p.(Asn1941Trpfs*29),Asn1922Trpfs*29,Frameshift,Deletion,18,1922,A3,Light Chain,Y,X,,,,Severe,Yes,,2012,233,,1,2,1,Exon,Late,1,2,c69eefe0-fffd-4cb5-ad4b-bf663798eddd,1.9,Caucasian,Prophylaxis,10,0
c.5821A>C,154132358,p.(Asn1941His),Asn1922His,Missense,Substitution,18,1922,A3,Light chain,N,,,X,,Mild,Not reported,,2017,283,,0,0,0,Exon,Late,0,0,6ba28557-cb67-4228-b061-dd47ceb9566f,16.1,Caucasian,On-Demand,93,0
c.5821A>G,154132358,p.(Asn1941Asp),Asn1922Asp,Missense,Substitution,18,1922,A3,Light chain,N,X,,,,Severe,Yes,,1990,34,,1,2,0,Exon,Late,0,0,7540116c-7cd2-41a0-a3aa-88676cd263f8,7.2,Hispanic,On-Demand,45,0
c.5822A>G,154132357,p.(Asn1941Ser),Asn1922Ser,Missense,Substitution,18,1922,A3,Light chain,N,,,,X,Severe,Not reported,,1991,36,,0,2,0,Exon,Late,0,0,e0467ac9-d29e-4092-a6b8-f1f08da5656f,3.5,Black,On-Demand,21,0
c.5822A>T,154132357,p.(Asn1941Ile),Asn1922Ile,Missense,Substitution,18,1922,A3,Light chain,N,,X,,,Moderate,No,,2008,180,,0,1,0,Exon,Late,0,0,73a4b2fe-1590-41be-b1d5-0bc1988edf74,4.3,Black,Prophylaxis,45,0
c.5823delT,154132356,p.(Asn1941Lysfs*4),Asn1922Lysfs*4,Frameshift,Deletion,18,1922,A3,Light chain,N,X,,,,Severe,Not reported,,2018,293,,0,2,1,Exon,Late,1,2,9a1d66da-ee6e-4cfb-acce-95d6fee5e048,2.6,Black,Prophylaxis,34,0
c.5823T>A,154132356,p.(Asn1941Lys),Asn1922Lys,Missense,Substitution,18,1922,A3,Light chain,N,X,,,,Severe,No,,2012,231,,0,2,0,Exon,Late,0,0,714fbee5-c90c-4965-b43e-f969907474e4,2.8,Black,Prophylaxis,8,0
c.5824_5839dup,154132340_154132355,p.(Thr1947Argfs*29),Thr1928Argfs*29,Frameshift,Duplication,18,1928,A3,Light chain,N,X,,,,Severe,Not reported,,2014,256,,0,2,1,Exon,Late,1,2,9f475e63-8cc7-48cd-a861-b44794991666,2.4,Asian,Prophylaxis,26,0
c.5824G>A,154132355,p.(Gly1942Ser),Gly1923Ser,Missense,Substitution,18,1923,A3,Light chain,N,X,,,,Severe,Not reported,,2008,"183, 186",,0,2,0,Exon,Late,0,0,04890297-40cb-41b1-8ce5-d3dafb48bd6a,16.2,Hispanic,Prophylaxis,179,0
c.5824G>C,154132355,p.(Gly1942Arg),Gly1923Arg,Missense,Substitution,18,1923,A3,Light Chain,N,X,,,,Severe,No,,2012,234,,0,2,0,Exon,Late,0,0,8ea76d78-14c2-432c-9d68-547b16d4840b,11.1,Caucasian,Prophylaxis,111,0
c.5825G>A,154132354,p.(Gly1942Asp),Gly1923Asp,Missense,Substitution,18,1923,A3,Light chain,N,X,,,,Severe,Yes,,2008,180,,1,2,0,Exon,Late,0,0,4525681c-dba8-44d2-a1ac-9f8724e1b106,2.7,Caucasian,Prophylaxis,34,1
c.5825G>C,154132354,p.(Gly1942Ala),Gly1923Ala,Missense,Substitution,18,1923,A3,Light chain,N,,X,,,Moderate,No,,2001,"0, 116",,0,1,0,Exon,Late,0,0,35000407-e02f-44c8-9fa1-95e955c87868,4.7,Asian,Prophylaxis,42,0
c.5825G>T,154132354,p.(Gly1942Val),Gly1923Val,Missense,Substitution,18,1923,A3,Light chain,N,,X,,,Moderate,No,,2008,180,,0,1,0,Exon,Late,0,0,97a8a925-0a8f-4319-9014-92e08f99f03c,7,Caucasian,Prophylaxis,64,0
c.5827delT,154132352,p.(Tyr1943Thrfs*2),Tyr1924Thrfs*2,Frameshift,Deletion,18,1924,A3,Light Chain,N,X,,,,Severe,Yes,,2010,212,,1,2,1,Exon,Late,1,2,23895be5-736d-4e50-8a0d-b1b5300c5c3d,2.9,Hispanic,Prophylaxis,21,0
c.5828A>G,154132351,p.(Tyr1943Cys),Tyr1924Cys,Missense,Substitution,18,1924,A3,Light chain,N,,,X,,Mild,No,,2010,209,,0,0,0,Exon,Late,0,0,b1b1e026-1449-4e55-aa3a-6f8b53a9078c,17.8,Asian,On-Demand,82,1
c.5831_5841del,154132338_154132348,p.(Ile1944Thrfs*23),Ile1925Thrfs*23,Frameshift,Deletion,18,1925,A3,Light chain,N,X,,,,Severe,Not reported,,2015,275,,0,2,1,Exon,Late,1,2,dc0ce08b-3536-4171-b654-5a88add389b7,6.4,Caucasian,Prophylaxis,55,0
c.5831T>A,154132348,p.(Ile1944Lys),Ile1925Lys,Missense,Substitution,18,1925,A3,Light chain,N,,,X,,Mild,Not reported,,2018,293,,0,0,0,Exon,Late,0,0,8425041c-a771-4bd6-82dc-7db1392b131f,22.6,Caucasian,On-Demand,116,0
c.5833A>G,154132346,p.(Met1945Val),Met1926Val,Missense,Substitution,18,1926,A3,Light chain,N,,,,X,Moderate,Not reported,,2002,129,,0,1,0,Exon,Late,0,0,1f3848c5-a1ea-4b85-b200-333b1ad09b76,7.2,Black,Prophylaxis,74,0
c.5837A>T,154132342,p.(Asp1946Val),Asp1927Val,Missense,Substitution,18,1927,A3,Light chain,N,,,X,,Mild,Not reported,,2008,"183, 186",,0,0,0,Exon,Late,0,0,2254d980-d576-45ae-9dc4-56aa1c9cb129,19.1,Asian,On-Demand,104,0
c.5838_5839dup,154132340_154132341,p.(Thr1947Ilefs*6),Thr1928Ilefs*6,Frameshift,Duplication,18,1928,A3,Light chain,N,X,,,,Severe,Not reported,,2018,293,,0,2,1,Exon,Late,1,2,557d04f6-2d02-4a5a-ae7e-5aa02c87af3d,3.4,Caucasian,Prophylaxis,16,0
c.5839_5840insGGCTACATAATG,154132339_154132340,p.(Thr1947delinsArgLeuHisAsnAla),Thr1928delinsArgLeuHisAsnAla,"Small structural change (in-frame, <50 bp)",Insertion,18,1928,A3,Light chain,N,,,,X,Not reported,Yes,,2014,258,,1,,0,Exon,Late,5,,4529f304-0ae6-466e-8414-6ad75712bb1b,18.4,Asian,On-Demand,91,0
c.5843dupT,154132336,p.(Pro1949Thrfs*22),Pro1930Thrfs*22,Frameshift,Duplication,18,1930,A3,Light chain,N,X,,,,Severe,Yes,,2022,348,X,1,2,1,Exon,Late,1,2,fb055847-2567-4c5a-9d4d-c187290026fa,9,Caucasian,Prophylaxis,95,0
c.5843T>C,154132336,p.(Leu1948Pro),Leu1929Pro,Missense,Substitution,18,1929,A3,Light chain,N,,,,X,Not reported,Not reported,,2008,179,,0,,0,Exon,Late,0,,f49ab66d-db4e-4157-8a45-5ecb52b8e7ac,21.7,Black,On-Demand,126,0
c.5849G>A,154132330,p.(Gly1950Asp),Gly1931Asp,Missense,Substitution,18,1931,A3,Light chain,N,,,X,,Mild,Not reported,,2018,293,,0,0,0,Exon,Late,0,0,8d11c5b0-9664-4ce4-813e-5cedcf305ad6,20.7,Asian,On-Demand,104,0
c.5852T>C,154132327,p.(Leu1951Ser),Leiu1932Ser,Missense,Substitution,18,1932,A3,Light chain,N,,X,,,Moderate,No,,2020,324,X,0,1,0,Exon,Late,0,0,a981b4c3-52c2-43e5-8ebf-66abdaa25036,5.3,Caucasian,Prophylaxis,46,0
c.5853A>C,154132326,p.(Leu1951Phe),Leu1932Phe,Missense,Substitution,18,1932,A3,Light chain,N,,X,,,Moderate,Not reported,,0,0,,0,1,0,Exon,Late,0,0,7028905e-cd81-4a55-83da-d2f8f26b3fc7,1.5,Caucasian,On-Demand,20,0
c.5853A>T,154132326,p.(Leu1951Phe),Leu1932Phe,Missense,Substitution,18,1932,A3,Light chain,N,,,X,,Mild,No,1 stage-2 stage assay discrepancy,1996,75,,0,0,0,Exon,Late,0,0,6347ff1a-525b-4dbc-add2-be71a546954b,20.1,Asian,On-Demand,89,0
c.5857_5858dup,154132323_154132322,p.(Met1953Ilefs*78),Met1934Ilefs*78,Frameshift,Insertion,18,1934,A3,Light chain,N,X,,,,Severe,Yes,,2017,287,,1,2,1,Exon,Late,1,2,0ad9654d-5e4d-402f-974c-d4959c311b1d,7.3,Caucasian,On-Demand,31,0
c.5860_5865del,154132313_154132318,p.(Ala1954_Gln1955del),Ala1935_Gln1936del,"Small structural change (in-frame, <50 bp)",Deletion,18,1935,A3,Light chain,N,X,,,,Severe,Not reported,,2009,190,,0,2,0,Exon,Late,5,10,233a64e3-7a8f-44f7-b23f-55007ffc7182,6.2,Black,Prophylaxis,44,0
c.5863C>T,154132316,p.(Gln1955*),Gln1936*,Nonsense,Substitution,18,1936,A3,Light chain,N,X,,,,Severe,Not reported,,2018,293,,0,2,1,Exon,Late,4,8,7f9b8ac4-0818-4a0e-b1b6-ba2ca53f4dce,2.3,Caucasian,Prophylaxis,4,0
c.5866_5867dup,154132312_154132313,p.(Asp1956Glufs*75),Asp1937Glufs*75,Frameshift,Duplication,18,1937,A3,Light chain,N,X,,,,Severe,Yes,,2014,255,,1,2,1,Exon,Late,1,2,20768ab3-3f60-4fc1-90f3-667d83ba2120,3,Caucasian,On-Demand,20,0
c.5869C>T,154132310,p.(Gln1957*),Gln1938*,Nonsense,Substitution,18,1938,A3,Light chain,N,X,,,,Severe,Yes,,0,0,,1,2,1,Exon,Late,4,8,b775ac29-613e-4b9d-b8e4-95f76c52ea8b,2.1,Caucasian,Prophylaxis,21,1
c.5874delG,154132305,p.(Ile1959Phefs*71),Ile1940Phefs*71,Frameshift,Deletion,18,1940,A3,Light chain,N,X,,,,Severe,Not reported,,2018,293,,0,2,1,Exon,Late,1,2,90c67240-9036-49df-b86c-466e927c9fc5,1.9,Caucasian,Prophylaxis,1,0
c.5875A>T,154132304,p.(Ile1959Phe),Ile1940Phe,Missense,Substitution,18,1940,A3,Light chain,N,,X,,,Moderate,Not reported,,2016,280,,0,1,0,Exon,Late,0,0,c31c5bee-b013-40a5-9591-c608abbadad6,1.5,Black,Prophylaxis,22,0
c.5878C>A,154132301,p.(=),0,Synonymous,Substitution,18,1941,A3,Light chain,N,,,,X,Not reported,Not reported,,2022,345,X,0,,0,Exon,Late,2,,5ae44a2d-55b7-43b3-9b94-c542df61d45b,20.2,Caucasian,On-Demand,103,0
c.5878C>T,154132301,p.(Arg1960*),Arg1941*,Nonsense,Substitution,18,1941,A3,Light chain,N,,X,,,Moderate/Severe,Yes,,1986,3,,1,,1,Exon,Late,4,,43f93693-8308-42cd-955c-70424fbbc28c,9.9,Caucasian,On-Demand,33,0
c.5879G>A,154132300,p.(Arg1960Gln),Arg1941Gln,Missense,Substitution,18,1941,A3,Light chain,N,,X,X,,Mild/Moderate,Yes,,1990,"0, 29, 80",,1,,0,Exon,Late,0,,64da7a41-197d-49f6-a059-996fb24ab55f,27.3,Caucasian,On-Demand,140,0
c.5879G>C,154132300,p.(Arg1960Pro),Arg1941Pro,Missense,Substitution,18,1941,A3,Light Chain,N,X,,,,Severe,Not reported,,2012,224,,0,2,0,Exon,Late,0,0,2729d52c-f68c-43cd-b41e-c665bd5c1432,4,Asian,Prophylaxis,41,0
c.5879G>T,154132300,p.(Arg1960Leu),Arg1941Leu,Missense,Substitution,18,1941,A3,Light chain,N,,,X,,Moderate,No,,1992,50,,0,1,0,Exon,Late,0,0,79a9358e-0b14-4629-a30f-b8115b29c55f,2.1,Caucasian,Prophylaxis,9,0
c.5881T>A,154132298,p.(Trp1961Arg),Trp1942Arg,Missense,Substitution,18,1942,A3,Light chain,N,X,,,,Severe,No,,2007,169,,0,2,0,Exon,Late,0,0,7d3b7e99-0a52-42e5-976e-8ebfe337950b,5.8,Caucasian,Prophylaxis,38,0
c.5881T>C,154132298,p.(Trp1961Arg),Trp1942Arg,Missense,Substitution,18,1942,A3,Light chain,N,X,,,,Severe,No,,2005,"0, 152",,0,2,0,Exon,Late,0,0,e65e1f74-9816-4039-9be6-29f13509f59d,4.9,Other,Prophylaxis,55,0
c.5882G>A,154132297,p.(Trp1961*),Trp1942*,Nonsense,Substitution,18,1942,A3,Light chain,N,X,,,,Severe,No,,1993,56,,0,2,1,Exon,Late,4,8,7696bc80-33ad-4b1f-b101-fd4cb2f1544c,5.4,Black,Prophylaxis,61,0
c.5883_5884del,154132295_154132296,p.(Trp1961*),Trp1942*,Frameshift,Deletion,18,1942,A3,Light chain,N,X,,,,Severe,No,,2014,260,,0,2,1,Exon,Late,1,2,f97f52f2-fb52-412e-b9d9-8e1791c84133,5.6,Black,Prophylaxis,63,0
c.5883G>A,154132296,p.(Trp1961*),Trp1942*,Nonsense,Substitution,18,1942,A3,Light chain,N,,X,,,Moderate,Yes,,2015,275,,1,1,1,Exon,Late,4,4,2ecdfd2f-20e0-42cc-ad95-ab1fbac4620c,5.1,Caucasian,Prophylaxis,33,1
c.5884T>G,154132295,p.(Tyr1962Asp),Tyr1943Asp,Missense,Substitution,18,1943,A3,Light chain,N,,X,,,Moderate,No,,2008,180,,0,1,0,Exon,Late,0,0,5270f856-c536-4494-b4c5-ebf4aa20130f,0.8,Asian,Prophylaxis,11,0
c.5885A>G,154132294,p.(Tyr1962Cys),Tyr1943Cys,Missense,Substitution,18,1943,A3,Light chain,N,,,X,,Mild,No,,2008,180,,0,0,0,Exon,Late,0,0,eaf8466b-2e99-4489-b76b-bdb9f9124c20,12.1,Caucasian,On-Demand,56,0
c.5886T>A,154132293,p.(Tyr1962*),Tyr1943*,Nonsense,Substitution,18,1943,A3,Light chain,N,X,,,,Severe,Not reported,,2016,280,,0,2,1,Exon,Late,4,8,02eb523e-a1eb-4314-984f-77cd1bff37d6,2.5,Caucasian,Prophylaxis,35,0
c.5888T>C,154132291,p.(Leu1963Pro),Leu1944Pro,Missense,Substitution,18,1944,A3,Light chain,N,X,,,,Severe,No,,2001,116,,0,2,0,Exon,Late,0,0,d9d98301-f947-4701-9bf3-38ee4f44f8d9,0.8,Hispanic,Prophylaxis,26,0
c.5894G>T,154132285,p.(Ser1965Ile),Ser1946Ile,Missense,Substitution,18,1946,A3,Light chain,N,X,,,,Severe,Not reported,,2002,126,,0,2,0,Exon,Late,0,0,dc270320-ac3b-4de5-bbdd-000c1da617f0,7,Black,Prophylaxis,72,0
c.5896A>C,154132283,p.(Met1966Leu),Met1947Leu,Missense,Substitution,18,1947,A3,Light chain,N,,,,X,Not reported,Not reported,,2019,312,,0,,0,Exon,Late,0,,5748c069-2942-4cde-a258-7df5c1357725,7.9,Black,Prophylaxis,79,0
c.5896A>G,154132283,p.(Met1966Val),Met1947Val,Missense,Substitution,18,1947,A3,Light chain,N,,,X,,Mild,No,1 stage-2 stage assay discrepancy,2005,"0, 153",,0,0,0,Exon,Late,0,0,61fbb0d2-fbbd-455f-a78d-38f91d6d3446,19.6,Caucasian,Prophylaxis,190,0
c.5898G>A,154132281,p.(Met1966Ile),Met1947Ile,Missense,Substitution,18,1947,A3,Light chain,N,,,X,,Mild,No,1 stage-2 stage assay discrepancy,1997,79,,0,0,0,Exon,Late,0,0,006f2fa6-78c9-4ca3-ada7-f7fe036e0647,28.8,Asian,On-Demand,148,0
c.5899G>C,154132280,p.(Gly1967Arg),Gly1948Arg,Missense,Substitution,18,1948,A3,Light chain,N,,,X,,Mild,No,,0,0,,0,0,0,Exon,Late,0,0,63ca723d-2f63-414a-9977-3f6fdc39a417,39.7,Caucasian,On-Demand,198,0
c.5900G>A,154132279,p.(Gly1967Asp),Gly1948Asp,Missense,Substitution,18,1948,A3,Light chain,N,,,X,,Mild,No,,1994,62,,0,0,0,Exon,Late,0,0,6fa90c9f-2449-43ea-acd1-20920a82962c,15,Asian,On-Demand,70,0
c.5901C>G,154132278,p.(=),0,Synonymous,Substitution,18,1948,A3,Light Chain,N,X,,,,Severe,Not reported,,2016,280,,0,2,0,Exon,Late,2,4,15ef1214-6527-4b98-9261-0a407da96390,2.3,Caucasian,Prophylaxis,31,1
c.5904C>A,154132275,p.(Ser1968Arg),Ser1949Arg,Missense,Substitution,18,1949,A3,Light chain,N,,,X,,Mild,Not reported,,2002,127,,0,0,0,Exon,Late,0,0,24d5f501-d2f1-4c5f-b12a-8dd297a6a62a,24.1,Caucasian,On-Demand,131,0
c.5905A>G,154132274,p.(Asn1969Asp),Asn1950Asp,Missense,Substitution,18,1950,A3,Light chain,N,,,X,,Mild,Not reported,,2013,249,,0,0,0,Exon,Late,0,0,9c73120b-9652-4d9e-af62-b5f9c84c123a,7.6,Asian,On-Demand,57,0
c.5911A>C,154132268,p.(Asn1971His),Asn1952His,Missense,Substitution,18,1952,A3,Light chain,N,,,X,,Mild,Not reported,,2018,293,,0,0,0,Exon,Late,0,0,81a3f0d6-b75d-4870-b1c1-165813365971,22.2,Caucasian,On-Demand,120,0
c.5911A>T,154132268,p.(Asn1971Tyr),Asn1952Tyr,Missense,Substitution,18,1952,A3,Light chain,N,,,X,,Mild,Not reported,,2014,256,,0,0,0,Exon,Late,0,0,c79848b6-8a2d-4c37-ab37-2f5175e01f4a,2,Black,On-Demand,2,0
c.5912A>C,154132267,p.(Asn1971Thr),Asn1952Thr,Missense,Substitution,18,1952,A3,Light chain,N,X,,,,Severe,Not reported,,1996,72,,0,2,0,Exon,Late,0,0,a34ba853-9199-4a2e-b16e-d597c400af0f,1.3,Black,Prophylaxis,16,1
c.5912A>G,154132267,p.(Asn1971Ser),Asn1952Ser,Missense,Substitution,18,1952,A3,Light chain,N,,,X,,Mild,Not reported,,2018,293,,0,0,0,Exon,Late,0,0,b94ba564-f108-472e-a4dd-194321e58367,3.2,Caucasian,On-Demand,22,0
c.5914_5915del,154132264_154132265,p.(Ile1972Profs*19),Ile1953Profs*19,Frameshift,Deletion,18,1953,A3,Light chain,N,X,,,,Severe,No,,2002,130,,0,2,1,Exon,Late,1,2,5c160af4-6b69-420f-b4b4-52a537f1dea4,1.7,Caucasian,Prophylaxis,25,1
c.5914delA,154132265,p.(Ile1972Serfs*58),Ile1953Serfs*58,Frameshift,Deletion,18,1953,A3,Light chain,N,,,,X,Not reported,Not reported,,2021,332,X,0,,1,Exon,Late,1,,99dcdd7e-38eb-4cf5-80b9-0706f45fe1dc,23.1,Caucasian,On-Demand,106,0
c.5918A>C,154132261,p.(His1973Pro),His1954Pro,Missense,Substitution,18,1954,A3,Light chain,N,,X,,,Moderate,No,,2013,239,,0,1,0,Exon,Late,0,0,f9d7fe26-1918-484f-b5ce-9efea63f9a31,8,Black,Prophylaxis,73,0
c.5918A>G,154132261,p.(His1973Arg),His1954Arg,Missense,Substitution,18,1954,A3,Light chain,N,X,,,,Severe,Not reported,,2008,"183, 186",,0,2,0,Exon,Late,0,0,d39491cf-17cb-41fb-a845-21bb438c89b4,5.5,Caucasian,Prophylaxis,58,1
c.5918A>T,154132261,p.(His1973Leu),His1954Leu,Missense,Substitution,18,1954,A3,Light chain,N,,,X,,Mild,No,1 stage-2 stage assay discrepancy,1999,"0, 96",,0,0,0,Exon,Late,0,0,e567a0db-e8ce-491e-9ee7-e45d502c3089,30.1,Other,On-Demand,137,0
c.5921C>A,154132258,p.(Ser1974Tyr),Ser1955Tyr,Missense,Substitution,18,1955,A3,Light chain,N,X,,,,Severe,Not reported,,2016,280,,0,2,0,Exon,Late,0,0,334d6100-fc6d-46b7-a38b-43a34de1d850,6.2,Caucasian,Prophylaxis,69,0
c.5921C>T,154132258,p.(Ser1974Phe),Ser1955Phe,Missense,Substitution,18,1955,A3,Light Chain,N,,X,X,,Mild/Moderate,Not reported,,2012,224,,0,,0,Exon,Late,0,,668ee9ee-b9ea-466c-a1d2-9c32cd045302,2,Caucasian,On-Demand,8,0
c.5923A>T,154132256,p.(Ile1975Phe),Ile1956Phe,Missense,Substitution,18,1956,A3,Light chain,N,,,X,,Mild,Not reported,,2016,280,,0,0,0,Exon,Late,0,0,44b3c61b-0f52-4d80-a80d-a164fd116389,2,Asian,On-Demand,17,1
c.5923dupA,154132256,p.(Ile1975Asnfs*17),Ile1956Asnfs*17,Frameshift,Duplication,18,1956,A3,Light chain,N,X,,,,Severe,No,,1995,70,,0,2,1,Exon,Late,1,2,d407ba2a-71ac-48c2-9ea0-f718d30eef28,2.6,Caucasian,Prophylaxis,17,0
c.5924T>A,154132255,p.(Ile1975Asn),Ile1956Asn,Missense,Substitution,18,1956,A3,Light chain,N,X,,,,Severe,No,,2005,"0, 152",,0,2,0,Exon,Late,0,0,dae58622-1885-4bbe-a1cf-01d2868cc985,4.9,Caucasian,Prophylaxis,47,0
c.5924T>G,154132255,p.(Ile1975Ser),Ile1956Ser,Missense,Substitution,18,1956,A3,Light chain,N,,X,,,Moderate,No,,2020,319,X,0,1,0,Exon,Late,0,0,9b780d23-4270-4dc5-be80-10f6175750f0,0.6,Hispanic,Prophylaxis,1,0
c.5926C>G,154132253,p.(His1976Asp),His1957Asp,Missense,Substitution,18,1957,A3,Light Chain,N,,,X,,Mild,No,,2012,229,,0,0,0,Exon,Late,0,0,2a24cdec-e8bc-43ce-abec-931a413c23ff,21.4,Caucasian,On-Demand,110,0
c.5927A>G,154132252,p.(His1976Arg),His1957Arg,Missense,Substitution,18,1957,A3,Light chain,N,,,,X,Mild,No,,0,0,,0,0,0,Exon,Late,0,0,c747aedf-54b9-46a2-a374-a69db3587fa5,15.4,Caucasian,On-Demand,65,1
c.5930delT,154132249,p.(Phe1977Serfs*53),Phe1958Serfs*53,Frameshift,Deletion,18,1958,A3,Light chain,N,X,,,,Severe,Yes,,2013,240,,1,2,1,Exon,Late,1,2,4898da13-e2a5-4255-a949-983470b2cc81,4.2,Asian,Prophylaxis,29,1
c.5932A>G,154132247,p.(Ser1978Gly),Ser1959Gly,Missense,Substitution,18,1959,A3,Light chain,N,,,X,,Mild,No,,2006,158,,0,0,0,Exon,Late,0,0,84d14af8-ff60-438b-a345-f5dadd3b6d75,8.6,Caucasian,On-Demand,41,0
c.5934T>G,154132245,p.(Ser1978Arg),Ser1959Arg,Missense,Substitution,18,1959,A3,Light chain,N,X,,,,Severe,No,,2005,151,,0,2,0,Exon,Late,0,0,dcd3e205-4c1a-4d45-a097-fed2ca54dcfe,2.4,Caucasian,Prophylaxis,25,0
c.5936G>A,154132243,p.(Gly1979Glu),Gly1960Glu,Missense,Substitution,18,1960,A3,Light chain,N,,,X,,Mild,No,,0,0,,0,0,0,Exon,Late,0,0,8602a5f3-afd7-4d3c-83c4-80e0e9e911bd,8.1,Caucasian,On-Demand,51,0
c.5936G>T,154132243,p.(Gly1979Val),Gly1960Val,Missense,Substitution,18,1960,A3,Light chain,N,,,X,,Mild,No,,1995,71,,0,0,0,Exon,Late,0,0,f1a5f41f-7652-453c-a79f-177671901ff6,14.7,Asian,On-Demand,72,0
c.5938C>G,154132241,p.(His1980Asp),His1961Asp,Missense,Substitution,18,1961,A3,Light chain,N,,,X,,Mild,No,,1997,82,,0,0,0,Exon,Late,0,0,9e09c909-9357-4791-ab6f-fa2eaf3c368d,24.1,Caucasian,On-Demand,122,0
c.5938C>T,154132241,p.(His1980Tyr),His1961Tyr,Missense,Substitution,18,1961,A3,Light chain,N,,,X,,Mild,No,,1995,71,,0,0,0,Exon,Late,0,0,34767764-4a02-4873-9702-48e7f9a157bb,10.7,Hispanic,On-Demand,35,1
c.5939A>C,154132240,p.(His1980Pro),His1961Pro,Missense,Substitution,18,1961,A3,Light chain,N,,X,,,Moderate,No,,2003,136,,0,1,0,Exon,Late,0,0,c6e5a890-c24f-4278-99cd-db8bd9e056a1,4.1,Caucasian,Prophylaxis,23,1
c.5939A>G,154132240,p.(His1980Arg),His1961Arg,Missense,Substitution,18,1961,A3,Light chain,N,,,X,,Mild,No,,2006,158,,0,0,0,Exon,Late,0,0,02af15af-5990-4da8-9245-d62aba9ffcf4,7,Caucasian,On-Demand,25,0
c.5941dupG,154132238,p.(Val1981Glyfs*11),Val1962Glyfs*11,Frameshift,Duplication,18,1962,A3,Light chain,N,X,,,,Severe,Yes,,2012,227,,1,2,1,Exon,Late,1,2,8b7b9ecf-0317-4c4c-8f88-4ffde90e3407,4,Hispanic,Prophylaxis,60,0
c.5941G>A,154132238,p.(Val1981Met),Val1962Met,Missense,Substitution,18,1962,A3,Light chain,N,,,X,,Mild,Not reported,,2004,142,,0,0,0,Exon,Late,0,0,998deee8-67a8-4b77-9019-46ef94277a75,7.8,Asian,On-Demand,37,1
c.5944T>A,154132235,p.(Phe1982Ile),Phe1963Ile,Missense,Substitution,18,1963,A3,Light chain,N,,,X,,Mild,No,,2002,130,,0,0,0,Exon,Late,0,0,90998094-1c21-455b-8cd2-280af40633a9,17.9,Caucasian,On-Demand,106,0
c.5944T>C,154132235,p.(Phe1982Leu),Phe1963Leu,Missense,Substitution,18,1963,A3,Light chain,N,,,X,,Mild,No,,0,0,,0,0,0,Exon,Late,0,0,2ecc49a7-9d18-4b9f-9c79-fe1532da0de1,2,Caucasian,On-Demand,26,0
c.5953C>G,154132226,p.(Arg1985Gly),Arg1966Gly,Missense,Substitution,18,1966,A3,Light chain,N,,,X,,Mild,Not reported,,2016,280,,0,0,0,Exon,Late,0,0,23b9e93e-d670-44f7-ab2d-0f7d62889cf0,20,Asian,On-Demand,102,0
c.5953C>T,154132226,p.(Arg1985*),Arg1966*,Nonsense,Substitution,18,1966,A3,Light chain,N,X,,,,Severe,Yes,,1991,41,,1,2,1,Exon,Late,4,8,d78d8a25-337d-4d4e-b4c8-be0f185102c5,2.3,Hispanic,On-Demand,1,0
c.5953delC,154132226,p.(Arg1985Glufs*45),Arg1966Glufs*45,Frameshift,Deletion,18,1966,A3,Light chain,N,X,,,,Severe,Not reported,,2009,190,,0,2,1,Exon,Late,1,2,aee67d5b-ae85-4e28-b5b4-431c809bb5c5,4.7,Other,Prophylaxis,24,0
c.5954_5985del,154132194_154132225,p.(Arg1985Glnfs*8),Arg1966Glnfs*8,Frameshift,Deletion,18,1966,A3,Light chain,Y,,,,X,Not reported,Not reported,,2005,145,,0,,1,Exon,Late,1,,46b6de5b-30fb-494a-a827-87be009f020e,24.2,Hispanic,On-Demand,127,0
c.5954delG,154132225,p.(Arg1985Glnfs*45),Arg1966Gln*45,Frameshift,Deletion,18,1966,A3,Light chain,N,X,,,,Severe,Not reported,,2016,280,,0,2,1,Exon,Late,1,2,aa18a564-1b78-4f4f-b9f7-ee1866951e79,2,Hispanic,Prophylaxis,17,0
c.5954G>A,154132225,p.(Arg1985Gln),Arg1966Gln,Missense,Substitution,18,1966,A3,Light chain,N,,,X,,Mild,No,1 stage-2 stage assay discrepancy,1998,87,,0,0,0,Exon,Late,0,0,0458d4c4-6d34-4339-85a5-07b16caf04f5,5.1,Other,On-Demand,21,0
c.5954G>C,154132225,p.(Arg1985Pro),Arg1966Pro,Missense,Substitution,18,1966,A3,Light Chain,N,,X,,,Moderate,No,,0,0,,0,1,0,Exon,Late,0,0,fc144276-b3d8-483a-89b3-233d4acd6dcb,7,Asian,Prophylaxis,91,0
c.5957A>T,154132222,p.(Lys1986Ile),Lys1967Ile,Missense,Substitution,18,1967,A3,Light chain,N,,,X,,Mild,No,,2010,"0, 210",,0,0,0,Exon,Late,0,0,c1da5d0d-f6c3-4917-93ec-16ac085b2809,16.7,Hispanic,On-Demand,85,1
c.5960_5961del,154132218_154132219,p.(Lys1987Argfs*4),Lys1968Argfs*4,Frameshift,Deletion,18,1968,A3,Light chain,Y,X,,,,Severe,Yes,,2006,160,,1,2,1,Exon,Late,1,2,5d78b205-7b23-491f-879e-d83fad42e6a3,2,Caucasian,Prophylaxis,21,0
c.5960_5964del,154132215_154132219,p.(Lys1987Argfs*3),Lys1968Argfs*3,Frameshift,Deletion,18,1968,A3,Light Chain,Y,,,,X,Not reported,Not reported,,2022,345,X,0,,1,Exon,Late,1,,2ae955cb-3581-4c5a-98b1-66d0ef326031,16.3,Caucasian,On-Demand,79,0
c.5961_5963del,154132216_154132218,p.(Glu1989del),Glu1969del,"Small structural change (in-frame, <50 bp)",Deletion,18,1969,A3,Light chain,Y,,,,X,Not reported,Not reported,,2022,345,X,0,,0,Exon,Late,5,,d228f862-9561-4678-813d-bed168521cea,6.1,Asian,On-Demand,42,0
c.5961delA,154132218,p.(Glu1988Argfs*42),Glu1969Argfs*42,Frameshift,Deletion,18,1969,A3,Light chain,Y,X,,,,Severe,Not reported,,1996,72,,0,2,1,Exon,Late,1,2,b8e1aa9b-dae1-4cbf-b9fc-7d8d9d8f69bc,8.8,Caucasian,Prophylaxis,74,0
c.5961dupA,154132218,p.(Glu1988Argfs*4),Glu1969Argfs*4,Frameshift,Duplication,18,1969,A3,Light chain,Y,X,,,,Severe,No,Poly A Duplication,1995,70,,0,2,1,Exon,Late,1,2,8ab24407-fe1e-4f14-8e49-56f30bfd7bb0,6,Black,Prophylaxis,69,0
c.5963_5964del,154132215_154132216,p.(Glu1988Glyfs*3),Glu1969Glyfs*3,Frameshift,Deletion,18,1969,A3,Light chain,N,X,,,,Severe,No,,2014,260,,0,2,1,Exon,Late,1,2,29da23e1-64bf-43d2-b247-f71de507aeaf,7.9,Caucasian,Prophylaxis,66,0
c.5964_5967dup,154132212_154132215,p.(Tyr1990Glyfs*3),Tyr1971Glyfs*3,Frameshift,Duplication,18,1971,A3,Light chain,N,,,,X,Severe,Yes,,2002,129,,1,2,1,Exon,Late,1,2,90bb0e63-b611-48e4-8df4-decf6ccfcef8,3.7,Caucasian,Prophylaxis,29,0
c.5965_5967del,154132212_154132214,p.(Glu1989del),Glu1970del,"Small structural change (in-frame, <50 bp)",Deletion,18,1970,A3,Light chain,N,,,X,,Mild,No,,2006,157,,0,0,0,Exon,Late,5,0,60479ff8-6798-47c3-836c-44cf18764aee,8.2,Caucasian,On-Demand,54,0
c.5966A>G,154132213,p.(Glu1989Gly),Glu1970Gly,Missense,Substitution,18,1970,A3,Light chain,N,,,X,,Mild,Not reported,,2018,293,,0,0,0,Exon,Late,0,0,ac200bd2-ce0d-42d5-939c-4533cbb5be46,21.1,Caucasian,On-Demand,106,0
c.5968T>G,154132211,p.(Tyr1990Asp),Thr1971Asp,Missense,Substitution,18,1971,A3,Light chain,N,,,,X,Not reported,Not reported,,2021,332,X,0,,0,Exon,Late,0,,22baf8e7-6b7e-4938-a144-f7e8322c0344,2,Asian,On-Demand,1,0
c.5973_5976del,154132203_154132206,p.(Met1992Hisfs*37),Met1973Hisfs*37,Frameshift,Deletion,18,1973,A3,Light chain,Y,,X,,,Moderate,No,,2003,133,,0,1,1,Exon,Late,1,1,37e1a18e-52b3-4322-bb46-2a946b6348b9,4.9,Asian,Prophylaxis,54,0
c.5973_5985del,154132194_154132206,p.(Met1992Ilefs*34),Met1973Ilefs*34,Frameshift,Deletion,18,1973,A3,Light chain,N,X,,,,Severe,No,,2008,180,,0,2,1,Exon,Late,1,2,442f42f7-01e4-4ba7-8406-f3472b20afc6,3,Black,Prophylaxis,29,0
c.5974dupA,154132205,p.(Met1992Asnfs*12),Met1973Asnfs*12,Frameshift,Duplication,18,1973,A3,Light chain,N,X,,,,Severe,No,,2020,320,X,0,2,1,Exon,Late,1,2,fb22ae23-ea46-4e14-9636-b2c2435ba937,0.8,Hispanic,On-Demand,7,0
c.5976G>A,154132203,p.(Met1992Ile),Met1973Ile,Missense,Substitution,18,1973,A3,Light chain,N,,,X,,Mild,No,,2010,"0, 210",,0,0,0,Exon,Late,0,0,7ff2a226-25ef-4236-983b-a54daad36d6b,6,Caucasian,On-Demand,42,0
c.5977G>A,154132202,p.(Ala1993Thr),Ala1974Thr,Missense,Substitution,18,1974,A3,Light chain,N,,,X,,Mild,No,,2013,239,,0,0,0,Exon,Late,0,0,ca0789a5-26df-48b4-94ce-f67170ddf50b,27.1,Black,On-Demand,137,0
c.5981T>A,154132198,p.(Leu1994Gln),Leu1975Gln,Missense,Substitution,18,1975,A3,Light Chain,N,,,X,,Mild,No,,2012,229,,0,0,0,Exon,Late,0,0,a29f7b89-1f31-4624-9aac-4a03e33af7a7,14.8,Other,On-Demand,82,1
c.5981T>C,154132198,p.(Leu1994Pro),Leu1975Pro,Missense,Substitution,18,1975,A3,Light chain,N,,X,,,Mild/Moderate,No,,2007,"0, 161",,0,,0,Exon,Late,0,,a1658537-cc1b-4a4d-a985-3a0fdbad4ada,6.3,Asian,On-Demand,34,0
c.5985C>A,154132194,p.(Tyr1995*),Tyr1976*,Nonsense,Substitution,18,1976,A3,Light chain,N,X,,,,Severe,Yes,,2005,"0, 145",,1,2,1,Exon,Late,4,8,feb9a276-4dae-4b25-a021-ca38a85752c6,3.1,Caucasian,Prophylaxis,31,0
c.5985C>G,154132194,p.(Tyr1995*),Tyr1976*,Nonsense,Substitution,18,1976,A3,Light chain,N,,,,X,Not reported,Not reported,,2015,268,,0,,1,Exon,Late,4,,7558e2e3-9e22-4e83-80a2-86d0825a36ba,33.2,Asian,Prophylaxis,338,0
c.5986_5987insA,154132192_154132193,"	p.(Asn1996Lysfs*8)",Asn1977Lysfs*8,Frameshift,Insertion,18,1977,A3,Light chain,N,X,,,,Severe,Not reported,,2021,336,X,0,2,1,Exon,Late,1,2,e523114a-f34e-457e-88ad-bc6259959f4c,9.7,Asian,Prophylaxis,97,1
c.5988dupT,154132191,p.(Leu1997Serfs*7),Leu1978Serfs*7,Frameshift,Duplication,18,1978,A3,Light chain,N,X,,,,Severe,Not reported,,2013,249,,0,2,1,Exon,Late,1,2,a2d0c592-e1f6-4bd4-bffb-1d03d629090c,4.3,Caucasian,Prophylaxis,41,0
c.5989C>T,154132190,p.(Leu1997Phe),Leu1978Phe,Missense,Substitution,18,1978,A3,Light chain,N,,,X,,Mild,Not reported,1 stage-2 stage assay discrepancy,2008,176,,0,0,0,Exon,Late,0,0,73a87446-21a9-4916-a91a-c45f892ef553,12.5,Asian,Prophylaxis,132,0
c.5993A>C,154132186,p.(Tyr1998Ser),Tyr1979Ser,Missense,Substitution,18,1979,A3,Light chain,N,,,X,,Mild,Not reported,,2002,127,,0,0,0,Exon,Late,0,0,c719ce59-66be-4425-827d-cf216450d5f4,20.6,Black,On-Demand,114,0
c.5993A>G,154132186,p.(Tyr1998Cys),Tyr1979Cys,Missense,Substitution,18,1979,A3,Light chain,N,,,,X,Mild,No,,0,0,,0,0,0,Exon,Late,0,0,d52cfc7a-080e-4e98-a459-b36ce558f166,28.2,Other,On-Demand,135,0
c.5994T>A,154132185,p.(Tyr1998*),Tyr1979*,Nonsense,Substitution,18,1979,A3,Light chain,N,X,,,,Severe,Not reported,,2016,280,,0,2,1,Exon,Late,4,8,69e91382-f2cb-42af-87f5-45a340b4eded,5.8,Caucasian,Prophylaxis,62,0
c.5996C>G,154132183,p.(Pro1999Arg),Pro1980Arg,Missense,Substitution,18,1980,A3,Light chain,N,,,X,,Mild,No,,2014,260,,0,0,0,Exon,Late,0,0,b2005fa8-4b48-42e2-b55d-5c3d3b80c3ef,3.5,Hispanic,On-Demand,9,0
c.5996C>T,154132183,p.(Pro1999Leu),Pro1980Leu,Missense,Substitution,18,1980,A3,Light chain,N,,,X,,Mild,No,,2010,209,,0,0,0,Exon,Late,0,0,ee895194-5be9-4727-94ed-674918b9cd34,19.2,Hispanic,On-Demand,92,0
c.5998G>A,154132181,p.(Gly2000Ser),Gly1981Ser,Missense,Substitution,18,1981,A3,Light chain,N,X,,,,Severe,Not reported,,2008,"183, 186",,0,2,0,Exon,Late,0,0,2860b2d4-a08b-40ef-a220-97dab506cdc7,4.2,Asian,Prophylaxis,30,0
c.5998G>C,154132181,p.(Gly2000Arg),Gly1981Arg,Missense,Substitution,18,1981,A3,Light chain,N,X,,,,Severe,No,,2009,191,,0,2,0,Exon,Late,0,0,f9dc422c-9933-4492-9a7e-7cb83121d0dd,12.9,Caucasian,Prophylaxis,126,0
c.5998+1_6116-1delinsYb9,154130326_154130442,p.(2000_2039del),1981_2020del,Large structural change (>50 bp),Deletion/Insertion,19,,A3,single domain,N,X,,,,Severe,No,Del caused by Alu insertion,2003,134,,0,2,0,Exon,Late,3,6,258a1c5b-dce9-4bcc-863f-c797a2b981e6,2.2,Black,Prophylaxis,5,0
c.5999-?_6115+?del,154130326_154130442,,,Large structural change (>50 bp),Deletion,19,,,,,X,,,,Severe,No,,2008,180,,0,2,0,Exon,Late,3,6,60fd7295-329c-4f20-ac5d-ad3e8ca56d2c,2.5,Caucasian,Prophylaxis,21,0
c.5999-8_6006del,154130435_154130450,,,Splice site change,Deletion,19,,A3,Light Chain,N,X,,,,Severe,No,,2012,229,,0,2,0,Splice,Late,6,12,c317e974-736a-4d48-9ee5-22f5f32c12ec,1.9,Asian,Prophylaxis,16,0
c.5999G>A,154130442,p.(Gly2000Asp),Gly1981Asp,Missense,Substitution,19,1981,A3,Light chain,N,,,,,Severe,No,,2006,158,,0,2,0,Exon,Late,0,0,6791980b-72a3-4331-ab76-7701c296d495,5.1,Asian,Prophylaxis,40,0
c.5999G>C,154130442,p.(Gly2000Ala),Gly1981Ala,Missense,Substitution,19,1981,A3,Light chain,N,,,,X,Moderate/Severe,Yes,,2000,105,,1,,0,Exon,Late,0,,5395e850-4a85-4635-95e1-eaf159224efc,9.8,Black,On-Demand,63,1
c.5999G>T,154130442,p.(Gly2000Val),Gly1981Val,Missense,Substitution,19,1981,A3,Light chain,N,X,,,,Severe,No,,2010,214,,0,2,0,Exon,Late,0,0,25fd7ddb-daac-4f4b-97fb-ed209d29773b,2.1,Black,Prophylaxis,15,0
c.6007delinsTT,154130434,p.(Glu2003Leufs*37),Glu1984Leufs*37,Frameshift,Deletion/Insertion,19,1984,A3,Light chain,N,X,,,,Severe,No,,2012,231,,0,2,1,Exon,Late,1,2,9092b38c-9eca-491c-a871-61f43d642840,8.4,Caucasian,Prophylaxis,76,0
c.6007G>T,154130434,p.(Glu2003*),Glu1984*,Nonsense,Substitution,19,1984,A3,Light chain,N,X,,,,Severe,No,,2020,319,X,0,2,1,Exon,Late,4,8,f961919e-5905-4164-8c01-c09546482db2,2.2,Caucasian,Prophylaxis,12,0
c.6010A>C,154130431,p.(Thr2004Pro),Thr1985Pro,Missense,Substitution,19,1985,A3,Light Chain,N,,,X,,Mild,Not reported,,2018,293,,0,0,0,Exon,Late,0,0,90f46103-90ac-4901-b355-81f1402e542a,14.2,Black,On-Demand,80,1
c.6011C>T,154130430,p.(Thr2004Ile),Thr1985Ile,Missense,Substitution,19,1985,A3,Light chain,N,,X,,,Moderate,No,,2006,158,,0,1,0,Exon,Late,0,0,5a4dbc9f-daa7-4f57-934f-b15cd373447e,3.7,Black,Prophylaxis,32,1
c.6016G>A,154130425,p.(Glu2006Lys),Glu1987Lys,Missense,Substitution,19,1987,A3,Light chain,N,,,X,,Mild,No,,2012,231,,0,0,0,Exon,Late,0,0,69b0f291-84d5-44b3-a435-3350c72bceed,2,Caucasian,On-Demand,7,0
c.6016G>T,154130425,p.(Glu2006*),Glu1987*,Nonsense,Substitution,19,1987,A3,Light chain,N,X,,,,Severe,No,,1993,58,,0,2,1,Exon,Late,4,8,908d3ebc-edc4-49c9-9f4b-d13f93c9e1f3,3.6,Caucasian,Prophylaxis,33,0
c.6018A>T,154130423,p.(Glu2006Asp),Glu1987Asp,Missense,Substitution,19,1987,A3,Light chain,N,,,X,,Mild,Not reported,,2016,280,,0,0,0,Exon,Late,0,0,2da93024-1204-4d98-8aed-e8368122d639,10.7,Caucasian,On-Demand,59,0
c.6019A>G,154130422,p.(Met2007Val),Met1988Val,Missense,Substitution,19,1988,A3,Light Chain,N,,,X,,Mild,Not reported,,2010,211,,0,0,0,Exon,Late,0,0,7a84d4f1-5760-410a-960d-78e92fa43a02,5.3,Caucasian,On-Demand,24,0
c.6019dupA,154130422,p.(Met2007Asnfs*33),Met1988Asnfs*33,Frameshift,Duplication,19,1988,A3,Light chain,N,X,,,,Severe,Not reported,,2013,249,,0,2,1,Exon,Late,1,2,1c0ca94a-050a-4d6a-94fd-60f6ca2cd0f5,8.8,Caucasian,Prophylaxis,75,0
c.6020T>C,154130421,p.(Met2007Thr),Met1988Thr,Missense,Substitution,19,1988,A3,Light Chain,N,,,,X,not reported,Not reported,,2022,345,X,0,,0,Exon,Late,0,,b83a9b93-c069-45e9-be45-5ecc791dc682,2,Caucasian,Prophylaxis,16,0
c.6021_6041del,154130400_154130420,p.(Met2007_Gly2013del),Met1988_Gly1994del,"Small structural change (in-frame, <50 bp)",Deletion,19,1988,A3,Light chain,N,X,,,,Severe,No,,2012,231,,0,2,0,Exon,Late,5,10,3be480a0-d5b2-4384-adcc-a30de9c9dab2,6,Caucasian,On-Demand,34,1
c.6021delG,154130420,p.(Met2007Ilefs*23),Met1988Ilefs*23,Frameshift,Deletion,19,1988,A3,Light chain,N,X,,,,Severe,No,,2013,240,,0,2,1,Exon,Late,1,2,a9e7a58a-641b-42a5-abed-8d0c6ccfb2e7,3.4,Black,Prophylaxis,17,0
c.6021G>A,154130420,p.(Met2007Ile),Met1988Ile,Missense,Substitution,19,1988,A3,Light chain,N,,,X,,Mild,No,,1998,87,,0,0,0,Exon,Late,0,0,aefb2573-9be7-4b51-bf93-27a0d1dc7931,6.2,Asian,On-Demand,30,0
c.6028delT,154130413,p.(Ser2010Profs*20),Ser1991Profs*20,Frameshift,Deletion,19,1991,A3,Light Chain,N,X,,,,Severe,Yes,,2010,212,,1,2,1,Exon,Late,1,2,0fb28e69-57e9-41ac-b877-2e41e7f7b060,7.7,Caucasian,Prophylaxis,54,0
c.6028dupT,154130413,p.(Ser2010Phefs*30),Ser1991Phefs*30,Frameshift,Duplication,19,1991,A3,Light chain,N,X,,,,Severe,No,,2012,231,,0,2,1,Exon,Late,1,2,1019669e-26c6-4c3b-9b39-298de4f4b196,3.3,Caucasian,Prophylaxis,28,1
c.6028T>C,154130413,p.(Ser2010Pro),Ser1991Pro,Missense,Substitution,19,1991,A3,Light chain,N,X,,,,Severe,Yes,,2013,251,,1,2,0,Exon,Late,0,0,d66978c7-ef7e-408b-b1c7-f6e5b6dc5e80,5.4,Caucasian,Prophylaxis,70,0
c.6030delC,154130411,p.(Ala2010Leufs*18),Ala1991Leufs*18,Frameshift,Deletion,19,1991,A3,Light chain,N,,,,X,Not reported,Not reported,,2021,332,X,0,,1,Exon,Late,1,,333f8339-ef9c-4877-8368-87d60cbb48c9,24,Asian,On-Demand,113,0
c.6037G>A,154130404,p.(Gly2013Arg),Gly1994Arg,Missense,Substitution,19,1994,A3,Light chain,N,X,,,,Severe,No,,2007,168,,0,2,0,Exon,Late,0,0,8271d690-26a6-4462-93d6-88549296bfc3,0.9,Black,Prophylaxis,12,0
c.6038G>A,154130403,p.(Gly2013Glu),Gly1994Glu,Missense,Substitution,19,1994,A3,Light Chain,N,,X,,,Moderate,Not reported,,2018,293,,0,1,0,Exon,Late,0,0,29214951-c454-45eb-8cf0-ead4f7d2cf42,4.8,Asian,Prophylaxis,49,0
c.6038G>T,154130403,p.(Gly2013Val),Gly1994Val,Missense,Substitution,19,1994,A3,Light chain,N,X,,,,Severe,No,,2016,282,,0,2,0,Exon,Late,0,0,3661a430-6c05-4622-853e-a73e210d177d,4,Caucasian,Prophylaxis,50,1
c.6043T>C,154130398,p.(Trp2015Arg),Trp1996Arg,Missense,Substitution,19,1996,A3,Light chain,N,X,,,,Severe,Not reported,,2008,"183, 186",,0,2,0,Exon,Late,0,0,9c1bb51f-d02f-4541-9d6f-9fcbd3c2595e,3.8,Caucasian,Prophylaxis,33,0
c.6044G>A,154130397,p.(Trp2015*),Trp1996*,Nonsense,Substitution,19,1996,A3,Light chain,N,X,,,,Severe,Not reported,,2016,280,,0,2,1,Exon,Late,4,8,f5ee560b-800d-4326-a59e-acc3830bba62,1.5,Hispanic,Prophylaxis,13,0
c.6045G>A,154130396,p.(Trp2015*),Trp1996*,Nonsense,Substitution,19,1996,A3,Light chain,N,X,,,,Severe,Not reported,,2015,275,,0,2,1,Exon,Late,4,8,3a199fd0-cf97-4f15-9f10-3beaa8643e6c,2.6,Hispanic,Prophylaxis,13,0
c.6045G>C,154130396,p.(Trp2015Cys),Trp1996Cys,Missense,Substitution,19,1996,A3,Light chain,N,,,,X,Not reported,Not reported,,0,0,,0,,0,Exon,Late,0,,62ef2ff9-87bc-414f-9761-ccd011c5c4f1,15.9,Caucasian,On-Demand,86,0
c.6045G>T,154130396,p.(Trp2015Cys),Trp1996Cys,Missense,Substitution,19,1996,A3,Light chain,N,,X,,,Moderate,No,,2002,130,,0,1,0,Exon,Late,0,0,cde0ec9e-d675-400c-a8ab-5557e95b6bca,7.4,Asian,Prophylaxis,70,0
c.6046C>G,154130395,p.(Arg2016Gly),Arg1997Gly,Missense,Substitution,19,1997,A3,Light chain,N,,X,,,Moderate,No,,2008,182,,0,1,0,Exon,Late,0,0,75c2edab-664c-4e9d-b127-b1789ddb618d,5.1,Other,Prophylaxis,56,0
c.6046C>T,154130395,p.(Arg2016Trp),Arg1997Trp,Missense,Substitution,19,1997,A3,Light chain,N,,X,,,Moderate,Not reported,Potential splice reported deleterious in ref. 253,1991,35,,0,1,0,Exon,Late,0,0,a0635d56-b11e-440f-8f3f-2f30fede4885,1.5,Caucasian,Prophylaxis,29,0
c.6047G>A,154130394,p.(Arg2016Gln),Arg1997Gln,Missense,Substitution,19,1997,A3,Light chain,N,,,X,,Mild,No,,0,0,,0,0,0,Exon,Late,0,0,b69a2042-d45b-4bd7-a627-1a052d1245a7,29.9,Caucasian,On-Demand,130,0
c.6047G>C,154130394,p.(Arg2016Pro),Arg1997Pro,Missense,Substitution,19,1997,A3,Light chain,N,X,,,,Severe,Yes,,2001,"0, 124",,1,2,0,Exon,Late,0,0,4bfdfc8f-fa14-4fd6-bd50-3d37e9a8bede,2.2,Black,On-Demand,11,0
c.6049delG,154130392,p.(Val2017Trpfs*13),Val1998Trpfs*13,Frameshift,Deletion,19,1998,A3,Light chain,N,X,,,,Severe,Not reported,,1996,72,,0,2,1,Exon,Late,1,2,b51da887-8ac0-4035-a3cd-7cc552d8c444,3.8,Black,Prophylaxis,36,0
c.6049G>A,154130392,p.(Val2017Met),Val1998Met,Missense,Substitution,19,1998,A3,Light chain,N,,,X,,Mild,No,,2012,231,,0,0,0,Exon,Late,0,0,3348b0a5-5f8d-45f2-a306-a233664bb69c,2,Caucasian,On-Demand,1,0
c.6052G>T,154130389,p.(Glu2018*),Glu1999*,Nonsense,Substitution,19,1999,A3,Light chain,N,X,,,,Severe,Not reported,,2016,280,,0,2,1,Exon,Late,4,8,c3fa83ea-c926-4227-836e-bdc575a084e3,4.1,Asian,Prophylaxis,39,0
c.6053A>G,154130388,p.(Glu2018Gly),Glu1999Gly,Missense,Substitution,19,1999,A3,Light chain,N,,X,,,Moderate/Severe,Yes,,2005,"0, 153",,1,,0,Exon,Late,0,,01646cf7-4493-4189-b2f1-ea68bea8685c,28.7,Caucasian,On-Demand,140,1
c.6055T>C,154130386,p.(Cys2019Arg),Cys2000Arg,Missense,Substitution,19,2000,A3,Light Chain,N,X,,,,Severe,Yes,,2010,212,,1,2,0,Exon,Late,0,0,dde3a345-8ffd-4513-9eaf-59c2bedef257,5.6,Hispanic,Prophylaxis,48,1
c.6055T>G,154130386,p.(Cys2019Gly),Cys2000Gly,Missense,Substitution,19,2000,A3,Light Chain,N,,X,,,Moderate,No,,2010,213,,0,1,0,Exon,Late,0,0,c5ec5bfb-0b4b-4ea3-8864-ebd41183aed7,10.5,Black,Prophylaxis,108,0
c.6056G>A,154130385,p.(Cys2019Tyr),Cys2000Tyr,Missense,Substitution,19,2000,A3,Light chain,N,,X,,,Moderate,No,,2013,239,,0,1,0,Exon,Late,0,0,bcc21793-0888-4999-8cbc-73259687ff32,5.3,Black,Prophylaxis,63,0
c.6057C>A,154130384,p.(Cys2019*),Cys2000*,Nonsense,Substitution,19,2000,A3,Light Chain,N,X,,,,Severe,Not reported,,2016,280,,0,2,1,Exon,Late,4,8,2180b504-589a-44e8-8e0f-079c809624d8,2,Caucasian,Prophylaxis,7,0
c.6057C>G,154130384,p.(Cys2019Trp),Cys2000Trp,Missense,Substitution,19,2000,A3,Light Chain,N,X,,,,Severe,Not reported,,2016,280,,0,2,0,Exon,Late,0,0,c9b20679-5544-431c-817b-3a5e29db6ad7,2.2,Hispanic,Prophylaxis,28,0
c.6059T>G,154130382,p.(Leu2020Arg),Leu2001Arg,Missense,Substitution,19,2001,A3,Light chain,N,,,X,,Mild,No,,2013,239,,0,0,0,Exon,Late,0,0,6404444d-ca6d-4d1b-9d2f-f714528e7eff,14.6,Black,On-Demand,65,1
c.6065G>A,154130376,p.(Gly2022Asp),Gly2003Asp,Missense,Substitution,19,2003,A3,Light chain,N,X,,,,Severe,No,,1998,87,,0,2,0,Exon,Late,0,0,c5cff76c-25a3-49ba-9adf-e235484a5439,5.9,Black,Prophylaxis,62,0
c.6066C>G,154130375,p.(=),0,Synonymous,Substitution,19,2003,A3,Light chain,N,,,,X,Not reported,Not reported,,2022,345,X,0,,0,Exon,Late,2,,31239189-0b65-4e80-93e2-14d9bfa1279b,38.4,Caucasian,On-Demand,193,0
c.6066C>T,154130375,p.(=),0,Synonymous,Substitution,19,2003,A3,Light chain,N,,,X,,Mild,Not reported,,2018,"303, 315",,0,0,0,Exon,Late,2,0,212bcf26-d1ba-42e1-8ed5-c44f958acde5,14.5,Black,On-Demand,78,0
c.6070dupC,154130371,p.(His2024Profs*16),His2005Profs*16,Frameshift,Duplication,19,2005,A3,Light chain,N,,,,X,Not reported,Not reported,,2005,145,,0,,1,Exon,Late,1,,158b3952-3140-43f5-9591-a2011ec65a4f,25.2,Caucasian,On-Demand,127,0
c.6077dupA,154130364,p.(His2026Glnfs*14),His2007Glnfs*14,Frameshift,Duplication,19,2007,A3,Light Chain,N,,X,,,Moderate,Yes,,2010,212,,1,1,1,Exon,Late,1,1,62778efa-0a7e-4d76-ae0e-eb899aeb66f7,6.7,Hispanic,Prophylaxis,71,0
c.6078_6079del,154130362_154130363,p.(Ala2027Trpfs*12),Ala2008Trpfs*12,Frameshift,Deletion,19,2008,A3,Light chain,N,X,,,,Severe,Yes,,2013,249,,1,2,1,Exon,Late,1,2,79b60153-b716-4f90-bb7e-2aa502744647,5.2,Asian,Prophylaxis,56,1
c.6081dupT,154130360,p.(Gly2028Trpfs*12),Gly2009Trpfs*12,Frameshift,Duplication,19,2009,A3,Light chain,N,,,,X,Not reported,Not reported,,2021,332,X,0,,1,Exon,Late,1,,87654bff-6725-4525-bb43-1e46fdabd84f,2,Caucasian,On-Demand,1,0
c.6082G>A,154130359,p.(Gly2028Arg),Gly2009Arg,Missense,Substitution,19,2009,A3,Light chain,N,,,X,,Mild,Yes,,1998,85,,1,0,0,Exon,Late,0,0,b776da0f-9804-4f5e-88e2-66c7ef991ed1,30.1,Asian,On-Demand,155,0
c.6082G>T,154130359,p.(Gly2028Trp),Gly2009Trp,Missense,Substitution,19,2009,A3,Light Chain,N,,,X,,Mild,No,,2012,229,,0,0,0,Exon,Late,0,0,c99dc07c-f87c-4abd-b61b-f7f7c4f68e3d,18.4,Caucasian,On-Demand,102,0
c.6084delG,154130357,p.(Met2029*),Met2010*,Frameshift,Deletion,19,2010,A3,Light chain,N,X,,,,Severe,Yes,,2002,130,,1,2,1,Exon,Late,1,2,925f6155-3e36-40de-83e7-6be67699cd79,2.9,Black,On-Demand,1,0
c.6085A>G,154130356,p.(Met2029Val),Met2010Val,Missense,Substitution,19,2010,A3,Light chain,N,X,,,,Severe,Not reported,,2016,280,,0,2,0,Exon,Late,0,0,ad023453-907a-47e1-ae31-17f6a85d8394,1.4,Other,Prophylaxis,8,0
c.6085A>T,154130356,p.(Met2029Leu),Met2010Leu,Missense,Substitution,19,2010,A3,Light chain,N,,,X,,Mild,No,,2018,306,,0,0,0,Exon,Late,0,0,66114422-82c1-4e33-96d7-d181eeb08209,11.5,Asian,On-Demand,48,0
c.6087dupG,154130354,p.(Ser2030Glufs*10),Ser2011Glufs*10,Frameshift,Duplication,19,2011,A3,Light Chain,N,X,,,,Severe,Not reported,,2010,211,,0,2,1,Exon,Late,1,2,c7e82572-ee26-48d3-8d0e-ce6f1ebc7479,1.8,Asian,Prophylaxis,20,0
c.6087G>A,154130354,p.(Met2029Ile),Met2010Ile,Missense,Substitution,19,2010,A3,Light chain,N,,,X,,Mild,No,,2007,161,,0,0,0,Exon,Late,0,0,342a9965-5f11-4b02-a95b-fdc4c00dade8,7.4,Asian,On-Demand,19,0
c.6087G>T,154130354,p.(Met2029Ile),Met2010Ile,Missense,Substitution,19,2010,A3,Light chain,N,,,X,,Mild,No,,2006,158,,0,0,0,Exon,Late,0,0,80f81b39-0b98-4123-a669-16d6a0a5f90f,15.3,Caucasian,On-Demand,70,0
c.6089dupG,154130352,p.(Ser2030Argfs*10),Ser2011Argfs*10,Frameshift,Duplication,19,2011,A3,Light chain,N,X,,,,Severe,No,,0,0,,0,2,1,Exon,Late,1,2,440dfbb7-6e8f-451a-abc4-280b030d4d51,4.5,Other,On-Demand,26,0
c.6089G>A,154130352,p.(Ser2030Asn),Ser2011Asn,Missense,Substitution,19,2011,A3,Light chain,N,,,X,,Mild,No,,1998,"0, 87",,0,0,0,Exon,Late,0,0,9d9ad339-8eb0-4d08-a20c-fd5ada1d7f27,2,Asian,On-Demand,22,1
c.6091A>C,154130350,p.(Thr2031Pro),Thr2012Pro,Missense,Substitution,19,2012,A3,Light Chain,N,,X,,,Moderate,Not reported,,2018,293,,0,1,0,Exon,Late,0,0,880fed5c-7317-40b6-9a28-3b26d7024c7e,10.8,Caucasian,Prophylaxis,105,0
c.6092C>T,154130349,p.(Thr2031Ile),Thr2012Ile,Missense,Substitution,19,2012,A3,Light chain,N,,,X,,Mild,Not reported,,2004,142,,0,0,0,Exon,Late,0,0,fc180a0b-a235-42df-ad1e-05c9c3c79a37,28.3,Hispanic,On-Demand,134,0
c.6093_6094del,154130347_154130348,p.(Leu2032Phefs*7),Leu2013Phefs*7,Frameshift,Deletion,19,2013,A3,Light Chain,N,X,,,,Severe,No,,2012,232,,0,2,1,Exon,Late,1,2,084f322e-fa8e-461d-afe0-1eb406af160d,3.1,Caucasian,Prophylaxis,38,0
c.6094C>T,154130347,p.(Gln2032*),Gln2013*,Nonsense,Substitution,19,2013,A3,Light chain,,X,,,,Severe,No,,2005,154,X,0,2,1,Exon,Late,4,8,be043b6b-4c70-4bf6-a390-8697cea4063b,9,Asian,Prophylaxis,81,0
c.6094delinsTT,154130347,p.(Leu2032Phefs*8),Leu2013Phefs*8,Frameshift,Deletion/Insertion,19,2013,A3,Light chain,N,,,,X,Not reported,Not reported,,2005,145,,0,,1,Exon,Late,1,,de067897-598f-426c-8026-8a5193dc816b,13.4,Caucasian,On-Demand,76,0
c.6099delT,154130342,p.(Leu2034Trpfs*65),Leu2015Trpfs*65,Frameshift,Deletion,19,2015,A3,Light chain,N,X,,,,Severe,No,,0,0,,0,2,1,Exon,Late,1,2,2667d13e-9d55-45de-ae8f-43ab2f9e6670,7.4,Black,Prophylaxis,67,0
c.6099T>G,154130342,p.(Phe2033Leu),Phe2014Leu,Missense,Substitution,19,2014,A3,Light chain,N,,,X,,Mild,Not reported,,2018,293,,0,0,0,Exon,Late,0,0,93086308-c42d-47ef-8e50-26b872536e85,8.8,Asian,On-Demand,62,0
c.6102delG,154130339,p.(Val2035Cysfs*64),Val2016Cysfs*64,Frameshift,Deletion,19,2016,A3,Light chain,N,X,,,,Severe,Not reported,,2021,336,X,0,2,1,Exon,Late,1,2,242d946a-b17e-40e2-909e-1ec09e870554,7.3,Caucasian,Prophylaxis,61,0
c.6103G>A,154130338,p.(Val2035Met),Val2016Met,Missense,Substitution,19,2016,A3,Light Chain,N,,X,,,Moderate,No,,2010,209,,0,1,0,Exon,Late,0,0,8f6466c4-b36b-4a78-b26c-867680c97cf8,3.3,Caucasian,Prophylaxis,37,0
c.6104T>A,154130337,p.(Val2035Glu),Val2016Glu,Missense,Substitution,19,2016,A3,Light chain,N,,X,,,Moderate,Not reported,,2013,249,,0,1,0,Exon,Late,0,0,5b59f2f5-0664-4afb-8087-007105e14003,2.4,Black,Prophylaxis,14,0
c.6104T>C,154130337,p.(Val2035Ala),Val2016Ala,Missense,Substitution,19,2016,A3,Light chain,N,,,X,,Mild,No,,1999,101,,0,0,0,Exon,Late,0,0,9d0092b1-f462-467d-92ff-9752a43c27d6,12.7,Caucasian,On-Demand,70,0
c.6104T>G,154130337,p.(Val2035Gly),Val2016Gly,Missense,Substitution,19,2016,A3,Light chain,N,X,,,,Severe,Not reported,,2008,"183, 186",,0,2,0,Exon,Late,0,0,c623dabc-5181-46a2-8bce-c7a84a7d2367,10,Asian,Prophylaxis,119,0
c.6107A>G,154130334,p.(Tyr2036Cys),Tyr2017Cys,Missense,Substitution,19,2017,A3,Light chain,N,,X,,,Moderate,No,,2001,116,,0,1,0,Exon,Late,0,0,1d816138-4ceb-43df-83db-a561c93165cb,4.6,Caucasian,Prophylaxis,54,0
c.6108C>A,154130333,p.(Tyr2036*),Tyr2017*,Nonsense,Substitution,19,2017,A3,Light Chain,N,,,,X,Not reported,Not reported,,2021,332,X,0,,1,Exon,Late,4,,73131d13-6798-4965-b637-d5160335ec34,31.6,Black,On-Demand,163,0
c.6108C>G,154130333,p.(Tyr2036*),Tyr2017*,Nonsense,Substitution,19,2017,A3,Light Chain,N,,X,,,Moderate,Not reported,,2012,224,,0,1,1,Exon,Late,4,4,c8ec9aa2-8c5f-4d3e-83d6-920fe79326d3,10.8,Caucasian,Prophylaxis,114,0
c.6108C>T,154130333,p.(=),0,Synonymous,Substitution,19,2017,A3,Light chain,N,,,X,,Mild,Not Reported,,2013,253,,,0,0,Exon,Late,2,0,c1b3b38f-f252-4526-9df1-8ca17474caaf,5.7,Black,On-Demand,42,0
c.6113A>G,154130328,p.(Asn2038Ser),Asn2019Ser,Missense,Substitution,19,2019,A3,Light chain,N,,X,,,Mild/Moderate,No,,1995,71,,0,,0,Exon,Late,0,,82235eeb-07bd-44f0-8940-0d33030d2738,14.5,Black,On-Demand,59,0
c.6113A>T,154130328,p.(Asn2038Ile),Asn2019Ile,Missense,Substitution,19,2019,A3,Light chain,N,,,X,,Mild,Not reported,,2013,245,,0,0,0,Exon,Late,0,0,0ce19452-6bae-4266-b1a1-6f50d75f2952,8.3,Black,On-Demand,35,0
c.6115A>T,154130326,p.(Lys2039*),Lys2020*,Nonsense,Substitution,19,2020,A3,Light chain,N,X,,,,Severe,Not reported,,2016,280,,0,2,1,Exon,Late,4,8,6d501256-1a65-4788-b563-7b2609561549,4.7,Caucasian,Prophylaxis,41,0
c.6116_6117del,154129716_154129717,p.(Lys2039Metfs*13),Lys2020Metfs*13,Frameshift,Deletion,20,2020,C1,Light chain,N,X,,,,Severe,Yes,,0,0,,1,2,1,Exon,Late,1,2,91aec79b-cd4e-431e-871c-fffed594b6fc,1.1,Caucasian,Prophylaxis,22,0
c.6118T>C,154129715,p.(Cys2040Arg),Cys2021Arg,Missense,Substitution,20,2021,C1,Light chain,N,,X,,,Moderate,Not reported,,2017,286,,0,1,0,Exon,Late,0,0,d2c07f50-b490-4c93-b9fd-4284d2b456d1,4.2,Caucasian,Prophylaxis,32,0
c.6118T>G,154129715,p.(Cys2040Gly),Cys2021Gly,Missense,Substitution,20,2021,C1,Light chain,N,,,X,,Mild,No,,0,0,,0,0,0,Exon,Late,0,0,34bcef0a-7383-4467-92f8-25b57df4b92f,10.7,Caucasian,On-Demand,73,0
c.6119_6120delinsTA,154129713_154129714,p.(Cys2040Leu),Cys2021Leu,Missense,Deletion/Insertion,20,2021,C1,Light chain,N,,X,,,Moderate,Not reported,,2013,249,,0,1,0,Exon,Late,0,0,4023ba72-56f0-4a6b-a4fd-969a57eb5047,7.3,Caucasian,Prophylaxis,65,0
c.6119delG,154129714,p.(Cys2040Phefs*59),Cys2021Phefs*59,Frameshift,Deletion,20,2021,C1,Light Chain,N,X,,,,Severe,No,,2012,232,,0,2,1,Exon,Late,1,2,eb7f78a2-1f4f-4536-ab1a-d2039c9c1213,4,Asian,Prophylaxis,46,0
c.6119G>A,154129714,p.(Cys2040Tyr),Cys2021Tyr,Missense,Substitution,20,2021,C1,Light chain,N,,X,X,,Mild,No,,1999,"0, 101",,0,0,0,Exon,Late,0,0,9f40676d-92c1-4185-aaa3-2f2084f09611,5,Asian,On-Demand,29,0
c.6120_6135del,154129698_154129713,p.(Cys2040*),Cys2021*,Frameshift,Deletion,20,2021,C1,Light chain,N,,,,,Severe,No,,2003,136,,0,2,1,Exon,Late,1,2,a1ed56d4-91b5-4891-b26f-7dbb3f3db137,7.7,Caucasian,Prophylaxis,89,0
c.6120T>A,154129713,p.(Cys2040*),Cys2021*,Nonsense,Substitution,20,2021,C1,Light chain,N,,X,,,Severe,No,,2001,123,,0,2,1,Exon,Late,4,8,d4ea01d6-8326-4f59-b5af-aee0abbb0dc6,3.7,Caucasian,Prophylaxis,28,1
c.6130delC,154129703,p.(Leu2044Trpfs*55),Leu2025Trpfs*55,Frameshift,Deletion,20,2025,C1,Light chain,N,X,,,,Severe,Not reported,,2008,180,,0,2,1,Exon,Late,1,2,b939b87d-1de8-42a2-af76-65cfc3dda91c,3.4,Caucasian,Prophylaxis,35,0
c.6130dupC,154129703,p.(Leu2044Profs*9),Leu2025Profs*9,Frameshift,Insertion,20,2025,C1,Light Chain,N,X,,,,Severe,Yes,,2019,307,,1,2,1,Exon,Late,1,2,cdd3d907-d8df-4632-8a7a-560119960f6e,5.2,Caucasian,On-Demand,35,1
c.6131T>C,154129702,p.(Leu2044Pro),Leu2025Pro,Missense,Substitution,20,2025,C1,Light chain,N,X,,,,Severe,No,,2005,150,,0,2,0,Exon,Late,0,0,b14d7cae-e64f-42aa-8c45-482f0cf3c1f0,1.7,Caucasian,On-Demand,13,0
c.6133G>A,154129700,p.(Gly2045Arg),Gly2026Arg,Missense,Substitution,20,2026,C1,Light chain,N,X,X,,,Moderate/Severe,No,,2012,231,,0,,0,Exon,Late,0,,6e18dc6d-de5f-4a4c-bce0-44429e3123c9,32.8,Caucasian,On-Demand,164,0
c.6133G>T,154129700,p.(Gly2045*),Gly2026*,Nonsense,Substitution,20,2026,C1,Light chain,N,X,,,,Severe,No,,2008,188,,0,2,1,Exon,Late,4,8,565d72b9-9d72-4cda-b526-a672167ec0a9,3.6,Black,On-Demand,29,0
c.6134dupG,154129699,p.(Met2046Asnfs*7),Met2027Asnfs*7,Frameshift,Duplication,20,2027,C1,Light chain,N,X,,,,Severe,Not reported,,2018,293,,0,2,1,Exon,Late,1,2,effd1d1f-1ca1-4cb1-aa2d-f70b803a5e84,2.7,Caucasian,Prophylaxis,20,0
c.6134G>A,154129699,p.(Gly2045Glu),Gly2026Glu,Missense,Substitution,20,2026,C1,Light chain,N,,,X,,Mild,No,,2001,123,,0,0,0,Exon,Late,0,0,b56fc9d0-f66b-45dd-860d-466afe080499,23.3,Caucasian,On-Demand,100,0
c.6134G>T,154129699,p.(Gly2045Val),Gly2026Val,Missense,Substitution,20,2026,C1,Light chain,N,,,,X,Severe,No,,1998,93,,0,2,0,Exon,Late,0,0,5c7a5a21-9e49-49ba-9788-f14a7560432d,3.8,Caucasian,Prophylaxis,53,1
c.6136dupA,154129697,p.(Met2046Asnfs*7),Met2027Asnfs*7,Frameshift,Duplication,20,2027,C1,Light chain,Y,,X,,,Severe,Not reported,,0,0,,0,2,1,Exon,Late,1,2,d24d4394-eb1a-494e-8d95-6fc25e9e4e98,2.3,Asian,Prophylaxis,29,0
c.6140C>G,154129693,p.(Ala2047Gly),Ala2028Gly,Missense,Substitution,20,2028,C1,Light chain,N,,,,,Severe,Yes,,2006,158,,1,2,0,Exon,Late,0,0,49cbc327-9112-4ece-bd2a-9c6e6ef3be56,5.6,Black,On-Demand,34,1
c.6142delT,154129691,p.(Ser2048Leufs*51),Ser2029Leufs*51,Frameshift,Deletion,20,2029,C1,Light Chain,N,X,,,,Severe,No,,2012,233,,0,2,1,Exon,Late,1,2,a3f72233-7cf9-4e75-89b8-412bbe989553,5.4,Caucasian,On-Demand,23,0
c.6146dupG,154129687,p.(His2050Thrfs*3),His2031Thrfs*3,Frameshift,Duplication,20,2031,C1,Light Chain,N,X,,,,Severe,No,,2012,233,,0,2,1,Exon,Late,1,2,aa4ca0b3-e399-4fe1-997a-0239390eb830,3.9,Caucasian,Prophylaxis,27,0
c.6151A>T,154129682,p.(Ile2051Phe),Ile2032Phe,Missense,Substitution,20,2032,C1,Light chain,N,,,X,,Mild,Not reported,,2008,183,,0,0,0,Exon,Late,0,0,a9e0c489-6dfd-4966-aabb-6f3a62e469f7,7.1,Caucasian,On-Demand,32,1
c.6152T>C,154129681,p.(Ile2051Thr),Ile2032Thr,Missense,Substitution,20,2032,C1,Light chain,N,,,X,,Mild,Not reported,,2021,339,X,0,0,0,Exon,Late,0,0,d18bffc3-de66-4842-aa31-f418ea9212b6,3.5,Asian,On-Demand,5,0
c.6152T>G,154129681,p.(Ile2051Ser),Ile2032Ser,Missense,Substitution,20,2032,C1,Light chain,N,X,,,,Severe,Not reported,,2008,183,,0,2,0,Exon,Late,0,0,76bf55b9-1ab0-43d3-bcec-2cc79b72899f,5.3,Black,On-Demand,28,0
c.6158A>T,154129675,p.(Asp2053Val),Asp2034Val,Missense,Substitution,20,2034,C1,Light Chain,N,,,X,,Mild,Not reported,,2016,280,,0,0,0,Exon,Late,0,0,af26234e-3187-44b6-bb41-41a63d29ec00,27.2,Caucasian,Prophylaxis,285,1
c.6162_6163insA,154129670_154129671,p.(Gln2055Thrfs*71),Gln2036Thrfs*71,Frameshift,Insertion,20,2036,C1,Light Chain,N,X,,,,Severe,No,,2012,233,,0,2,1,Exon,Late,1,2,a7230893-01c3-4247-98ba-e404b209f4c7,5.8,Caucasian,Prophylaxis,66,1
c.6163C>T,154129670,p.(Gln2055*),Gln2036*,Nonsense,Substitution,20,2036,C1,Light chain,N,X,,,,Severe,No,,2012,231,,0,2,1,Exon,Late,4,8,b82fe90c-d514-4a78-b40b-a295f85ce3e7,6.8,Caucasian,Prophylaxis,70,0
c.6165_6166dup,154129667_154129668,p.(Ile2056Argfs*44),Ile2037Argfs*44,Frameshift,Duplication,20,2037,C1,Light chain,N,X,,,,Severe,No,,2010,"0, 210",,0,2,1,Exon,Late,1,2,217c75c6-7562-43c9-b97f-3baaf72942bc,2,Other,Prophylaxis,23,0
c.6167T>A,154129666,p.(Ile2056Asn),Ile2037Asn,Missense,Substitution,20,2037,C1,Light chain,N,X,,,,Severe,Not reported,,2002,127,,0,2,0,Exon,Late,0,0,7806ff15-cba0-4e16-90c2-873d0ed5cd98,8.7,Caucasian,Prophylaxis,98,1
c.6172G>C,154129661,p.(Ala2058Pro),Ala2039Pro,Missense,Substitution,20,2039,C1,Light chain,N,,,,X,Moderate,No,,2000,111,,0,1,0,Exon,Late,0,0,30dd0337-821c-4ce5-a3c0-afc2da34363a,1.2,Black,On-Demand,11,1
c.6175T>C,154129658,p.(Ser2059Pro),Ser2040Pro,Missense,Substitution,20,2040,C1,Light Chain,N,,,X,,Mild,Not reported,,2010,211,,0,0,0,Exon,Late,0,0,b7d27643-97a7-4b00-a760-f4672be5a6c9,10.2,Asian,On-Demand,52,0
c.6179G>T,154129654,p.(Gly2060Val),Gly2041Val,Missense,Substitution,20,2041,C1,Light chain,N,,,X,,Mild,Not reported,,0,0,,0,0,0,Exon,Late,0,0,49648eba-2d9e-4c69-a2bb-3a167d5a543a,7.2,Caucasian,On-Demand,19,0
c.6185A>G,154129648,p.(Tyr2062Cys),Tyr2043Cys,Missense,Substitution,20,2043,C1,Light chain,N,,,,X,Not reported,Not reported,,2016,280,,0,,0,Exon,Late,0,,2feb433a-ce20-48ae-8a3a-1d81527347b5,28.2,Caucasian,On-Demand,148,0
c.6187G>A,154129646,p.(Gly2063Arg),Gly2044Arg,Missense,Substitution,20,2044,C1,Light Chain,N,X,,,,Severe,No,,2012,233,,0,2,0,Exon,Late,0,0,a68052d6-4ec6-4f8a-9b99-3c9999a095e9,6.6,Caucasian,Prophylaxis,62,1
c.6187G>T,154129646,p.(Gly2063*),Gly2044*,Nonsense,Substitution,20,2044,C1,Light chain,N,X,,,,Severe,Not reported,,2016,280,,0,2,1,Exon,Late,4,8,c09e6ea7-e73e-46c5-b6dd-ea0b2ceff6c3,9.1,Caucasian,Prophylaxis,86,0
c.6190C>T,154128224,p.(Gln2064*),Gln2045*,Nonsense,Substitution,21,2045,C1,Light chain,N,X,,,,Severe,Yes,,2016,282,,1,2,1,Exon,Late,4,8,afbedd3e-50b6-4f43-bd8f-00e8d8d0ca69,2.1,Caucasian,Prophylaxis,40,1
c.6193_6204del,154128210_154128221,p.(Trp2065_Lys2068del),Trp2046_Lys2049del,"Small structural change (in-frame, <50 bp)",Deletion,21,2046-2049,C1,Light Chain,N,X,,,,Severe,Not reported,,2012,224,,0,2,0,Exon,Late,5,10,6ebc7969-71fb-46b5-b151-8b9fab5dbcaf,6,Caucasian,Prophylaxis,55,0
c.6193dupT,154128221,p.(Trp2065Leufs*61),Trp2046Leufs*61,Frameshift,Duplication,21,2046,C1,Light chain,N,X,,,,Severe,Yes,,2014,258,,1,2,1,Exon,Late,1,2,7ba52222-6c8a-4a06-9c54-d90c3f627d3d,12.6,Black,Prophylaxis,122,0
c.6193T>C,154128221,p.(Trp2065Arg),Trp2046Arg,Missense,Substitution,21,2046,C1,Light chain,N,,X,,,Moderate,Not reported,,1992,43,,0,1,0,Exon,Late,0,0,ee22149f-757e-4843-b49d-ace610c580e4,1.9,Black,Prophylaxis,20,0
c.6194G>A,154128220,p.(Trp2065*),Trp2046*,Nonsense,Substitution,21,2046,C1,Light chain,N,X,,,,Severe,Not reported,,1996,74,,0,2,1,Exon,Late,4,8,ff54d672-c340-4e2e-ab7f-4ed96c5414ab,1.2,Caucasian,On-Demand,22,0
c.6195G>C,154128219,p.(Trp2065Cys),Trp2046Cys,Missense,Substitution,21,2046,C1,Light chain,N,,,X,,Mild/moderate,Not reported,,2015,271,,0,,0,Exon,Late,0,,38228b9f-238d-438d-be00-6c132c4f0943,34.1,Asian,On-Demand,173,0
c.6200C>G,154128214,p.(Pro2067Arg),Pro2048Arg,Missense,Substitution,21,2048,C1,Light chain,N,,X,,,Moderate,Not reported,,2018,293,,0,1,0,Exon,Late,0,0,b4ec64b4-86d4-4279-93cc-16c9c33426f9,5.3,Hispanic,Prophylaxis,50,0
c.6200C>T,154128214,p.(Pro2067Leu),Pro2048Leu,Missense,Substitution,21,2048,C1,Light chain,N,,,,X,Severe,Not reported,,2001,118,,0,2,0,Exon,Late,0,0,e434bf36-f198-42f7-9017-061c13d3dcd5,9.5,Other,Prophylaxis,104,0
c.6200delC,154128214,p.(Pro2067Glnfs*32),Pro2048Glnfs*32,Frameshift,Deletion,21,2048,C1,Light chain,N,X,,,,Severe,Not reported,,2019,314,,0,2,1,Exon,Late,1,2,e23eaf77-b250-4cf3-ab05-3646fd7c4475,3.9,Black,Prophylaxis,28,0
c.6202_6257dup,154128157_154128212,p.(Phe2087Serfs*31),Phe2068Serfs*31,Frameshift,Duplication,21,2068,C1,Light chain,Y,X,,,,Severe,No,,2002,125,,0,2,1,Exon,Late,1,2,322b9d27-9e0f-414d-8147-8ea922f63a90,9.3,Caucasian,Prophylaxis,111,0
c.6205C>G,154128209,p.(Leu2069Val),Leu2050Val,Missense,Substitution,21,2050,C1,Light chain,N,,,,X,Not reported,Not reported,,2022,345,X,0,,0,Exon,Late,0,,78ea5949-5b4c-4360-84e0-4cba708a10af,37.3,Hispanic,On-Demand,195,0
c.6206T>C,154128208,p.(Leu2069Pro),Leu2050Pro,Missense,Substitution,21,2050,C1,Light Chain,N,,X,,,Moderate,No,,2012,232,,0,1,0,Exon,Late,0,0,ebbe5c1c-d891-4471-b841-e4770a353481,3.6,Caucasian,Prophylaxis,22,0
c.6208G>A,154128206,p.(Ala2070Thr),Ala2051Thr,Missense,Substitution,21,2051,C1,Light chain,N,,,X,,Mild,No,,2006,158,,0,0,0,Exon,Late,0,0,2258ec1a-50a4-4759-a207-e0085e2d858a,9.6,Caucasian,On-Demand,53,1
c.6208G>C,154128206,p.(Ala2070Pro),Ala2051Pro,Missense,Substitution,21,2051,C1,Light chain,N,X,,,,Severe,Not reported,,2016,280,,0,2,0,Exon,Late,0,0,19e8365c-ddbc-45fd-b7c0-d28f7f6d57bc,3.7,Caucasian,Prophylaxis,57,0
c.6209C>A,154128205,p.(Ala2070Asp),Ala2051Asp,Missense,Substitution,21,2051,C1,Light Chain,N,,X,,,Moderate,Not reported,,2018,293,,0,1,0,Exon,Late,0,0,37d25bea-bc1e-4482-b445-62ad4d366a6f,4.4,Caucasian,Prophylaxis,44,0
c.6209C>T,154128205,p.(Ala2070Val),Ala2051Val,Missense,Substitution,21,2051,C1,Light chain,N,,,X,,Mild,Not reported,,2002,127,,0,0,0,Exon,Late,0,0,571b5a6f-e284-4c4d-8d25-08018c5c9b35,33.5,Other,On-Demand,176,0
c.6211A>G,154128203,p.(Arg2071Gly),Arg2052Gly,Missense,Substitution,21,2052,C1,Light chain,N,X,,,,Severe,Not reported,,2013,249,,0,2,0,Exon,Late,0,0,77f89639-9328-4907-a200-2cec26ff6ed8,6.1,Caucasian,Prophylaxis,56,0
c.6212G>A,154128202,p.(Arg2071Lys),Arg2052Lys,Missense,Substitution,21,2052,C1,Light chain,N,,,X,,Mild,No,,2020,319,X,0,0,0,Exon,Late,0,0,13bb74b5-4a19-425a-a2ef-9d4f84088816,34.7,Caucasian,Prophylaxis,314,1
c.6212G>C,154128202,p.(Arg2071Thr),Arg2052Thr,Missense,Substitution,21,2052,C1,Light Chain,N,,X,X,,Mild/Moderate,Not reported,,2010,211,,0,,0,Exon,Late,0,,24b9e425-8622-4d77-a767-95402bf55717,36.1,Hispanic,On-Demand,197,0
c.6213A>C,154128201,p.(Arg2071Ser),Arg2052Ser,Missense,Substitution,21,2052,C1,Light chain,N,,X,,,Moderate,Not reported,,2020,320,X,0,1,0,Exon,Late,0,0,cf020fe7-2187-457f-84ad-26cb89cd63ed,6.5,Hispanic,Prophylaxis,55,0
c.6213A>T,154128201,p.(Arg2071Ser),Arg2052Ser,Missense,Substitution,21,2052,C1,Light chain,N,X,,,,Severe,No,,2005,151,,0,2,0,Exon,Late,0,0,cfb5ac06-39d8-41b1-87fe-19cb3134ab8d,3,Caucasian,Prophylaxis,18,0
c.6214C>T,154128200,p.(Leu2072Phe),Leu2053Phe,Missense,Substitution,21,2053,C1,Light chain,N,,,X,,Mild,No,,2006,158,,0,0,0,Exon,Late,0,0,346f8b77-f68b-47e5-997f-93a8921d6423,15.2,Asian,On-Demand,80,0
c.6215T>A,154128199,p.(Leu2072His),Leu2053His,Missense,Substitution,21,2053,C1,Light chain,N,,X,,,Moderate,No,,2017,288,,0,1,0,Exon,Late,0,0,2d659bc7-a7c7-4b48-aa42-b48f5f515ac8,2.1,Caucasian,Prophylaxis,32,0
c.6215T>G,154128199,p.(Leu2072Arg),Leu2053Arg,Missense,Substitution,21,2053,C1,Light chain,N,X,X,,,Moderate/Severe,Not reported,,2016,280,,0,,0,Exon,Late,0,,909bc2ea-6583-4b27-8a4c-0ff830ee92a1,4.5,Asian,On-Demand,28,0
c.6218dupA,154128196,p.(His2073Glnfs*53),His2054Glnfs*53,Frameshift,Duplication,21,2054,C1,Light chain,N,,,,,Severe,Yes,,2006,158,,1,2,1,Exon,Late,1,2,adffae4b-b291-47f1-b2a5-1b5540888bf7,2.1,Black,Prophylaxis,14,1
c.6226G>T,154128188,p.(Gly2076*),Gly2057*,Nonsense,Substitution,21,2057,C1,Light chain,N,X,,,,Severe,Not reported,,2002,126,,0,2,1,Exon,Late,4,8,80badc0d-1104-4940-b840-27382c8a5601,1.5,Asian,Prophylaxis,5,0
c.6227G>T,154128187,p.(Gly2076Val),Gly2057Val,Missense,Substitution,21,2057,C1,Light chain,N,,,X,,Mild,Yes,,2013,249,,1,0,0,Exon,Late,0,0,55ab3faa-7314-4764-bc47-b88713f57f30,2.7,Black,On-Demand,24,0
c.6230C>G,154128184,p.(Ser2077*),Ser2058*,Nonsense,Substitution,21,2058,C1,Light chain,N,X,,,,Severe,No,,1999,"0, 97",,0,2,1,Exon,Late,4,8,b528083f-08e9-4050-9370-9384016edeca,1.3,Black,Prophylaxis,1,0
c.6238G>A,154128176,p.(Ala2080Thr),Ala2061Thr,Missense,Substitution,21,2061,C1,Light chain,N,,X,,,Moderate,No,,2009,198,,0,1,0,Exon,Late,0,0,ffe029a9-bc91-40ae-8426-485998288a35,10.2,Asian,On-Demand,38,0
c.6239C>A,154128175,p.(Ala2080Asp),Ala2061Asp,Missense,Substitution,21,2061,C1,Light chain,N,,,,X,Not reported,No,,2012,231,,0,,0,Exon,Late,0,,4380e097-a0af-4c68-940e-911110439028,9.4,Black,On-Demand,52,0
c.6239C>T,154128175,p.(Ala2080Val),Ala2061Val,Missense,Substitution,21,2061,C1,Light chain,N,,X,,,Moderate,No,,0,0,,0,1,0,Exon,Late,0,0,cc2d0634-d751-43a2-bcf5-64e8b4fd3c81,3.8,Caucasian,On-Demand,23,0
c.6241T>C,154128173,p.(Trp2081Arg),Trp2062Arg,Missense,Substitution,21,2062,C1,Light Chain,N,X,,,,Severe,No,,2012,229,,0,2,0,Exon,Late,0,0,eff18d34-bcf5-48c6-81ec-0835081abb70,4.5,Caucasian,Prophylaxis,66,0
c.6242G>A,154128172,p.(Trp2081*),Trp2062*,Nonsense,Substitution,21,2062,C1,Light chain,N,X,,,,Severe,No,,2005,146,,0,2,1,Exon,Late,4,8,3ad0e3f4-73c0-4990-a223-6c502ab51f45,6.5,Caucasian,On-Demand,31,0
c.6242G>C,154128172,p.(Trp2081Ser),Trp2062Ser,Missense,Substitution,21,2062,C1,Light chain,N,X,,,,Severe,No,,2006,160,,0,2,0,Exon,Late,0,0,cd8cbc1f-c0ba-4d85-999e-30e0ee660beb,9,Asian,Prophylaxis,78,0
c.6242G>T,154128172,p.(Trp2081Leu),Trp2062Leu,Missense,Substitution,21,2062,C1,Light chain,N,X,,,,Severe,Not reported,,2018,293,,0,2,0,Exon,Late,0,0,67ecb4d5-195c-4efa-82c2-0b2e9e060bed,3.9,Asian,On-Demand,26,0
c.6243G>A,154128172,p.(Trp2081*),Trp2062*,Nonsense,Substitution,21,2062,C1,Light chain,N,X,,,,Severe,No,,2008,175,,0,2,1,Exon,Late,4,8,026a70f0-0ee5-4c4f-aa14-c6c77364765f,5.8,Asian,Prophylaxis,56,0
c.6243G>C,154128171,p.(Trp2081Cys),Trp2062Cys,Missense,Substitution,21,2062,C1,Light chain,N,X,,,,Severe,Yes,,2006,157,,1,2,0,Exon,Late,0,0,53ab28b6-0fa0-48bd-95f4-51e3771d8aa1,5.7,Other,Prophylaxis,56,0
c.6244A>G,154128170,p.(Ser2082Gly),Ser2063Gly,Missense,Substitution,21,2063,C1,Light chain,N,,,X,,Mild,Not reported,,2016,280,,0,0,0,Exon,Late,0,0,f7dd17c6-557f-4040-a344-69c72264520c,17.6,Other,On-Demand,88,1
c.6245G>A,154128169,p.(Ser2082Asn),Ser2063Asn,Missense,Substitution,21,2063,C1,Light chain,N,X,,,,Severe,Not reported,,2002,127,,0,2,0,Exon,Late,0,0,b343f165-8efe-4352-aa0f-9c4c8635a5d5,1.3,Asian,Prophylaxis,18,0
c.6245G>C,154128169,p.(Ser2082Thr),Ser2063Thr,Missense,Substitution,21,2063,C1,Light chain,N,,,X,,Mild,No,reversed with c.9296T>A in paper,2014,260,,0,0,0,Exon,Late,0,0,89e3b9d1-bef9-4096-9543-1eb7837c8218,6.9,Caucasian,On-Demand,37,0
c.6246C>G,154128168,p.(Ser2082Arg),Ser2063Arg,Missense,Substitution,21,2063,C1,Light chain,N,,,X,,Mild,Not reported,,2014,256,,0,0,0,Exon,Late,0,0,b379c7c6-08fc-4cce-b2c1-ef9c4c4941ac,9.4,Asian,On-Demand,64,0
c.6250A>T,154128164,p.(Lys2084*),Lys2065*,Nonsense,Substitution,21,2065,C1,Light chain,N,X,,,,Severe,No,,2005,"0, 152",,0,2,1,Exon,Late,4,8,6f5f2be6-2e39-42d5-b37d-4326de1b93cf,5.1,Caucasian,Prophylaxis,46,0
c.6253G>T,154128161,p.(Glu2085*),Glu2066*,Nonsense,Substitution,21,2066,C1,Light chain,N,X,,,,Severe,Yes,,2002,130,,1,2,1,Exon,Late,4,8,d7297a57-39cf-4ccf-93ae-2bef936ccbe8,6.6,Caucasian,Prophylaxis,78,0
c.6254_6257delinsTTG,154128157_154128160,p.(Glu2085Valfs*14),Glu2066Valfs*14,Frameshift,Deletion/Insertion,21,2066,C1,Light chain,N,X,,,,Severe,No,,2012,227,,0,2,1,Exon,Late,1,2,56654393-106a-4f3a-ac84-fd714957792e,1.8,Black,Prophylaxis,17,0
c.6254delA,154128160,p.(Glu2085Glyfs*14),Glu2066Glyfs*14,Frameshift,Deletion,21,2066,C1,Light chain,N,X,,,,Severe,Not reported,,2021,333,X,0,2,1,Exon,Late,1,2,f0449208-dd02-45d6-a906-fb5f16ba5d9d,5.3,Asian,Prophylaxis,55,0
c.6262dupT,154128152,p.(Ser2088Phefs*38),Ser2069Phefs*38,Frameshift,Duplication,21,2069,C1,Light chain,N,X,,,,Severe,Not reported,,2014,258,,0,2,1,Exon,Late,1,2,d12e9630-6bf5-44b8-9e50-a0e84e06b7f9,2.9,Black,On-Demand,14,0
c.6263C>A,154128151,p.(Ser2088Tyr),Ser2069Tyr,Missense,Substitution,21,2069,C1,Light chain,N,X,,,,Severe,Not reported,,2014,256,,0,2,0,Exon,Late,0,0,52afbb22-a2f1-4369-b6fb-71995aec4d6b,1.3,Caucasian,On-Demand,16,0
c.6263C>T,154128151,p.(Ser2088Phe),Ser2069Phe,Missense,Substitution,21,2069,C1,Light chain,N,X,,,,Severe,No,,1994,65,,0,2,0,Exon,Late,0,0,807aebfe-6065-4fdf-a2fa-0917883fc898,3.8,Asian,Prophylaxis,17,1
c.6265T>C,154128149,p.(Trp2089Arg),Trp2070Arg,Missense,Substitution,21,2070,C1,Light chain,N,,X,,,Moderate,Not reported,,2016,280,,0,1,0,Exon,Late,0,0,7c29bf65-1f5b-43fb-bc00-dfa6b6163e98,3.9,Caucasian,On-Demand,24,0
c.6265T>G,154128149,p.(Trp2089Gly),Trp2070Gly,Missense,Substitution,21,2070,C1,Light chain,N,X,,,,Severe,Not reported,,2018,293,,0,2,0,Exon,Late,0,0,7b84401d-b7cc-4a3c-b6d1-e879b4f69f5a,2.4,Caucasian,Prophylaxis,16,0
c.6266G>A,154128148,p.(Trp2089*),Trp2070*,Nonsense,Substitution,21,2070,C1,Light chain,N,X,,,,Severe,No,,2005,"0, 152",,0,2,1,Exon,Late,4,8,c242a674-0a03-4792-9524-58c8c33bfd8d,5.9,Hispanic,Prophylaxis,40,0
c.6266G>T,154128148,p.(Trp2089Leu),Trp2070Leu,Missense,Substitution,21,2070,C1,Light chain,N,,X,,,Moderate,Not reported,,2013,249,,0,1,0,Exon,Late,0,0,44293ffa-3a85-4dd6-a327-dfe816cd32ef,2.2,Asian,Prophylaxis,30,0
c.6267G>A,154128147,p.(Trp2089*),Trp2070*,Nonsense,Substitution,21,2070,C1,Light Chain,N,X,,,,Severe,No,,2011,218,,0,2,1,Exon,Late,4,8,95f0fc21-d66c-43ea-bd49-bce7ebc3e830,5.2,Caucasian,Prophylaxis,63,0
c.6267G>T,154128147,p.(Trp2089Cys),Trp2070Cys,Missense,Substitution,21,2070,C1,Light chain,N,,,X,,Mild,Not reported,,2008,183,,0,0,0,Exon,Late,0,0,f5c12e6c-416c-45d6-97ba-422c56decb09,6.6,Caucasian,On-Demand,31,0
c.6268A>C,154128146,p.(Ile2090Leu),Ile2071Leu,Missense,Substitution,21,2071,C1,Light chain,N,,,X,,Mild,No,,2006,158,,0,0,0,Exon,Late,0,0,eacbe58c-3608-4123-a7ec-c434c8f11e4f,28.2,Caucasian,On-Demand,144,1
c.6269T>A,154128145,p.(Ile2090Asn),Ile2071Asn,Missense,Substitution,21,2071,C1,Light chain,N,,,,X,Not reported,Not reported,,2005,145,,0,,0,Exon,Late,0,,66e5cc2a-2fb4-47ff-a646-fef773480940,23.1,Black,On-Demand,135,0
c.6269T>C,154128145,p.(Ile2090Thr),Ile2071Thr,Missense,Substitution,21,2071,C1,Light Chain,N,,X,,,Moderate,No,,2012,233,,0,1,0,Exon,Late,0,0,fe3c03b2-6306-49cf-9dd1-bb0e67f23bae,1.4,Hispanic,Prophylaxis,31,0
c.6272A>C,154128142,p.(Lys2091Thr),Lys2072Thr,Missense,Substitution,21,2072,C1,Light chain,N,,,X,,Mild,Not reported,,2016,280,,0,0,0,Exon,Late,0,0,073ae315-57ed-450f-8f70-068fb40e6b37,22.3,Caucasian,On-Demand,124,0
c.6273G>A,154128141,p.(Lys2091Lys),Lys2072Lys,Splice site change,Substitution,21,2072,C1,Light chain,N,X,,,,Severe,Yes,,2020,322,X,1,2,0,Splice,Late,6,12,7ddf1ab1-5689-4c5d-8a83-18333d7dc3e6,4,Caucasian,Prophylaxis,44,0
c.6273G>C,154128141,p.(Lys2091Asn),Lys2072Asn,Missense,Substitution,21,2072,C1,Light Chain,N,X,,,,Severe,Not reported,,2018,293,,0,2,0,Exon,Late,0,0,80b92575-2273-4271-b85c-e4ae9a8990d0,4.1,Caucasian,Prophylaxis,35,0
c.6274-?_6429+?del,154124352_154124507,,,Large structural change (>50 bp),Deletion,22,,C1,single domain,N,,X,,,Moderate/Severe,No,,1987,6,,0,,0,Exon,Late,3,,196c4570-66ef-4467-a868-2de426bcc009,11.3,Hispanic,On-Demand,52,0
c.6274-?_6429+?dup,154124352_154124507,,,Large structural change (>50 bp),Duplication,22,,C1,single domain,N,X,,,,Severe,Not reported,,2010,215,,0,2,0,Exon,Late,3,6,1e645192-04eb-4898-b2d3-f80fe7b9a289,1.1,Asian,Prophylaxis,19,0
c.6274G>A,154124507,p.(Val2092Met),Val2073Met,Missense,Substitution,22,2073,C1,Light chain,N,,,X,,Mild,No,1 stage-2 stage assay discrepancy,0,0,,0,0,0,Exon,Late,0,0,12053bcf-4586-4251-b48d-86e740fb5eae,18,Caucasian,On-Demand,98,0
c.6275T>G,154124506,p.(Val2092Gly),Val2073Gly,Missense,Substitution,22,2073,C1,Light chain,N,,X,,,Moderate,Not reported,,2016,280,,0,1,0,Exon,Late,0,0,0ce41a62-93a4-471d-be99-fceb9bc6d304,4.1,Asian,Prophylaxis,42,0
c.6277G>C,154124504,p.(Asp2093His),Asp2074His,Missense,Substitution,22,2074,C1,Light Chain,N,,,X,,Mild,No,,2012,232,,0,0,0,Exon,Late,0,0,5c5038e5-94aa-4c5e-a196-e598fd7e6b56,25,Asian,On-Demand,125,1
c.6277G>T,154124504,p.(Asp2093Tyr),Asp2074Tyr,Missense,Substitution,22,2074,C1,Light chain,N,,X,,,Severe,No,,2001,122,,0,2,0,Exon,Late,0,0,eda81e11-7f35-48b0-823f-07174fe8dec0,3.9,Black,Prophylaxis,17,0
c.6278A>G,154124503,p.(Asp2093Gly),Asp2074Gly,Missense,Substitution,22,2074,C1,Light chain,N,,,X,,Mild,No,,1995,71,,0,0,0,Exon,Late,0,0,dd1fb1d4-7996-4655-8677-79023efb0b77,5.8,Caucasian,On-Demand,22,0
c.6278A>T,154124503,p.(Asp2093Val),Asp2074Val,Missense,Substitution,22,2074,C1,Light chain,N,X,X,,,Moderate/Severe,Not reported,,2018,293,,0,,0,Exon,Late,0,,582ac556-0fcc-4c85-8183-d5f6105e7c94,2,Caucasian,Prophylaxis,24,0
c.6283_6284insA,154124497_154124498,p.(Leu2095Tyrfs*31),Leu2076Tyrfs*31,Frameshift,Insertion,22,2076,C1,Light chain,N,X,,,,Severe,Not reported,,2009,190,,0,2,1,Exon,Late,1,2,550ab039-77d7-42be-8b39-5d0007801d1c,2.4,Caucasian,Prophylaxis,20,0
c.6295A>T,154124486,p.(Ile2099Phe),Ile2080Phe,Missense,Substitution,22,2080,C1,Light chain,N,X,,,,Severe,Not reported,,2018,293,,0,2,0,Exon,Late,0,0,268f8184-5531-4ceb-a5f9-b87693532e83,3.7,Caucasian,On-Demand,36,0
c.6295delA,154124486,p.(Ile2099Leufs*44),Ile2080Leufs*44,Frameshift,Deletion,22,2080,C1,Light chain,N,X,,,,Severe,Not reported,,2018,293,,0,2,1,Exon,Late,1,2,4a3ea663-23c8-46bc-affd-4c74dc424ceb,1.6,Caucasian,Prophylaxis,16,0
c.6296_6297del,154124484_154124485,p.(Ile2099Asnfs*26),Ile2080Asnfs*26,Frameshift,Deletion,22,2080,C1,Light chain,N,X,,,,Severe,Yes,,2002,130,,1,2,1,Exon,Late,1,2,27dadb20-d2f6-4199-92af-8ceffa9f9be5,3.9,Asian,Prophylaxis,20,0
c.6296T>A,154124485,p.(Ile2099Asn),Ile2080Asn,Missense,Substitution,22,2080,C1,Light chain,N,,X,X,,Mild/Moderate,No,,2013,"239, 249",,0,,0,Exon,Late,0,,4ed3d683-02b1-46e1-955c-16f5b708a452,18.9,Caucasian,On-Demand,93,0
c.6298_6300del,154124481_154124483,p.(Ile2100del),Ile2081del,"Small structural change (in-frame, <50 bp)",Deletion,22,2081,C1,Light chain,N,X,,,,Severe,Not reported,,2008,180,,0,2,0,Exon,Late,5,10,67ec5a17-3e8f-4a0a-b4ba-a98ea6ef5b21,1.8,Black,Prophylaxis,17,0
c.6301C>G,154124480,p.(His2101Asp),His2082Asp,Missense,Substitution,22,2082,C1,Light chain,N,,,,X,Not reported,Not reported,,2007,164,,0,,0,Exon,Late,0,,b7a3ca11-314d-43fa-b5a6-a295f5d2a50f,12.2,Asian,On-Demand,58,1
c.6302A>G,154124479,p.(His2101Arg),His2082Arg,Missense,Substitution,22,2082,C1,Light chain,N,,,X,,Mild,Not reported,,2016,280,,0,0,0,Exon,Late,0,0,78ed0b5c-0779-47ed-a6e3-9467e59fb40f,2,Caucasian,On-Demand,9,0
c.6304G>A,154124477,p.(Gly2102Ser),Gly2083Ser,Missense,Substitution,22,2083,C1,Light chain,N,,,X,,Mild,No,,2012,225,,0,0,0,Exon,Late,0,0,3cf23efb-900b-4f8c-9c79-674b2e895e90,34.4,Caucasian,On-Demand,171,0
c.6305G>A,154124476,p.(Gly2102Asp),Gly2083Asp,Missense,Substitution,22,2083,C1,Light chain,N,,,X,,Mild,Yes,,2013,"239, 249",,1,0,0,Exon,Late,0,0,601081ec-f9f1-4725-bf85-d82768ab63e7,16.7,Black,Prophylaxis,159,0
c.6310A>T,154124471,p.(Lys2104*),Lys2085*,Nonsense,Substitution,22,2085,C1,Light chain,N,X,,,,Severe,Not reported,,2008,183,,0,2,1,Exon,Late,4,8,50f7d213-55a0-4ac7-92f9-6f4e23279631,1.5,Caucasian,Prophylaxis,22,0
c.6312dupG,154124469,p.(Thr2105Aspfs*21),Thr2086Aspfs*21,Frameshift,Duplication,22,2086,C1,Light chain,N,X,,,,Severe,Not reported,,2008,183,,0,2,1,Exon,Late,1,2,6f9446c6-8823-4808-803f-43a0433750b8,3.4,Caucasian,Prophylaxis,39,0
c.6313A>G,154124468,p.(Thr2105Ala),Thr2086Ala,Missense,Substitution,22,2086,C1,Light chain,N,,,X,,Mild,Not reported,,2018,293,,0,0,0,Exon,Late,0,0,ab11bcc3-29df-4be5-b854-5e243091be3b,17.8,Hispanic,On-Demand,87,0
c.6314C>A,154124467,p.(Thr2105Asn),Thr2086Asn,Missense,Substitution,22,2086,C1,Light chain,N,,X,,,Moderate,Yes,,1998,84,,1,1,0,Exon,Late,0,0,dd805683-2bb4-4fd0-802d-7c6f8b8c10b9,2.1,Asian,Prophylaxis,27,1
c.6314C>T,154124467,p.(Thr2105Ile),Thr2086Ile,Missense,Substitution,22,2086,C1,Light chain,N,,,X,,Mild,No,,2006,158,,0,0,0,Exon,Late,0,0,8b134637-5739-4d7c-8b89-dbb7c44618bc,31.4,Caucasian,On-Demand,160,1
c.6316C>G,154124465,p.(Gln2106Glu),Gln2087Glu,Missense,Substitution,22,2087,C1,Light chain,N,,,X,,Mild,No,Impaired vWf binding in C1,2000,"0, 107",,0,0,0,Exon,Late,0,0,33a4bf21-dadf-4e8c-a42f-1f04eb02e7d0,21.5,Hispanic,On-Demand,103,0
c.6316C>T,154124465,p.(Gln2106*),Gln2087*,Nonsense,Substitution,22,2087,C1,Light chain,N,X,,,,Severe,Yes,,2010,209,,1,2,1,Exon,Late,4,8,da6f6fc3-a3f3-478a-b252-9c98a04f3a4b,8,Caucasian,Prophylaxis,76,0
c.6316delC,154124465,p.(Gln2106Argfs*37),Gln2087Argfs*37,Frameshift,Deletion,22,2087,C1,Light chain,N,,X,,,Moderate,No,,2008,180,,0,1,1,Exon,Late,1,1,75ae8286-4866-4ea7-8902-ef43e2c36946,1.5,Caucasian,Prophylaxis,17,0
c.6317A>C,154124464,p.(Gln2106Pro),Gln2087Pro,Missense,Substitution,22,2087,C1,Light chain,N,X,,,,Severe,Not reported,,2007,166,,0,2,0,Exon,Late,0,0,6273b1db-e58a-4fda-9235-c16e82a97679,6.6,Caucasian,Prophylaxis,62,0
c.6317A>G,154124464,p.(Gln2106Arg),Gln2087Arg,Missense,Substitution,22,2087,C1,Light chain,N,,,X,,Mild,No,,1997,83,,0,0,0,Exon,Late,0,0,b39b355a-55a1-4bbe-a15a-0105cb9c4162,17.1,Caucasian,On-Demand,87,0
c.6318G>C,154124463,p.(Gln2106His),Gln2087His,Missense,Substitution,22,2087,C1,Light chain,N,,,X,,Mild,Not reported,,2013,243,,0,0,0,Exon,Late,0,0,a0aebbf5-42d5-4ccb-9df1-ba00f6c29a83,24.1,Caucasian,On-Demand,124,0
c.6319G>A,154124462,p.(Gly2107Ser),Gly2088Ser,Missense,Substitution,22,2088,C1,Light chain,N,,X,,,Severe,No,,1998,90,,0,2,0,Exon,Late,0,0,6c9aba32-c30c-4ad2-9c73-fcee1e4524f2,3.5,Black,Prophylaxis,34,0
c.6319G>C,154124462,p.(Gly2107Arg),Gly2088Arg,Missense,Substitution,22,2088,C1,Light chain,N,X,,,,Severe,Not reported,,2021,330,X,0,2,0,Exon,Late,0,0,81501bd5-a146-45de-a02f-1a147e695198,2.3,Caucasian,Prophylaxis,14,0
c.6320_6321insAC,154124460_154124461,p.(Ala2108Glyfs*36),Ala2089Glyfs*36,Frameshift,Insertion,22,2089,C1,Light chain,N,X,,,,Severe,No,,2011,218,,0,2,1,Exon,Late,1,2,4f8f36fe-466f-4be3-a9e5-2bf7732edca1,3.1,Caucasian,Prophylaxis,46,0
c.6320_6322del,154124459_154124461,p.(Gly2107del),Gly2088del,"Small structural change (in-frame, <50 bp)",Deletion,22,2088,C1,Light chain,N,,,,,Severe,No,,2003,136,,0,2,0,Exon,Late,5,10,1413b870-0f83-4f19-b074-949d99404fd9,6.4,Caucasian,Prophylaxis,73,0
c.6320delG,154124461,p.(Gly2107Valfs*36),Gly2088Valfs*36,Frameshift,Deletion,22,2088,C1,Light Chain,N,X,,,,Severe,Not reported,,2010,211,,0,2,1,Exon,Late,1,2,3ebd4aba-f9dc-4d42-b0cd-2609faefb0d3,1.9,Asian,On-Demand,7,1
c.6320G>A,154124461,p.(Gly2107Asp),Gly2088Asp,Missense,Substitution,22,2088,C1,Light chain,N,X,,,,Severe,Not reported,,2008,183,,0,2,0,Exon,Late,0,0,f62c447c-33e0-4e4d-a639-8e40ede7ab17,8.5,Caucasian,Prophylaxis,73,0
c.6320G>T,154124461,p.(Gly2107Val),Gly2088Val ,Missense,Substitution,22,2088,C1,Light chain,N,X,,,,Severe,No,,2018,301,,0,2,0,Exon,Late,0,0,b9101882-4584-4eb5-ad2b-60ce18ac9de2,4.1,Caucasian,Prophylaxis,48,0
c.6321delT,154124460,p.(Ala2108Profs*35),Ala2089Profs*35,Frameshift,Deletion,22,2089,C1,Light chain,N,,,,,Severe,Yes,,2006,158,,1,2,1,Exon,Late,1,2,b88dbc46-beb4-4f4d-ab96-1cbbf68271b3,5.5,Black,Prophylaxis,72,0
c.6325_6326del,154124455_154124456,p.(Arg2109Serfs*16),Arg2090Serfs*16,Frameshift,Deletion,22,2090,C1,Light chain,N,X,,,,Severe,Yes,,2010,209,,1,2,1,Exon,Late,1,2,0cbf3e44-211a-440d-94ee-ac4b8880e35f,3.9,Caucasian,Prophylaxis,25,0
c.6325C>T,154124456,p.(Arg2109Cys),Arg2090Cys,Missense,Substitution,22,2090,C1,Light chain,N,,,X,,Mild,No,Impaired vWf binding in C1,2000,107,,0,0,0,Exon,Late,0,0,b2bf80e0-0993-4811-b1ce-b805fad6ab93,2,Caucasian,On-Demand,1,1
c.6325del,154124456,p.(Arg2109Valfs*34),Arg2090Valfs*34,Frameshift,Deletion,22,2090,C1,Light chain,N,X,,,,Severe,No,,2020,319,X,0,2,1,Exon,Late,1,2,a87ce077-f852-4737-893c-4f10bdcfaf3e,3.8,Caucasian,Prophylaxis,44,0
c.6326G>A,154124455,p.(Arg2109His),Arg2090His,Missense,Substitution,22,2090,C1,Light chain,N,X,,,,Severe,Not reported,,2018,293,,0,2,0,Exon,Late,0,0,335296ae-51d5-4b75-b3b7-b76fcbb31a1a,4.4,Caucasian,On-Demand,29,0
c.6328C>T,154124453,p.(Gln2110*),Gln2091*,Nonsense,Substitution,22,2091,C1,Light chain,N,X,,,,Severe,Yes,,2020,319,X,1,2,1,Exon,Late,4,8,c3225860-5c4d-4150-855c-75941a98f245,3,Caucasian,Prophylaxis,17,0
c.6344T>C,154124437,p.(Leu2115Pro),Leu2096Pro,Missense,Substitution,22,2096,C1,Light chain,N,,,X,,Mild,Yes,,2010,209,,1,0,0,Exon,Late,0,0,df823d6f-f691-4579-a186-5076614a9182,2,Hispanic,On-Demand,1,0
c.6348_6349dup,154124432_154124433,p.(Ile2117Thrfs*27),Ile2098Thrfs*27,Frameshift,Duplication,22,2098,C1,Light chain,N,X,,,,Severe,Yes,,0,0,,1,2,1,Exon,Late,1,2,d398efdb-ef4f-4635-95ac-2c4723dc2b06,9.8,Hispanic,Prophylaxis,98,0
c.6350T>A,154124431,p.(Ile2117Asn),Ile2098Asn,Missense,Substitution,22,2098,C1,Light chain,N,,,,X,Not reported,Not reported,,2021,332,X,0,,0,Exon,Late,0,,3c272b0e-2df0-4e13-8da6-804f09861d0f,21.6,Black,Prophylaxis,223,0
c.6350T>G,154124431,p.(Ile2117Ser),Ile2098Ser,Missense,Substitution,22,2098,C1,Light chain,N,,X,X,,Mild/Moderate,Yes,,2000,"0, 106",,1,,0,Exon,Late,0,,144f1c74-6493-4c15-bbcb-eb006e6645d0,19,Asian,On-Demand,80,0
c.6355_6356del,154124425_154124426,p.(Gln2119Valfs*6),Gln2100Valfs*6,Frameshift,Deletion,22,2100,C1,Light chain,N,X,,,,Severe,Not reported,,2016,280,,0,2,1,Exon,Late,1,2,22c8f23f-8269-49da-a311-3eb70c67852d,4.7,Asian,Prophylaxis,39,0
c.6355C>G,154124426,p.(Gln2119Glu),Gln2100Glu,Missense,Substitution,22,2100,C1,Light chain,N,X,,,,Severe,Yes,,2012,231,,1,2,0,Exon,Late,0,0,d362a5c6-2101-49e6-8492-6ab84a0ec367,1,Other,Prophylaxis,6,0
c.6355C>T,154124426,p.(Gln2119*),Gln2100*,Nonsense,Substitution,22,2100,C1,Light chain,N,X,,,,Severe,Not reported,,2013,249,,0,2,1,Exon,Late,4,8,da667911-87c1-4a93-9ac8-e1095d6d9137,0.7,Caucasian,Prophylaxis,7,0
c.6355delC,154124426,p.(Gln2119Serfs*24),Gln2100Serfs*24,Frameshift,Deletion,22,2100,C1,Light chain,N,X,,,,Severe,No,,2018,306,,0,2,1,Exon,Late,1,2,cc306188-4d8b-4c13-81c4-413bd9ff3315,2.1,Caucasian,Prophylaxis,15,0
c.6356A>G,154124425,p.(Gln2119Arg),Gln2100Arg,Missense,Substitution,22,2100,C1,Light chain,N,,,X,,Mild,No,,1995,70,,0,0,0,Exon,Late,0,0,aa684d45-0ded-4697-8244-de023f81a9d8,18.4,Caucasian,On-Demand,103,1
c.6357_6361del,154124420_154124424,p.(Gln2119Hisfs*5),Gln2100Hisfs*5,Frameshift,Deletion,22,2100,C1,Light chain,N,X,,,,Severe,Not reported,,2014,256,,0,2,1,Exon,Late,1,2,58f4dfd2-0f7c-4b2f-a74d-6ea3b3d99d0f,1.8,Asian,Prophylaxis,10,0
c.6359T>G,154124422,p.(Phe2120Cys),Phe2101Cys,Missense,Substitution,22,2101,C1,Light chain,N,,,X,,Mild,No,,1999,101,,0,0,0,Exon,Late,0,0,125de0a0-4329-4f88-86dc-40946d81582e,2,Hispanic,Prophylaxis,27,0
c.6360T>G,154124421,p.(Phe2120Leu),Phe2101Leu,Missense,Substitution,22,2101,C1,Light chain,N,,,X,,Mild,Not reported,,1991,35,,0,0,0,Exon,Late,0,0,7104be89-46b0-4b29-802b-f8bfe6b8f82b,21,Caucasian,On-Demand,123,0
c.6361dupA,154124420,p.(Ile2121Asnfs*5),Ile2102Asnfs*5,Frameshift,Duplication,22,2102,C1,Light chain,N,X,,,,Severe,No,,0,0,,0,2,1,Exon,Late,1,2,3b94285f-6703-46c8-81d2-24282a7b39a0,3.9,Caucasian,Prophylaxis,47,1
c.6362T>A,154124419,p.(Ile2121Asn),Ile2102Asn,Missense,Substitution,22,2102,C1,Light Chain,N,,,X,,Mild,Yes,,2012,233,,1,0,0,Exon,Late,0,0,64929023-e003-4aea-8cca-9eb6d93c6e9e,5.9,Caucasian,On-Demand,19,0
c.6362T>C,154124419,p.(Ile2121Thr),Ile2102Thr,Missense,Substitution,22,2102,C1,Light chain,N,,,X,,Mild,Not reported,,2018,293,,0,0,0,Exon,Late,0,0,72a23755-07dd-4187-91ef-f617d006e37c,8.4,Caucasian,On-Demand,62,0
c.6370_6379del,154124402_154124411,p.(Tyr2124Metfs*16),Tyr2105Metfs*16,Frameshift,Deletion,22,2105,C1,Light chain,N,X,,,,Severe,Yes,,2002,130,,1,2,1,Exon,Late,1,2,2ac7968f-301c-4f20-8dcd-acb2015f5a54,2.4,Hispanic,Prophylaxis,22,0
c.6370T>G,154124411,p.(Tyr2124Asp),Tyr2105Asp,Missense,Substitution,22,2105,C1,Light chain,N,,,X,,Mild,No,,2018,299,,0,0,0,Exon,Late,0,0,77119c69-c475-4e27-b2bb-181c9e24539c,2,Asian,On-Demand,8,0
c.6371A>G,154124410,p.(Tyr2124Cys),Tyr2105Cys,Missense,Substitution,22,2105,C1,Light chain,N,,,X,,Mild,No,,1991,41,,0,0,0,Exon,Late,0,0,f4c247c7-82d6-480a-88aa-d31cf9e03f84,18.6,Caucasian,On-Demand,110,1
c.6373_6377del,154124404_154124408,p.(Ser2125*),Ser2106*,Nonsense,Deletion,22,2106,C1,Light chain,N,X,,,,Severe,Yes,,2020,319,X,1,2,1,Exon,Late,4,8,b7c7e23f-4d6b-4c7d-834f-13689b550804,5.7,Asian,Prophylaxis,62,1
c.6374G>C,154124407,p.(Ser2125Thr),Ser2106Thr,Missense,Substitution,22,2106,C1,Light chain,N,X,,,,Severe,Not reported,,2008,183,,0,2,0,Exon,Late,0,0,1726cd7f-1bba-4d1e-a8ac-0f97a4659f12,3.9,Other,Prophylaxis,42,0
c.6380A>G,154124401,p.(Asp2127Gly),Asp2108Gly,Missense,Substitution,22,2108,C1,Light chain,N,,,X,,Mild,No,,2021,334,X,0,0,0,Exon,Late,0,0,07b4291a-bc64-42d3-892b-fc51989742e1,19.7,Caucasian,On-Demand,78,0
c.6380delA,154124401,p.(Asp2127Valfs*16),Asp2108Valfs*16,Frameshift,Deletion,22,2108,C1,Light chain,N,X,,,,Severe,Yes,,2017,287,,1,2,1,Exon,Late,1,2,435ffab4-b5ca-4358-9393-d1cfaff7f1df,9.4,Caucasian,On-Demand,42,1
c.6384delG,154124397,p.(Lys2129Argfs*14),Lys2110Argfs*14,Frameshift,Deletion,22,2110,C1,Light Chain,N,,X,,,Moderate,Not reported,,2010,213,,0,1,1,Exon,Late,1,1,a5570f7e-21ca-4635-8969-0de651a789ba,1.5,Hispanic,Prophylaxis,22,0
c.6385_6397del,154124384_154124396,p.(Lys2129Leufs*10),Lys2110Leufs*10,Frameshift,Deletion,22,2110,C1,Light chain,N,X,,,,Severe,No,,2012,225,,0,2,1,Exon,Late,1,2,f41860cb-4b6a-4b55-a3d0-5594994cc70f,1.8,Black,On-Demand,12,1
c.6385A>T,154124396,p.(Lys2129*),Lys2110*,Nonsense,Substitution,22,2110,C1,Light chain,N,X,,,,Severe,No,,2001,124,,0,2,1,Exon,Late,4,8,e70b70ef-99bd-4236-a388-643e837809bd,2.1,Caucasian,Prophylaxis,15,0
c.6393G>A,154124388,p.(Trp2131*),Trp2112*,Nonsense,Substitution,22,2112,C1,Light chain,N,X,,,,Severe,No,,2000,107,,0,2,1,Exon,Late,4,8,f01f7a39-ee3c-4734-8a85-9335f98b7e64,1.7,Black,Prophylaxis,12,0
c.6393G>T,154124388,p.(Trp2131Cys),Trp2112Cys,Missense,Substitution,22,2112,C1,Light chain,N,,X,,,Moderate,Not reported,,2016,280,,0,1,0,Exon,Late,0,0,0f5d51d3-6c5f-4f56-8f13-1d9ede9f9a3a,1.7,Asian,On-Demand,9,0
c.6394C>T,154124387,p.(Gln2132*),Gln2113*,Nonsense,Substitution,22,2113,C1,Light chain,N,,,,X,Severe,No,,2001,123,,0,2,1,Exon,Late,4,8,2843ecbf-e717-4f84-b194-b9e0134bae75,5.7,Caucasian,On-Demand,40,0
c.6400T>C,154124381,p.(Tyr2134His),Tyr2115His,Missense,Substitution,22,2115,C1,Light chain,N,,,X,,Mild,No,,2013,239,,0,0,0,Exon,Late,0,0,58cbea0c-059b-401a-855f-d21247dfbede,19.7,Hispanic,On-Demand,94,0
c.6402T>A,154124379,p.(Tyr2134*),Tyr2115*,Nonsense,Substitution,22,2115,C1,Light chain,N,X,,,,Severe,Not reported,,2018,293,,0,2,1,Exon,Late,4,8,fe6f6295-ae3b-40c7-849b-e7cdbff962c4,1.9,Hispanic,Prophylaxis,16,0
c.6403C>G,154124378,p.(Arg2135Gly),Arg2116Gly,Missense,Substitution,22,2116,C1,Light chain,N,,,X,,Mild,No,,2012,231,,0,0,0,Exon,Late,0,0,131f37de-42e9-45aa-a767-6b7f6f9e5627,12.4,Black,Prophylaxis,131,0
c.6403C>T,154124378,p.(Arg2135*),Arg2116*,Nonsense,Substitution,22,2116,C1,Light chain,N,X,,,,Severe,No,,1986,3,,0,2,1,Exon,Late,4,8,fefebc20-66ae-4359-92ca-9d11a25f11ff,1.8,Caucasian,Prophylaxis,1,0
c.6404G>A,154124377,p.(Arg2135Gln),Arg2116Gln,Missense,Substitution,22,2116,C1,Light chain,N,X,,,,Severe,Not reported,,2021,333,X,0,2,0,Exon,Late,0,0,6bd09bc9-19f0-40ca-a224-98da8ce0cda3,5.2,Black,Prophylaxis,51,0
c.6404G>C,154124377,p.(Arg2135Pro),Arg2116Pro,Missense,Substitution,22,2116,C1,Light chain,N,X,,,,Severe,Not reported,,1987,5,,0,2,0,Exon,Late,0,0,d66d0ca3-2231-45d2-8951-413e8de5fe49,1.5,Black,Prophylaxis,21,1
c.6406G>A,154124375,p.(Gly2136Arg),Gly2117Arg,Missense,Substitution,22,2117,C1,Light chain,N,X,,,,Severe,Not reported,,2009,190,,0,2,0,Exon,Late,0,0,ffb94ac2-d16c-4eb4-9872-54b6e309b0d9,5.3,Caucasian,Prophylaxis,57,0
c.6407G>A,154124374,p.(Gly2136Glu),Gly2117Glu,Missense,Substitution,22,2117,C1,Light chain,N,X,,,,Severe,No,,2008,177,,0,2,0,Exon,Late,0,0,11047744-9974-4e4c-b2d9-c230020ff7af,6.9,Other,Prophylaxis,64,0
c.6410dup,154124371,p.(Asn2137Lysfs*24),Asn2118Lysfs*24,Frameshift,Duplication,22,2118,C1,Light chain,N,X,,,,Severe,Yes,,2020,319,X,1,2,1,Exon,Late,1,2,14e786e1-1def-4cdb-9516-dcf510033abe,4.9,Hispanic,Prophylaxis,65,0
c.6412_6413del,154124368_154124369,p.(Ser2138Hisfs*22),Ser2119Hisfs*22,Frameshift,Deletion,22,2119,C1,Light chain,N,,X,,,Severe,Not reported,,1994,65,,0,2,1,Exon,Late,1,2,1bde4e94-c553-484d-9d72-922bd1bdd5a8,4.3,Caucasian,Prophylaxis,55,1
c.6413C>A,154124368,p.(Ser2138Tyr),Ser2119Tyr,Missense,Substitution,22,2119,C1,Light chain,N,,X,X,,Mild/Moderate,Not reported,,1991,35,,0,,0,Exon,Late,0,,43abb002-5133-462a-97fb-2da0a4659abd,20.4,Caucasian,On-Demand,101,0
c.6413C>T,154124368,p.(Ser2138Phe),Ser2119Phe,Missense,Substitution,22,2119,C1,Light chain,N,,,X,,Mild,No,,2008,180,,0,0,0,Exon,Late,0,0,0b77ef45-1f63-4390-96e1-fdc4803e93f0,7.1,Caucasian,On-Demand,36,0
c.6418G>A,154124363,p.(Gly2140Arg),Gly2121Arg,Missense,Substitution,22,2121,C1,Light chain,N,,X,,,Moderate,Not reported,,2021,333,X,0,1,0,Exon,Late,0,0,06b192bf-b440-49c5-b4b4-7cdfe865dd99,6.6,Asian,On-Demand,34,0
c.6418G>T,154124363,p.(Gly2140*),Gly2121*,Nonsense,Substitution,22,2121,C1,Light chain,N,X,,,,Severe,No,,2010,209,,0,2,1,Exon,Late,4,8,cd40b2fd-11b3-45f2-b567-18cc642a3ea3,2.6,Black,Prophylaxis,52,0
c.6419G>A,154124362,p.(Gly2140Glu),Gly2121Glu,Missense,Substitution,22,2121,C1,Light Chain,N,X,,,,Severe,No,,2009,199,,0,2,0,Exon,Late,0,0,db2e30dd-e684-44df-990b-aaa2b7115069,5.4,Asian,Prophylaxis,42,1
c.6422C>A,154124359,p.(Thr2141Asn),Thr2122Asn,Missense,Substitution,22,2122,C1,Light chain,N,X,,,,Severe,No,,2003,133,,0,2,0,Exon,Late,0,0,5a6ae89b-d949-4546-be66-7705e90e6d04,3.4,Black,Prophylaxis,26,0
c.6425T>A,154124356,p.(Leu2142*),Leu2123*,Nonsense,Substitution,22,2123,C1,Light chain,N,,,,X,Severe,No,,0,0,,0,2,1,Exon,Late,4,8,04de8884-a648-49a2-9918-788cc9deb010,2.5,Black,On-Demand,9,0
c.6426_6427del,154124354_154124355,p.(Leu2142Phefs*18),Leu2123Phefs*18,Frameshift,Deletion,22,2123,C1,Light chain,N,X,,,,Severe,Yes,,2014,258,,1,2,1,Exon,Late,1,2,0372f7c4-9439-4985-bceb-506b1b7a4b83,1.7,Black,Prophylaxis,1,0
c.6427A>G,154124354,p.(Met2143Val),Met2124Val,Missense,Substitution,22,2124,C1,Light chain,N,,,X,,Mild,No,,2008,188,,0,0,0,Exon,Late,0,0,e79e4b71-a40f-4692-bb70-27ac2a6829e7,27.1,Asian,On-Demand,126,0
c.6428T>C,154124353,p.(Met2143Thr),Met2124Thr,Missense,Substitution,22,2124,C1,Light chain,N,,,X,,Mild,No,,0,0,,0,0,0,Exon,Late,0,0,c290b357-57a5-4d17-ae1c-bc81eba4aaaf,2,Asian,On-Demand,16,0
c.6430-?_6574+?del,154091358_154091502,,,Large structural change (>50 bp),Deletion,23,,C1,single domain,N,,,,X,Severe,Not reported,,2008,174,,0,2,0,Exon,Late,3,6,a43b6378-90d9-46a3-9817-c6c84dd6cb1f,4.1,Caucasian,On-Demand,29,0
c.6434delT,154091498,p.(Phe2145Serfs*10),Phe2126Serfs*10,Frameshift,Deletion,23,2126,C1,Light chain,N,X,,,,Severe,Not reported,,2014,256,,0,2,1,Exon,Late,1,2,4e9af4d9-1a32-4f60-8f3e-03070bd69624,1.5,Caucasian,Prophylaxis,1,0
c.6434T>C,154091498,p.(Phe2145Ser),Phe2126Ser,Missense,Substitution,23,2126,C1,Light chain,N,,,X,,Mild,No,,2007,161,,0,0,0,Exon,Late,0,0,fa3bb349-15e8-450d-ad9a-56b5db552d44,21.7,Caucasian,On-Demand,115,0
c.6434T>G,154091498,p.(Phe2145Cys),Phe2126Cys,Missense,Substitution,23,2126,C1,Light chain,N,,X,,,Moderate,No,,1999,101,,0,1,0,Exon,Late,0,0,fe58e769-4a4d-41df-9040-0daa4e586b8f,17.5,Caucasian,Prophylaxis,174,0
c.6435_6437del,154091495_154091497,p.(Phe2146del),Phe2127del,"Small structural change (in-frame, <50 bp)",Deletion,23,2127,C1,Light chain,N,X,,,,Severe,Not reported,,2014,256,,0,2,0,Exon,Late,5,10,23b0ca7f-9637-4d94-a138-db9159750fd2,4,Caucasian,Prophylaxis,21,0
c.6437T>C,154091495,p.(Phe2146Ser),Phe2127Ser,Missense,Substitution,23,2127,C1,Light chain,N,,,X,,Mild,No,,2008,180,,0,0,0,Exon,Late,0,0,2b1714af-965a-4699-b161-ec61b2a51e01,20.8,Caucasian,On-Demand,81,1
c.6439G>A,154091493,p.(Gly2147Ser),Gly2128Ser,Missense,Substitution,23,2128,C1,Light chain,N,,,X,,Mild,No,,2010,209,,0,0,0,Exon,Late,0,0,7cae35a8-7837-4b4d-8f7d-3b82788e7930,20.6,Asian,On-Demand,93,0
c.6440G>A,154091492,p.(Gly2147Asp),Gly2128Asp,Missense,Substitution,23,2128,C1,Light chain,N,,X,,,Moderate,No,,2010,203,,0,1,0,Exon,Late,0,0,6f071a59-f9f2-41ac-a7c2-53551ac0f35e,3.8,Caucasian,Prophylaxis,27,0
c.6440G>T,154091492,p.(Gly2147Val),Gly2128Val,Missense,Substitution,23,2128,C1,Light chain,N,X,,,,Severe,Not reported,,2021,333,X,0,2,0,Exon,Late,0,0,dcbabc9d-530d-4787-9eb9-487f9ecfe575,5.2,Caucasian,Prophylaxis,53,0
c.6442A>G,154091490,p.(Asn2148Asp),Asn2129Asp,Missense,Substitution,23,2129,C1,Light chain,N,,X,,,Moderate,No,,2010,213,,0,1,0,Exon,Late,0,0,ce16af62-8744-4915-8634-8b97e2c8d805,3.1,Hispanic,Prophylaxis,45,0
c.6443A>G,154091489,p.(Asn2148Ser),Asn2129Ser,Missense,Substitution,23,2129,C1,Light chain,N,,X,,,Moderate,Not reported,Impaired vWf binding in C1,1998,91,,0,1,0,Exon,Late,0,0,78b24123-d661-43b6-ba27-a4d993556333,1.6,Caucasian,Prophylaxis,18,1
c.6444T>A,154091488,p.(Asn2148Lys),Asn2129Lys,Missense,Substitution,23,2129,C1,Light chain,N,X,,,,Severe,Not reported,,2021,333,X,0,2,0,Exon,Late,0,0,c8f96a6d-92f3-47b0-adc2-0f61f4dadb19,1.4,Asian,Prophylaxis,14,0
c.6446T>G,154091486,p.(Val2149Gly),Val2130Gly,Missense,Substitution,23,2130,C1,Light chain,N,,X,,,Moderate,Not reported,,2016,280,,0,1,0,Exon,Late,0,0,bab3b981-f942-4230-87c0-7427f6fe3099,8,Caucasian,Prophylaxis,59,0
c.6448G>A,154091484,p.(Asp2150Asn),Asp2131Asn,Missense,Substitution,23,2131,C1,Light chain,N,,,X,,Mild,No,,2013,239,,0,0,0,Exon,Late,0,0,5fe2b309-2e39-4b97-9514-4a4435195330,12.3,Black,On-Demand,54,0
c.6449A>C,154091483,p.(Asp2150Ala),Asp2131Ala,Missense,Substitution,23,2131,C1,Light chain,N,,X,,,Moderate,Not reported,,2013,249,,0,1,0,Exon,Late,0,0,908f9219-a476-4ab6-bc60-2f4d1bec2fad,2.8,Caucasian,Prophylaxis,35,0
c.6449A>T,154091483,p.(Asp2150Val),Asp2131Val,Missense,Substitution,23,2131,C1,Light chain,N,X,,,,Severe,Not reported,,2007,166,,0,2,0,Exon,Late,0,0,c986e544-74f2-4322-bc90-d3e94362e156,2.9,Caucasian,Prophylaxis,20,0
c.6452C>G,154091480,p.(Ser2151*),Ser2132*,Nonsense,Substitution,23,2132,C1,Light chain,N,X,,,,Severe,No,,2012,227,,0,2,1,Exon,Late,4,8,f49a0118-9a89-4b5f-bdd6-eb544c41c152,6.1,Asian,Prophylaxis,56,1
c.6452C>T,154091480,p.(Ser2151Leu),Ser2132Leu,Missense,Substitution,23,2132,C1,Light chain,N,,,X,,Mild,Not reported,,2013,245,,0,0,0,Exon,Late,0,0,a368a52a-184b-4e74-912f-d084e798decf,7.3,Caucasian,On-Demand,27,0
c.6454_6455delinsATAT,154091477_154091478,p.(Ser2152Ilefs*4),Ser2133Ilefs*4,Frameshift,Deletion/Insertion,23,2133,C1,Light chain,N,X,,,,Severe,Not reported,,2016,280,,0,2,1,Exon,Late,1,2,a0e323cc-92d1-4e1d-9232-e1c46f4375ed,2.1,Hispanic,On-Demand,1,0
c.6454T>C,154091478,p.(Ser2152Pro),Ser2133Pro,Missense,Substitution,23,2133,C1,Light chain,N,,,X,,Mild,No,,2007,161,,0,0,0,Exon,Late,0,0,826e4046-3a7f-4e72-9a2c-b9498dcc8566,5,Asian,On-Demand,29,0
c.6463A>G,154091469,p.(Lys2155Glu),Lys2136Glu,Missense,Substitution,23,2136,C1,Light chain,N,,,X,,Mild,No,,0,0,,0,0,0,Exon,Late,0,0,36376a22-95af-4c65-88bb-e9603fb9d0cc,16.7,Black,On-Demand,84,0
c.6465delA,154091467,p.(Lys2155Asnfs*31),Lys2136Asnfs*31,Frameshift,Deletion,23,2136,C1,Light Chain,Y,,X,,,Moderate,No,,2010,207,,0,1,1,Exon,Late,1,1,af8ab940-0a3c-4ee8-acdf-12005cd50384,10.5,Caucasian,Prophylaxis,113,0
c.6467_6468del,154091464_154091465,p.(His2156Glnfs*4),His2137Glnfs*4,Frameshift,Deletion,23,2137,C1,Light chain,N,X,,,,Severe,Not reported,,0,0,,0,2,1,Exon,Late,1,2,c1b223d2-342d-402f-bf33-37c97ccbb180,6.1,Caucasian,Prophylaxis,64,0
c.6468_6469del,154091463_154091464,p.(His2156Glnfs*4),His2137Glnfs*4,Frameshift,Deletion,23,2137,C1,Light Chain,Y,X,,,,Severe,Not reported,,2010,211,,0,2,1,Exon,Late,1,2,d3586de9-d22c-46d2-9763-bd8fa5054cd7,5.8,Asian,On-Demand,43,0
c.6469_6470del,154091462_154091463,p.(Asn2157Tyrfs*3),Asn2138Tyrfs*3,Frameshift,Deletion,23,2138,C1,Light chain,Y,X,,,,Severe,No,,0,0,,0,2,1,Exon,Late,1,2,2eafbaf1-82f1-4ac7-9575-e88c57f04031,2.5,Asian,Prophylaxis,13,0
c.6469A>C,154091463,p.(Asn2157His),Asn2138His,Missense,Substitution,23,2138,C1,Light chain,N,,,X,,Mild,No,,2013,239,,0,0,0,Exon,Late,0,0,aef5dce8-5d4b-412c-99d6-8f09bb4224db,6.6,Hispanic,On-Demand,42,0
c.6469A>G,154091463,p.(Asn2157Asp),Asn2138Asp,Missense,Substitution,23,2138,C1,Light chain,N,,,X,,Mild,Not reported,,2002,127,,0,0,0,Exon,Late,0,0,2de579b3-14c5-4dba-b579-93c2b9daf65a,2,Black,On-Demand,28,0
c.6470delA,154091462,p.(Asn2157Ilefs*57),Asn2138Ilefs*57,Frameshift,Deletion,23,2138,C1,Light chain,N,,,,X,Not reported,Not reported,,2021,332,X,0,,1,Exon,Late,1,,6dd24ef1-cbce-4242-b9f5-c5b9faaa4763,22.4,Asian,On-Demand,111,0
c.6473_6478dup,154091454_154091459,p.(Ile2158_Phe2159dup),Ile2139_Phe2140dup,"Small structural change (in-frame, <50 bp)",Duplication,23,2139-2140,C1,Light chain,N,X,,,,Severe,Yes,,2014,264,,1,2,0,Exon,Late,5,10,39a9d42a-81c1-4509-a652-7a31b5e59f43,2.2,Caucasian,Prophylaxis,34,0
c.6475T>G,154091457,p.(Phe2159Val),Phe2140Val,Missense,Substitution,23,2140,C1,Light chain,N,,,X,,Mild,Not reported,,2018,293,,0,0,0,Exon,Late,0,0,8e2b344b-72e7-4361-a0db-f056a1c87555,22.2,Black,On-Demand,107,0
c.6476T>G,154091456,p.(Phe2159Cys),Phe2140Cys,Missense,Substitution,23,2140,C1,Light chain,N,,X,,,Moderate,No,,2017,288,,0,1,0,Exon,Late,0,0,3020d78a-589a-4696-819d-d6a7ac6bf586,2.7,Caucasian,Prophylaxis,52,0
c.6477delT,154091455,p.(Phe2159Leufs*27),Phe2140Leufs*27,Frameshift,Deletion,23,2140,C1,Light chain,N,X,,,,Severe,No,,2000,107,,0,2,1,Exon,Late,1,2,e38d3519-fee8-4f40-8b5a-0251414b5b7a,4.6,Caucasian,Prophylaxis,32,0
c.6481C>A,154091451,p.(Pro2161Thr),Pro2142Thr,Missense,Substitution,23,2142,C1,Light chain,N,,,X,,Mild,No,,2008,180,,0,0,0,Exon,Late,0,0,9551673f-0d77-4bf0-a26d-59cd542ed620,31.6,Caucasian,On-Demand,157,0
c.6481C>T,154091451,p.(Pro2161Ser),Pro2142Ser,Missense,Substitution,23,2142,C1,Light chain,N,,X,,,Moderate,Yes,,2012,231,,1,1,0,Exon,Late,0,0,bfe81423-211d-4bd9-b636-0528a98b8c5b,9.6,Caucasian,Prophylaxis,100,0
c.6482C>A,154091450,p.(Pro2161His),Pro2142His,Missense,Substitution,23,2142,C1,Light chain,N,,X,,,Moderate,Not reported,,2013,249,,0,1,0,Exon,Late,0,0,3b85b029-97fb-4ca8-9036-dff3889f2652,3.1,Black,Prophylaxis,11,0
c.6482C>T,154091450,p.(Pro2161Leu),Pro2142Leu,Missense,Substitution,23,2142,C1,Light Chain,N,,X,,,Moderate,No,,2008,180,,0,1,0,Exon,Late,0,0,e94875aa-826f-422d-997f-45b6a0f850ed,5,Asian,On-Demand,40,0
c.6485_6486delinsGATGT,154091446_154091447,p.(Pro2162delinsArgCys),Pro2143delinsArgCys,"Small structural change (in-frame, <50 bp)",Deletion/Insertion,23,2143,C1,Light chain,N,X,,,,Severe,Not reported,,2018,293,,0,2,0,Exon,Late,5,10,dca24c73-dc9f-439e-aa65-972a11d1615b,1.9,Caucasian,Prophylaxis,32,0
c.6485C>T,154091447,p.(Pro2162Leu),Pro2143Leu,Missense,Substitution,23,2143,C1,Light chain,N,X,X,,,Moderate/Severe,No,,2005,"0, 153",,0,,0,Exon,Late,0,,2c0c6184-6823-4d52-9b22-05c012eaf258,7.9,Black,On-Demand,45,0
c.6488_6489dupTT,154091443_154091444,p.(Ile2164Leufs*23),Ile2145Leufs*23,Frameshift,Duplication,23,2145,C1,Light chain,N,X,,,,Severe,Not reported,,2018,293,,0,2,1,Exon,Late,1,2,b1f6b04d-8635-4a23-857c-1def20b9bde0,5.6,Caucasian,Prophylaxis,50,0
c.6488T>G,154091444,p.(Ile2164Ser),Ile2145Ser,Missense,Substitution,23,2145,C1,Light chain,N,X,,,,Severe,No,,2006,160,,0,2,0,Exon,Late,0,0,5048f705-e469-45f4-b8d1-e07810415435,2,Hispanic,Prophylaxis,11,0
c.6489delT,154091443,p.(Ile2164Leufs*22),Ile2145Leufs*22,Frameshift,Deletion,23,2145,C1,Light chain,N,X,,,,Severe,No,,2008,175,,0,2,1,Exon,Late,1,2,57a63af8-7063-4090-a303-7f246dcb2fd7,3.4,Caucasian,Prophylaxis,30,0
c.6494C>T,154091438,p.(Ala2165Val),Ala2146Val,Missense,Substitution,23,2146,C1,Light chain,N,,,X,,Mild,No,,2012,231,,0,0,0,Exon,Late,0,0,1d024843-d3aa-402b-9072-ad98f7c3164b,12.3,Caucasian,On-Demand,62,0
c.6494delC,154091438,p.(Ala2165Valfs*21),Ala2146Valfs*21,Frameshift,Deletion,23,2146,C1,Light chain,N,X,,,,Severe,Yes,,2001,124,,1,2,1,Exon,Late,1,2,e20c9892-07a8-46b5-8ef6-0e099fce5b56,7,Caucasian,Prophylaxis,72,0
c.6496C>G,154091436,p.(Arg2166Gly),Arg2147Gly,Missense,Substitution,23,2147,C1,Light chain,N,,,X,,Mild,No,,2005,154,,0,0,0,Exon,Late,0,0,4b3133cc-e4de-400a-8d2e-c6eb321ad66e,26.9,Asian,On-Demand,123,0
c.6496C>T,154091436,p.(Arg2166*),Arg2147*,Nonsense,Substitution,23,2147,C1,Light chain,N,X,,,,Severe,Yes,,1988,13,,1,2,1,Exon,Late,4,8,a86b814e-3f32-4f53-a03d-ec617f1f0be6,6.3,Other,On-Demand,30,0
c.6497delG,154091435,p.(Arg2166Hisfs*20),Arg2147Hisfs*20,Frameshift,Deletion,23,2147,C1,Light chain,N,X,,,,Severe,Yes,,2006,160,,1,2,1,Exon,Late,1,2,62fc7da7-b494-4b69-a6a1-1d9cd45c1094,7.5,Caucasian,Prophylaxis,91,0
c.6497G>C,154091435,p.(Arg2166Pro),Arg2147Pro,Missense,Substitution,23,2147,C1,Light chain,N,X,,,,Severe,Not reported,,2018,293,,0,2,0,Exon,Late,0,0,b24fa81a-ae54-427a-8f0b-e1e315bccdc7,8.4,Asian,On-Demand,45,0
c.6497G>T,154091435,p.(Arg2166Leu),Arg2147Leu,Missense,Substitution,23,2147,C1,Light chain,N,,X,,,Severe,No,,2006,157,,0,2,0,Exon,Late,0,0,19717bb3-6998-4ed6-a059-521dfd73ccbe,6.4,Caucasian,Prophylaxis,67,1
c.6501C>A,154091431,p.(Tyr2167*),Tyr2148*,Nonsense,Substitution,23,2148,C1,Light chain,N,X,,,,Severe,No,,2017,288,,0,2,1,Exon,Late,4,8,939fdf53-7e43-45cf-9501-dd5661224bff,11.4,Caucasian,Prophylaxis,120,0
c.6501C>G,154091431,p.(Tyr2167*),Tyr2148*,Nonsense,Substitution,23,2148,C1,Light chain,N,,,,X,Not reported,Not reported,,2021,332,X,0,,1,Exon,Late,4,,7eb938de-9144-498e-8fdf-e2b2d5c233aa,16.9,Caucasian,On-Demand,96,0
c.6501delC,154091431,p.(Tyr2167*),Tyr2148*,Frameshift,Deletion,23,2148,C1,Light chain,N,X,,,,Severe,No,,2006,160,,0,2,1,Exon,Late,1,2,10b637bc-d4c3-4298-8548-394e15192ddc,3.1,Caucasian,Prophylaxis,46,0
c.6505C>T,154091427,p.(Arg2169Cys),Arg2150Cys,Missense,Substitution,23,2150,C1,Light chain,N,,,X,,Mild,Yes,Impaired vWf binding in C1,2000,107,,1,0,0,Exon,Late,0,0,84c1fad6-8bd2-4c56-ade2-052d7b9171f3,8.4,Asian,On-Demand,48,0
c.6506G>A,154091426,p.(Arg2169His),Arg2150His,Missense,Substitution,23,2150,C1,Light chain,N,X,X,X,,Mild/Moderate/Severe,Yes,Impaired vWf binding in C1,1991,"0, 35",,1,,0,Exon,Late,0,,3b89a947-7228-4046-a136-f3f318471c17,2,Caucasian,On-Demand,12,0
c.6506G>T,154091426,p.(Arg2169Leu),Arg2150Leu,Missense,Substitution,23,2150,C1,Light chain,N,,,X,,Mild,No,,2007,161,,0,0,0,Exon,Late,0,0,1a7bf244-07f6-40f7-a933-301f1f52d4c3,15.6,Caucasian,On-Demand,78,0
c.6511C>T,154091421,p.(His2171Tyr),His2152Tyr,Missense,Substitution,23,2152,C1,Light chain,,,,X,,Mild,No,,2012,233,X,0,0,0,Exon,Late,0,0,25ea4af4-0688-4a04-8025-bfd4dc35dcc6,7.1,Caucasian,On-Demand,37,0
c.6512A>G,154091420,p.(His2171Arg),His2152Arg,Missense,Substitution,23,2152,C1,Light Chain,N,,X,,,Moderate,Yes,,2010,212,,1,1,0,Exon,Late,0,0,75d31b53-5173-44b4-bb2f-86344d9654fa,1.3,Caucasian,Prophylaxis,5,1
c.6515C>A,154091417,p.(Pro2172Gln),Pro2153Gln,Missense,Substitution,23,2153,C1,Light chain,N,,X,,,Mild/Moderate,No,Impaired vWf binding in C1,1995,71,,0,,0,Exon,Late,0,,4e22d005-ef20-4a49-be60-696f9e231347,18.8,Caucasian,On-Demand,60,0
c.6515C>G,154091417,p.(Pro2172Arg),Pro2153Arg,Missense,Substitution,23,2153,C1,Light Chain,N,X,,,,Severe,No,,2001,116,,0,2,0,Exon,Late,0,0,60bf559e-1519-4448-9471-e6bb0abb94fa,3.5,Black,Prophylaxis,54,0
c.6515C>T,154091417,p.(Pro2172Leu),Pro2153Leu,Missense,Substitution,23,2153,C1,Light chain,N,X,,,,Severe,No,,2008,188,,0,2,0,Exon,Late,0,0,5b6a9add-16da-4e6e-aa18-3c1269084359,4.6,Hispanic,Prophylaxis,23,0
c.6516_6517delAA,154091415_154091416,p.(Thr2173Serfs*3),Thr2154Serfs*3,Frameshift,Deletion,23,2154,C1,Light chain,N,X,,,,Severe,Not reported,,2016,280,,0,2,1,Exon,Late,1,2,05e106d1-cb41-46d0-a9c8-8ccabe30c477,11,Other,Prophylaxis,110,0
c.6517_6519dup,154091413_154091415,p.(Thr2173dup),Thr2154dup,"Small structural change (in-frame, <50 bp)",Duplication,23,2154,C1,Light chain,N,X,,,,Severe,Yes,,2008,175,,1,2,0,Exon,Late,5,10,02a5776f-abc2-4010-a6cc-41a6b4e503a4,4.6,Caucasian,Prophylaxis,45,0
c.6517A>C,154091415,p.(Thr2173Pro),Thr2154ro,Missense,Substitution,23,2154,C1,Light chain,N,,,,X,Not reported,Not reported,,2021,332,X,0,,0,Exon,Late,0,,2d07e909-df01-4e13-bb34-4914e5751df8,17.7,Other,On-Demand,99,0
c.6517A>G,154091415,p.(Thr2173Ala),Thr2154Ala,Missense,Substitution,23,2154,C1,Light chain,N,,,X,,Mild,Not reported,,2002,127,,0,0,0,Exon,Late,0,0,f51c744e-dd1e-4a73-9708-d7ca83ef1a7f,5.2,Caucasian,On-Demand,15,0
c.6518C>A,154091414,p.(Thr2173Asn),Thr2154Asn,Missense,Substitution,23,2154,C1,Light chain,N,,,X,,Mild,No,,2007,161,,0,0,0,Exon,Late,0,0,97603a2a-3eef-4095-8aec-328118995012,2,Hispanic,On-Demand,18,0
c.6518C>T,154091414,p.(Thr2173Ile),Thr2154Ile,Missense,Substitution,23,2154,C1,Light chain,N,,,X,,Mild,No,,1992,46,,0,0,0,Exon,Late,0,0,d3ef3184-ba19-4c7d-8c76-38bb49fa241b,11.9,Caucasian,On-Demand,61,0
c.6520C>G,154091412,p.(His2174Asp),His2155Asp,Missense,Substitution,23,2155,C1,Light chain,N,,X,X,,Mild/Moderate,No,,2003,136,,0,,0,Exon,Late,0,,d1ddd993-cb25-4a5e-80b7-cf5f3f89212f,33.5,Asian,On-Demand,159,0
c.6520C>T,154091412,p.(His2174Tyr),His2155Tyr,Missense,Substitution,23,2155,C1,Light chain,N,,,X,,Mild,No,,2007,168,,0,0,0,Exon,Late,0,0,cbf2c169-a2e8-4d08-bd23-292bf175f838,17.3,Caucasian,Prophylaxis,194,0
c.6521_6523del,154091409_154091411,p.(Tyr2175del),Tyr2156del,"Small structural change (in-frame, <50 bp)",Deletion,23,2156,C1,Light Chain,,,X,,,Mild,Not reported,,2013,249,X,0,0,0,Exon,Late,5,0,3b96becb-71c8-48b8-8759-bee0860d9807,29.4,Asian,On-Demand,137,0
c.6521A>G,154091411,p.(His2174Arg),His2155Arg,Missense,Substitution,23,2155,C1,Light chain,N,X,,,,Severe,Not reported,,2014,256,,0,2,0,Exon,Late,0,0,761fe252-9c27-4434-919c-2af323978016,4.6,Caucasian,Prophylaxis,52,0
c.6521A>T,154091411,p.(His2174Leu),His2155Leu,Missense,Substitution,23,2155,C1,Light chain,N,,X,,,Moderate,No,,2012,225,,0,1,0,Exon,Late,0,0,0f2e57f9-7b00-44c9-a90a-a7919f3a1fb6,6.2,Asian,On-Demand,30,0
c.6522T>A,154091410,p.(His2174Gln),His2155Gln,Missense,Substitution,23,2155,C1,Light chain,N,,,,X,Not reported,Not reported,,2021,332,X,0,,0,Exon,Late,0,,5a6e15d0-94e4-4a70-b95c-a2bd92d7a543,7.1,Asian,On-Demand,34,0
c.6523delT,154091409,p.(Tyr2175Ilefs*11),Tyr2156Ilefs*11,Frameshift,Deletion,23,2156,C1,Light Chain,N,,X,,,Moderate,Not reported,,2010,213,,0,1,1,Exon,Late,1,1,6928aca9-ff90-42ea-894e-3a4f5d5c1d87,3.9,Asian,On-Demand,16,0
c.6523T>G,154091409,p.(Tyr2175Asp),Tyr2156Asp,Missense,Substitution,23,2156,C1,Light chain,N,,X,,,Moderate,No,,2013,239,,0,1,0,Exon,Late,0,0,9c94c9e6-b2c5-4c1d-ac18-7049a25c5dd5,5.6,Caucasian,On-Demand,39,0
c.6528C>G,154091404,p.(Ser2176Arg),Ser2157Arg,Missense,Substitution,23,2157,C1,Light chain,N,,,X,,Mild,No,,2005,150,,0,0,0,Exon,Late,0,0,3e67dbce-a33a-485e-b930-718ac94db470,9.7,Asian,On-Demand,17,0
c.6532C>T,154091400,p.(Arg2178Cys),Arg2159Cys,Missense,Substitution,23,2159,C1,Light chain,N,,,X,,Mild,No,Impaired vWf binding in C1,1991,41,,0,0,0,Exon,Late,0,0,43aa1b75-5086-42e5-a0ed-727192d0261c,25,Black,On-Demand,126,0
c.6533G>A,154091399,p.(Arg2178His),Arg2159His,Missense,Substitution,23,2159,C1,Light chain,N,,,X,,Mild,No,,1995,71,,0,0,0,Exon,Late,0,0,5513d26c-3757-4bf2-aba5-801ae9719ad9,19.8,Caucasian,On-Demand,99,0
c.6533G>T,154091399,p.(Arg2178Leu),Arg2159Leu,Missense,Substitution,23,2159,C1,Light chain,N,,,X,,Mild,No,,1995,71,,0,0,0,Exon,Late,0,0,e5166446-0b77-443f-bdd8-093c0d35aac3,2.6,Black,On-Demand,13,0
c.6536delG,154091396,p.(Ser2179Thrfs*7),Ser2160Thrfs*7,Frameshift,Deletion,23,2160,C1,Light chain,N,X,,,,Severe,No,,2011,216,,0,2,1,Exon,Late,1,2,f64709e8-fb17-4581-b7e2-822db5d8f653,4.3,Caucasian,Prophylaxis,28,0
c.6537C>G,154091395,p.(Ser2179Arg),Ser2160Arg,Missense,Substitution,23,2160,C1,Light chain,N,,,,X,Not reported,Not reported,,2005,145,,0,,0,Exon,Late,0,,71582f29-ac06-46f8-a6da-1afe0d016b26,9.2,Hispanic,On-Demand,55,0
c.6539C>T,154091393,p.(Thr2180Ile),Thr2161Ile,Missense,Substitution,23,2161,C1,Light chain,N,,X,,,Mild/Moderate,Not reported,,2018,"293, 300",,0,,0,Exon,Late,0,,bf8defc1-ca6d-49d3-95e2-3ac80f69b4c6,24.1,Caucasian,On-Demand,127,0
c.6541C>T,154091391,p.(Leu2181Phe),Leu2162Phe,Missense,Substitution,23,2162,C1,Light Chain,N,,,X,,Mild,No,1 stage-2 stage assay discrepancy,2012,233,,0,0,0,Exon,Late,0,0,b20232b0-6d15-4dc6-aba0-b7255e27ad20,24,Caucasian,On-Demand,134,0
c.6542T>C,154091390,p.(Leu2181Pro),Leu2162Pro,Missense,Substitution,23,2162,C1,Light chain,N,X,,,,Severe,No,,2006,160,,0,2,0,Exon,Late,0,0,dc5adb04-2980-4849-9311-9166a6cb7f4c,6.6,Caucasian,Prophylaxis,63,0
c.6544C>G,154091388,p.(Arg2182Gly),Arg2163Gly,Missense,Substitution,23,2163,C1,Light chain,N,X,,,,Severe,No,,2006,160,,0,2,0,Exon,Late,0,0,17abe529-28fa-4101-b5ad-67527def3b6d,3.3,Caucasian,On-Demand,24,0
c.6544C>T,154091388,p.(Arg2182Cys),Arg2163Cys,Missense,Substitution,23,2163,C1,Light chain,N,,X,,,Moderate,Not reported,,1992,53,,0,1,0,Exon,Late,0,0,34af879e-65f7-4f43-a0bc-2501bb65cf6f,6.7,Hispanic,On-Demand,38,0
c.6545G>A,154091387,p.(Arg2182His),Arg2163His,Missense,Substitution,23,2163,C1,Light chain,N,X,X,X,,Moderate/Severe,No,,1998,92,,0,,0,Exon,Late,0,,b76cd7d2-39c7-442a-b9fa-6591b530ca39,30.5,Caucasian,Prophylaxis,298,0
c.6545G>C,154091387,p.(Arg2182Pro),Arg2163Pro,Missense,Substitution,23,2163,C1,Light Chain,N,,X,,,Moderate,No,,2001,123,,0,1,0,Exon,Late,0,0,ce6a473b-3e29-439b-acdd-6607cebc981d,4.7,Caucasian,Prophylaxis,44,0
c.6545G>T,154091387,p.(Arg2182Leu),Arg2163Leu,Missense,Substitution,23,2163,C1,Light chain,N,X,,,,Severe,No,,2011,218,,0,2,0,Exon,Late,0,0,6be1c9c9-e745-419a-87fc-ea6e33fdf0c7,5.5,Caucasian,Prophylaxis,53,0
c.6547A>G,154091385,p.(Met2183Val),Met2164Val,Missense,Substitution,23,2164,C1,Light chain,N,,,X,,Mild,Not reported,,1998,91,,0,0,0,Exon,Late,0,0,48cb048c-3898-4d95-83da-3ad1610f8cf8,6.6,Caucasian,On-Demand,34,0
c.6548T>A,154091384,p.(Met2183Lys),Met2164Lys,Missense,Substitution,23,2164,C1,Light chain,N,,X,,,Moderate,No,,2013,239,,0,1,0,Exon,Late,0,0,2a86364b-22f8-4bfd-9a3a-aeaddbb98783,9.3,Caucasian,Prophylaxis,88,0
c.6548T>G,154091384,p.(Met2183Arg),Met2164Arg,Missense,Substitution,23,2164,C1,Light chain,N,,X,,,Moderate,No,,2000,107,,0,1,0,Exon,Late,0,0,9dbfc933-8404-4fc7-9361-c9e146342f55,6.9,Black,Prophylaxis,79,0
c.6550delG,154091382,p.(Glu2184Serfs*2),Glu2165Serfs*2,Frameshift,Deletion,23,2165,C1,Light Chain,N,,,,X,Not reported,Not reported,,2022,345,X,0,,1,Exon,Late,1,,0313d1ca-fd41-4c25-9d13-5ee1602984e0,2,Caucasian,On-Demand,19,0
c.6550G>A,154091382,p.(Glu2184Lys),Glu2165Lys,Missense,Substitution,23,2165,C1,Light Chain,N,,X,,,Moderate,No,,2010,213,,0,1,0,Exon,Late,0,0,efd0fc8e-4046-4d26-8280-ef606d5dc6e8,2.1,Caucasian,Prophylaxis,29,0
c.6550G>T,154091382,p.(Glu2184*),Glu2165*,Nonsense,Substitution,23,2165,C1,Light chain,N,X,,,,Severe,No,,2010,209,,0,2,1,Exon,Late,4,8,592e0be6-d315-4b17-9381-3443b335e515,5.6,Caucasian,Prophylaxis,69,0
c.6551A>C,154091381,p.(Glu2184Ala),Glu2165Ala,Missense,Substitution,23,2165,C1,Light chain,N,,X,,,Moderate,No,,2012,231,,0,1,0,Exon,Late,0,0,d577fce6-35d0-47f1-b720-639abd8927f1,0.7,Asian,Prophylaxis,13,0
c.6551A>G,154091381,p.(Glu2184Gly),Glu2165Gly,Missense,Substitution,23,2165,C1,Light chain,N,,X,,,Moderate,Not reported,,2014,256,,0,1,0,Exon,Late,0,0,d8c36a8f-f819-4da7-9006-b8e441f588cb,3.9,Caucasian,On-Demand,23,0
c.6551A>T,154091381,p.(Glu2184Val),Glu2165Val,Missense,Substitution,23,2165,C1,Light chain,N,,,,X,Mild/Moderate,No,,2005,152,,0,,0,Exon,Late,0,,6c27ecad-eb1e-437d-af8d-110506144905,18.1,Hispanic,On-Demand,96,0
c.6554T>C,154091378,p.(Leu2185Ser),Leu2166Ser,Missense,Substitution,23,2166,C1,Light chain,N,X,,,,Severe,No,,1990,29,,0,2,0,Exon,Late,0,0,0ca44f39-7fc2-4167-8f31-90253684b26b,1.9,Asian,Prophylaxis,26,0
c.6554T>G,154091378,p.(Leu2185Trp),Leu2166Trp,Missense,Substitution,23,2166,C1,Light chain,N,,,X,,Mild,Not reported,,2002,126,,0,0,0,Exon,Late,0,0,c3596fe9-a263-450e-86da-0c027980b0c3,2,Black,On-Demand,20,0
c.6557T>A,154091375,p.(Met2186Lys),Met2167Lys,Missense,Substitution,23,2167,C1,Light chain,N,,,X,,Mild,No,,2010,210,,0,0,0,Exon,Late,0,0,3b13ad55-4e33-4a7c-a66a-722ef8cd3ebe,16.5,Caucasian,Prophylaxis,161,0
c.6559G>A,154091373,p.(Gly2187Ser),Gly2168Ser,Missense,Substitution,23,2168,C1,Light chain,N,,X,,,Moderate,No,,2013,239,,0,1,0,Exon,Late,0,0,a297f6b3-f2c0-4e22-8253-231105de955e,3.4,Hispanic,Prophylaxis,22,0
c.6560G>A,154091372,p.(Gly2187Asp),Gly2168Asp,Missense,Substitution,23,2168,C1,Light Chain,N,X,,,,Severe,Not reported,,2008,"183, 186",,0,2,0,Exon,Late,0,0,b0d4f0f9-eec7-4ec3-8b9c-d28917f4a773,1.5,Black,Prophylaxis,16,0
c.6563G>A,154091369,p.(Cys2188Tyr),Cys2169Tyr,Missense,Substitution,23,2169,C1,Light chain,N,X,,,,Severe,No,,2005,"146, 154",,0,2,0,Exon,Late,0,0,7cdb387c-1c05-43ff-a7c7-bb84ff03376c,5.7,Caucasian,On-Demand,23,0
c.6565_6566del,154091366_154091367,p.(Asp2189Phefs*3),Asp2170Phefs*3,Frameshift,Deletion,23,2170,C1,Light chain,N,X,,,,Severe,Not reported,,1999,97,X,0,2,1,Exon,Late,1,2,520e141d-0b14-42e6-9459-a6633baf0470,1,Black,Prophylaxis,7,1
c.6569T>G,154091363,p.(Leu2190*),Leu2171*,Nonsense,Substitution,23,2171,C1,Light chain,N,,,,X,Not reported,Not reported,,2021,332,X,0,,1,Exon,Late,4,,0f662661-d3ca-460e-b80b-e10895dac7ef,36,Caucasian,On-Demand,170,0
c.6574A>C,154091358,p.(Ser2192Arg),Ser2173Arg,Missense,Substitution,23,2173,C1,Light chain,N,,,X,,Mild,Not reported,,2014,256,,0,0,0,Exon,Late,0,0,217caa8e-07dd-4bff-a2c6-bc7bb1c4cc88,22.6,Hispanic,On-Demand,101,0
c.6575-?_6723+?del,154089993_154090141,,,Large structural change (>50 bp),Deletion,24,,C2,single domain,N,X,,,,Severe,Yes,,2004,143,,1,2,0,Exon,Late,3,6,21eca75a-8a93-4424-971f-068042d083cd,1.5,Caucasian,Prophylaxis,7,0
c.6575-?_6723+?dup,154089993_154090141,,,Large structural change (>50 bp),Duplication,24,,C2,single domain,N,X,,,,Severe,No,,2011,220,,0,2,0,Exon,Late,3,6,5a055caa-39f6-48b0-979c-47b868d65631,1.7,Caucasian,Prophylaxis,6,0
c.6575G>T,154090141,p.(Ser2192Ile),Ser2173Ile,Missense,Substitution,24,2173,C2,Light chain,N,,,X,,Mild,No,,2000,107,,0,0,0,Exon,Late,0,0,583d9cb9-3b85-4124-bbad-a2a28201cf74,11.6,Black,On-Demand,54,0
c.6577T>C,154090139,p.(Cys2193Arg),Cys2174Arg,Missense,Substitution,24,2174,C2,Light chain,N,X,,,,Severe,No,,2020,320,X,0,2,0,Exon,Late,0,0,141a87f1-8574-4b75-9a2a-e44fe5ee1ee5,4.5,Hispanic,Prophylaxis,30,0
c.6577T>G,154090139,p.(Cys2193Gly),Cys2174Gly,Missense,Substitution,24,2174,C2,Light chain,N,,,X,,Mild/Moderate,Not reported,,2002,132,,0,,0,Exon,Late,0,,48c54258-626a-4fe1-99eb-b88cf87c6d7e,19.4,Caucasian,On-Demand,105,0
c.6578G>A,154090138,p.(Cys2193Tyr),Cys2174Tyr,Missense,Substitution,24,2174,C2,Light chain,N,X,,,,Severe,No,,2011,218,,0,2,0,Exon,Late,0,0,da1b1760-372e-4f9b-b647-07ecc8013040,7.1,Hispanic,Prophylaxis,71,0
c.6583A>C,154090133,p.(Met2195Leu),Met2176Leu,Missense,Substitution,24,2176,C2,Light chain,N,,,X,,Mild,Not reported,,2018,293,,0,0,0,Exon,Late,0,0,249f55eb-ab81-4954-acc2-d30763041965,2,Black,On-Demand,1,1
c.6587C>T,154090129,p.(Pro2196Leu),Pro2177Leu,Missense,Substitution,24,2177,C2,Light chain,N,,,X,,Mild,Not reported,,2014,256,,0,0,0,Exon,Late,0,0,ea32caf8-7cac-450a-a565-d5117464df56,32.5,Asian,On-Demand,155,0
c.6590delT,154090126,p.(Leu2197Trpfs*46),Leu2178Trpfs*46,Frameshift,Deletion,24,2178,C2,Light Chain,N,X,,,,Severe,Not reported,,2018,293,,0,2,1,Exon,Late,1,2,86bbb885-6ce9-40f1-bf4e-f248f08e321a,11.5,Asian,On-Demand,40,0
c.6590T>A,154090126,p.(Leu2197*),Leu2178*,Nonsense,Substitution,24,2178,C2,Light chain,N,X,,,,Severe,No,,0,0,,0,2,1,Exon,Late,4,8,83a8768d-06b1-4e90-870c-a8f590d62dc6,2.5,Asian,Prophylaxis,23,0
c.6590T>G,154090126,p.(Leu2197Trp),Leu2178Trp,Missense,Substitution,24,2178,C2,Light Chain,N,,X,,,Moderate,No,,2014,"259, 260",,0,1,0,Exon,Late,0,0,acdc1fd0-05cc-407f-8991-fa44b835adf5,1.6,Caucasian,Prophylaxis,29,0
c.6593G>A,154090123,p.(Gly2198Glu),Gly2179Glu,Missense,Substitution,24,2179,C2,Light chain,N,X,,,,Severe,Not reported,,2008,183,,0,2,0,Exon,Late,0,0,f69242cc-1f3f-4300-ada6-149fb4bce01e,2.9,Caucasian,Prophylaxis,14,0
c.6593G>T,154090123,p.(Gly2198Val),Gly2179Val,Missense,Substitution,24,2179,C2,Light chain,N,X,,,,Severe,No,,1999,101,,0,2,0,Exon,Late,0,0,6eeccf39-d18c-4e92-9af5-e96c02e15a5c,4.2,Caucasian,Prophylaxis,50,0
c.6595delA,154090121,p.(Met2199Trpfs*44),Met2180Trpfs*44,Frameshift,Deletion,24,2180,C2,Light chain,Y,X,,,,Severe,No,,2001,116,,0,2,1,Exon,Late,1,2,92a23fae-af4c-4640-ab40-b16bd11a3bce,6.9,Caucasian,Prophylaxis,74,1
c.6596delT,154090120,p.(Met2199Argfs*44),Met2180Argfs*44,Frameshift,Deletion,24,2180,C2,Light Chain,N,X,,,,Severe,Yes,,2012,233,,1,2,1,Exon,Late,1,2,0efe54dd-2311-45e0-9bfa-e281ec1dcd5c,4.2,Caucasian,Prophylaxis,50,1
c.6596dupT,154090120,p.(Met2199Ilefs*4),Met2180Ilefs*4,Frameshift,Duplication,24,2180,C2,Light chain,N,X,,,,Severe,Not reported,,2016,280,,0,2,1,Exon,Late,1,2,91c5ff75-6841-4f76-935b-19356f17e998,1.3,Black,Prophylaxis,20,0
c.6598G>T,154090118,p.(Glu2200*),Glu2181*,Nonsense,Substitution,24,2181,C2,Light chain,N,X,,,,Severe,Yes,,2018,300,,1,2,1,Exon,Late,4,8,57b8f894-c055-4029-a75f-f7907b17c7e8,3.7,Caucasian,Prophylaxis,19,0
c.6600G>T,154090116,p.(Glu2200Asp),Glu2181Asp,Missense,Substitution,24,2181,C2,Light chain,N,,,X,,Mild,Yes,,1998,85,,1,0,0,Exon,Late,0,0,8b87be0c-a6bc-49bc-bb68-b73c5a66c494,24.1,Other,On-Demand,122,0
c.6602delG,154090114,p.(Ser2201Ilefs*42),Ser2182Ilefs*42,Frameshift,Deletion,24,2182,C2,Light chain,N,,X,,,Severe,Yes,,2008,178,,1,2,1,Exon,Late,1,2,aa8d5924-8d7e-4355-a320-5860d1c785b2,4.1,Caucasian,Prophylaxis,36,0
c.6602G>T,154090114,p.(Ser2201Ile),Ser2182Ile,Missense,Substitution,24,2182,C2,Light chain,N,,,X,,Mild,No,,2006,158,,0,0,0,Exon,Late,0,0,f252c999-371f-447f-b684-c276f867d2bf,17,Caucasian,On-Demand,80,0
c.6610dupA,154090106,p.(Ile2204Asnfs*33),Ile2185Asnfs*33,Frameshift,Duplication,24,2185,C2,Light chain,Y,X,,,,Severe,No,,2000,107,,0,2,1,Exon,Late,1,2,d0be8f7f-1f89-488c-968b-1700653412c2,3.4,Caucasian,Prophylaxis,44,0
c.6611T>A,154090105,p.(Ile2204Lys),Ile2185Lys,Missense,Substitution,24,2185,C2,Light chain,N,X,,,,Severe,No,,2012,231,,0,2,0,Exon,Late,0,0,5e956d96-d791-42f8-84e1-282bbede8230,2.5,Caucasian,Prophylaxis,32,0
c.6611T>C,154090105,p.(Ile2204Thr),Ile2185Thr,Missense,Substitution,24,2185,C2,Light chain,N,,,X,,Mild,No,,1998,90,,0,0,0,Exon,Late,0,0,2a215673-953a-4fde-be97-991465a83f17,16.7,Caucasian,On-Demand,89,0
c.6614C>A,154090102,p.(Ser2205*),Ser2186*,Nonsense,Substitution,24,2186,C2,Light chain,N,X,,,,Severe,No,,2014,260,,0,2,1,Exon,Late,4,8,f55dad84-c402-4b11-a877-fc3ff535f69c,1.5,Asian,Prophylaxis,6,1
c.6614C>G,154090102,p.(Ser2205*),Ser2186*,Nonsense,Substitution,24,2186,C2,Light chain,N,X,,,,Severe,Not reported,,2016,280,,0,2,1,Exon,Late,4,8,63c7d1b2-0746-47aa-bce2-300122a624fa,1.8,Caucasian,Prophylaxis,4,0
c.6615delA,154090101,p.(Asp2206Metfs*37),Asp2187Metfs*37,Frameshift,Deletion,24,2187,C2,Light Chain,N,,X,,,Moderate,No,,2014,"259, 260",,0,1,1,Exon,Late,1,1,80dcd278-761c-4205-848b-fa18a12c781a,2.2,Hispanic,Prophylaxis,12,0
c.6617A>T,154090099,p.(Asp2206Val),Asp2187Val,Missense,Substitution,24,2187,C2,Light chain,N,X,,,,Severe,Not reported,,2021,333,X,0,2,0,Exon,Late,0,0,a300317d-eb0a-4bb2-99f0-5dbf101708ff,3.1,Hispanic,Prophylaxis,33,1
c.6622C>G,154090094,p.(Gln2208Glu),Gln2189Glu,Missense,Substitution,24,2189,C2,Light chain,N,,X,X,,Mild/Moderate,No,,2005,"0, 152",,0,,0,Exon,Late,0,,232100c5-d215-4e7b-8b02-8fc27a4ea70e,20.1,Caucasian,On-Demand,93,0
c.6622C>T,154090094,p.(Gln2208*),Gln2189*,Nonsense,Substitution,24,2189,C2,Light Chain,N,X,,,,Severe,Yes,,2010,212,,1,2,1,Exon,Late,4,8,59878b83-4bcc-416f-8588-08545d10518d,2.5,Asian,Prophylaxis,41,0
c.6623_6628delinsTT,154090088_154090093,p.(Gln2208Leufs*34),Gln2189Leufs*34,Frameshift,Deletion/Insertion,24,2189,C2,Light Chain,N,X,,,,Severe,Not reported,,2008,186,,0,2,1,Exon,Late,1,2,cd6787ac-4e6f-4aa9-8ab8-8b8a0a3ad3bf,8.1,Other,Prophylaxis,82,0
c.6623A>C,154090093,p.(Gln2208Pro),Gln2189Pro,Missense,Substitution,24,2189,C2,Light chain,N,,X,,,Moderate,No,,2008,175,,0,1,0,Exon,Late,0,0,2fabd66b-003f-4cae-b0b2-37fc0d110b8e,3.4,Asian,Prophylaxis,43,0
c.6623A>G,154090093,p.(Gln2208Arg),Gln2189Arg,Missense,Substitution,24,2189,C2,Light chain,N,,X,X,,Mild/Moderate,No,,2005,"0, 152",,0,,0,Exon,Late,0,,678d4957-5b1f-457a-bd3d-81b9b6e4aaeb,7.9,Black,On-Demand,32,0
c.6626T>A,154090090,p.(Ile2209Asn),Ile2190Asn,Missense,Substitution,24,2190,C2,Light chain,N,,X,,,Moderate,Not reported,,1998,91,,0,1,0,Exon,Late,0,0,3ba60ef7-ece6-4a0e-8eaa-68cd0e355df5,1.6,Asian,Prophylaxis,21,0
c.6626T>C,154090090,p.(Ile2209Thr),Ile2190Thr,Missense,Substitution,24,2190,C2,Light chain,N,,X,,,Moderate,Not reported,,2018,293,,0,1,0,Exon,Late,0,0,1f42e772-05d6-45e2-9877-4ff5174328a1,2.9,Black,Prophylaxis,31,0
c.6630_6647del,154090069_154090086,p.(Ala2211_Thr2216del),Ala2192_Thr2197del,"Small structural change (in-frame, <50 bp)",Deletion,24,2192,C2,Light chain,N,X,,,,Severe,Not reported,,2018,293,,0,2,0,Exon,Late,5,10,274b9be9-7686-4c24-8153-4292390a786a,3.9,Caucasian,Prophylaxis,33,0
c.6631G>C,154090085,p.(Ala2211Pro),Ala2192Pro,Missense,Substitution,24,2192,C2,Light chain,N,,X,,,Moderate,No,,1993,56,,0,1,0,Exon,Late,0,0,51fc5192-707a-4b75-a35a-2833e44d959d,6.5,Asian,Prophylaxis,50,0
c.6632C>T,154090084,p.(Ala2211Val),Ala2192Val,Missense,Substitution,24,2192,C2,Light chain,N,,,X,,Mild,No,,2012,225,,0,0,0,Exon,Late,0,0,3b4645ae-6154-42c0-a417-5538a0956fb6,20.8,Caucasian,On-Demand,115,0
c.6634T>C,154090082,p.(Ser2212Pro),Ser2193Pro,Missense,Substitution,24,2193,C2,Light chain,N,,X,,,Moderate,Not reported,,2014,256,,0,1,0,Exon,Late,0,0,4c435dbe-0eaf-449c-85ec-89dd1f0c4326,2.9,Hispanic,Prophylaxis,22,0
c.6635C>A,154090081,p.(Ser2212*),Ser2193*,Nonsense,Substitution,24,2193,C2,Light Chain,N,X,,,,Severe,Not reported,,2010,211,,0,2,1,Exon,Late,4,8,f3f91a9a-22f5-4607-8376-cd97f74cf5c8,4.3,Hispanic,Prophylaxis,43,0
c.6635C>T,154090081,p.(Ser2212Leu),Ser2193Leu,Missense,Substitution,24,2193,C2,Light Chain,N,,X,,,Moderate,Not reported,,2021,333,X,0,1,0,Exon,Late,0,0,54360543-ac24-485b-a26a-cbb0e3d7020a,7.6,Caucasian,Prophylaxis,70,0
c.6637T>C,154090079,p.(Ser2213Pro),Ser2194Pro,Missense,Substitution,24,2194,C2,Light chain,N,X,,,,Severe,Not reported,,2008,183,,0,2,0,Exon,Late,0,0,b91fa04d-d53c-401d-9668-eb5c807ea747,2.3,Black,Prophylaxis,31,0
c.6638C>A,154090078,p.(Ser2213Tyr),Ser2194Tyr,Missense,Substitution,24,2194,C2,Light chain,N,X,,,,Severe,No,,2008,180,,0,2,0,Exon,Late,0,0,10f39ce9-5765-46b8-b06c-626e26536d02,4.6,Caucasian,Prophylaxis,44,0
c.6638C>G,154090078,p.(Ser2213Cys),Ser2194Cys,Missense,Substitution,24,2194,C2,Light chain,N,X,X,,,Moderate/Severe,No,,2008,"180, 183",,0,,0,Exon,Late,0,,e0677666-43b1-4667-97e7-a9e13e5cbf0c,12.1,Black,On-Demand,65,0
c.6638C>T,154090078,p.(Ser2213Phe),Ser2194Phe,Missense,Substitution,24,2194,C2,Light chain,N,,,,,Severe,No,,2006,158,,0,2,0,Exon,Late,0,0,bc88bd6e-f26b-43e0-b4ec-ea6f67295f3a,4,Caucasian,Prophylaxis,53,0
c.6642delC,154090074,p.(Phe2215Leufs*28),Phe2196Leufs*28,Frameshift,Deletion,24,2196,C2,Light chain,N,X,,,,Severe,Not reported,,2018,293,,0,2,1,Exon,Late,1,2,f0a51665-2210-49f6-849e-76f374002f60,7.8,Caucasian,Prophylaxis,79,0
c.6650delA,154090066,p.(Asn2217Ilefs*26),Asn2198Ilefs*26,Frameshift,Deletion,24,2198,C2,Light chain,Y,X,,,,Severe,Yes,,2007,170,,1,2,1,Exon,Late,1,2,72240b15-fd2d-407b-8952-26a7c8379a2f,4.1,Caucasian,Prophylaxis,36,0
c.6652_6653del,154090063_154090064,p.(Met2218Valfs*18),Met2199Valfs*18,Frameshift,Deletion,24,2199,C2,Light chain,N,X,,,,Severe,No,,2006,157,,0,2,1,Exon,Late,1,2,3b023eb3-c6c3-4706-8a3f-90edc2056863,2.7,Hispanic,Prophylaxis,36,0
c.6652A>G,154090064,p.(Met2218Val),Met2199Val,Missense,Substitution,24,2199,C2,Light chain,N,X,,,,Severe,Not reported,,2008,183,,0,2,0,Exon,Late,0,0,ad291227-888e-4d9e-9289-2c49ab633fdb,2.3,Asian,Prophylaxis,26,0
c.6652dupA,154090064,p.(Met2218Asnfs*19),Met2199Asnfs*19,Frameshift,Duplication,24,2199,C2,Light chain,N,X,,,,Severe,Not reported,,1996,74,,0,2,1,Exon,Late,1,2,1fa1c5b5-5e3e-415a-8133-cd178855bf5d,3.2,Black,Prophylaxis,35,0
c.6655T>C,154090061,p.(Phe2219Ser),Phe2200Ser,Missense,Substitution,24,2200,C2,Light chain,N,,,X,,Mild,Not reported,,2021,333,X,0,0,0,Exon,Late,0,0,867e78b1-81e4-46c4-a84d-2944c8646f15,2,Black,On-Demand,15,0
c.6656T>C,154090060,p.(Phe2219Ser),Phe2200Ser,Missense,Substitution,24,2200,C2,Light chain,N,,,X,,Mild,Not reported,,2017,283,,0,0,0,Exon,Late,0,0,aec7cb2d-e217-462d-b8b6-fe2272054536,9.4,Caucasian,On-Demand,58,0
c.6658_6660del,154090056_154090058,p.(Ala2220del),Ala2201del,"Small structural change (in-frame, <50 bp)",Deletion,24,2201,C2,Light chain,N,,,X,,Mild,No,,2001,117,,0,0,0,Exon,Late,5,0,210421ae-15c2-4694-8036-83dca0c1c293,10.4,Hispanic,Prophylaxis,86,0
c.6658G>C,154090058,p.(Ala2220Pro),Ala2201Pro,Missense,Substitution,24,2201,C2,Light chain,N,,,X,,Mild,No,,2000,"0, 107",,0,0,0,Exon,Late,0,0,7687dc85-5aeb-4140-9f6d-f75fe8240f4a,6.1,Asian,On-Demand,27,0
c.6664T>A,154090052,p.(Trp2222Arg),Trp2203Arg,Missense,Substitution,24,2203,C2,Light chain,N,,X,,,Moderate,Not reported,,2016,280,,0,1,0,Exon,Late,0,0,681add98-c492-4404-94b4-6c28a86b370f,1.5,Hispanic,On-Demand,1,0
c.6664T>C,154090052,p.(Trp2222Arg),Trp2203Arg,Missense,Substitution,24,2203,C2,Light chain,N,,,,X,Not reported,Not reported,,2022,345,X,0,,0,Exon,Late,0,,5e0b381c-357d-4c7e-bc9c-02eb06982fc7,12.1,Other,On-Demand,72,0
c.6665G>A,154090051,p.(Trp2222*),Trp2203*,Nonsense,Substitution,24,2203,C2,Light chain,N,X,,,,Severe,No,,2000,107,,0,2,1,Exon,Late,4,8,8e31a768-d8e2-4609-9b67-b46921c2e355,4.9,Caucasian,Prophylaxis,43,0
c.6665G>T,154090051,p.(Trp2222Leu),Trp2203Leu,Missense,Substitution,24,2203,C2,Light chain,N,X,,,,Severe,Not reported,,2021,336,X,0,2,0,Exon,Late,0,0,b9cc3f0a-07a2-41c5-b709-878d73526442,3.3,Caucasian,Prophylaxis,23,0
c.6666G>A,154090050,p.(Trp2222*),Trp2203*,Nonsense,Substitution,24,2203,C2,Light chain,N,X,,,,Severe,No,,2012,231,,0,2,1,Exon,Late,4,8,d4f77a4e-7bc6-4118-9328-20eaf9215128,7.5,Asian,Prophylaxis,77,0
c.6669_6671del,154090045_154090047,p.(Pro2224del),Pro2205del,"Small structural change (in-frame, <50 bp)",Deletion,24,2205,C2,Light chain,N,,,,X,Moderate,Not reported,,1992,44,,0,1,0,Exon,Late,5,5,16a73abe-e5ad-42c5-8436-d161bbc640bc,1.9,Hispanic,Prophylaxis,5,0
c.6670_6672del,154090044_154090046,p.(Pro2224del),Pro2205del,"Small structural change (in-frame, <50 bp)",Deletion,24,2205,C2,Light Chain,N,,,,X,Moderate,Not reported,,1991,41,,0,1,0,Exon,Late,5,5,7048935e-3b39-4828-b30a-fba5c558b3fe,5.9,Caucasian,Prophylaxis,54,0
c.6671_6680del,154090036_154090045,p.(Pro2224Leufs*16),Pro2205Leufs*16,Frameshift,Deletion,24,2205,C2,Light chain,N,X,,,,Severe,Not reported,,2018,293,,0,2,1,Exon,Late,1,2,4eb79abf-9145-445c-ae62-c99b6cc97d33,4.9,Hispanic,Prophylaxis,59,0
c.6671C>G,154090045,p.(Pro2224Arg),Pro2205Arg,Missense,Substitution,24,2205,C1,Light chain,N,X,,,,Severe,No,,2013,240,,0,2,0,Exon,Late,0,0,3b8d5674-c257-4ebb-b8b4-968816c18727,1.1,Black,Prophylaxis,1,0
c.6671C>T,154090045,p.(Pro2224Leu),Pro2205Leu,Missense,Substitution,24,2205,C2,Light chain,N,X,,,,Severe,Not reported,,2002,126,,0,2,0,Exon,Late,0,0,68b0549b-0fbe-4fa9-b949-89cd3e3233b9,6.1,Asian,Prophylaxis,51,0
c.6672_6674del,154090042_154090044,p.(Ser2225*),Ser2206*,Nonsense,Deletion,24,2206,C2,Light chain,N,,X,,,Moderate,No,,2020,320,X,0,1,1,Exon,Late,4,4,892087f5-e2e0-43eb-96b2-6028a5c06b25,3.1,Asian,Prophylaxis,38,0
c.6674C>G,154090042,p.(Ser2225*),Ser2206*,Nonsense,Substitution,24,2206,C2,Light chain,N,X,,,,Severe,No,,2012,231,,0,2,1,Exon,Late,4,8,cd377c5f-fbd0-45f1-8423-2a2c53edaf73,4,Caucasian,Prophylaxis,47,0
c.6678delA,154090038,p.(Ala2227Leufs*16),Ala2208Leufs*16,Frameshift,Deletion,24,2208,C2,Light chain,N,X,,,,Severe,Not reported,,2016,280,,0,2,1,Exon,Late,1,2,0ea6131d-8618-4f30-bcbd-a0b8376bf52b,3.4,Asian,Prophylaxis,41,0
c.6679G>A,154090037,p.(Ala2227Thr),Ala2208Thr,Missense,Substitution,24,2208,C2,Light chain,N,,,X,,Mild,No,,2012,233,,0,0,0,Exon,Late,0,0,6efab4ae-ac5d-4aeb-be3f-823c8fc028a9,23.5,Caucasian,On-Demand,112,0
c.6679G>C,154090037,p.(Ala2227Pro),Ala2208Pro,Missense,Substitution,24,2208,C2,Light Chain,N,X,,,,Severe,No,,2012,233,,0,2,0,Exon,Late,0,0,04cf029f-a4c9-4b03-8838-4df514d2b744,2,Asian,Prophylaxis,10,0
c.6680C>T,154090036,p.(Ala2227Val),Ala2208Val,Missense,Substitution,24,2208,C2,Light chain,N,,,X,,Mild,No,,2008,180,,0,0,0,Exon,Late,0,0,83503527-72af-4c72-9ac1-1fcc0be8ceab,15.3,Hispanic,On-Demand,64,1
c.6682C>G,154090034,p.(Arg2228Gly),Arg2209Gly,Missense,Substitution,24,2209,C2,Light chain,N,,,,X,Severe,No,,1994,63,,0,2,0,Exon,Late,0,0,8ac95b70-adbd-425e-9ce6-98dc0054f560,8.6,Caucasian,Prophylaxis,97,0
c.6682C>T,154090034,p.(Arg2228*),Arg2209*,Nonsense,Substitution,24,2209,C2,Light chain,N,X,,,,Severe,Yes,,1985,1,,1,2,1,Exon,Late,4,8,3a248a8a-bdbf-440e-8c45-42fd3c0483db,1.8,Caucasian,Prophylaxis,1,0
c.6683G>A,154090033,p.(Arg2228Gln),Arg2209Gln,Missense,Substitution,24,2209,C2,Light chain,N,,,,,Severe,Yes,,1988,"8, 13",,1,2,0,Exon,Late,0,0,7cc6be3d-3f14-42b0-a682-fccaf9c3b361,5.3,Caucasian,Prophylaxis,49,0
c.6683G>C,154090033,p.(Arg2228Pro),Arg2209Pro,Missense,Substitution,24,2209,C2,Light chain,N,,,,X,Moderate/Severe,No,,2000,105,,0,,0,Exon,Late,0,,f033cbb1-2a4f-450f-a30c-ea56cf741a2c,28.4,Asian,On-Demand,139,0
c.6683G>T,154090033,p.(Arg2228Leu),Arg2209Leu,Missense,Substitution,24,2209,C2,Light chain,N,,X,,,Moderate,No,,1991,37,,0,1,0,Exon,Late,0,0,9916f64a-ba0b-42ee-86ff-735859557d50,7,Caucasian,On-Demand,30,0
c.6685C>T,154090031,p.(Leu2229Phe),Leu2210Phe,Missense,Substitution,24,2210,C2,Light chain,N,,,X,,Mild,No,,2003,136,,0,0,0,Exon,Late,0,0,fb9121c8-7cf3-47c7-a739-81f8d3b191a8,3.7,Black,On-Demand,5,0
c.6686T>C,154090030,p.(Leu2229Pro),Leu2210Pro,Missense,Substitution,24,2210,C2,Light chain,N,,,X,,Mild,Not reported,,0,0,,0,0,0,Exon,Late,0,0,0b831eca-9b3e-4965-aec7-670f3584d761,16.5,Other,On-Demand,75,0
c.6686T>G,154090030,p.(Leu2229Arg),Leu2210Arg,Missense,Substitution,24,2210,C2,Light chain,N,,,X,,Mild/Moderate,Not reported,,2021,339,X,0,,0,Exon,Late,0,,7f6a7143-400d-4be4-b6c8-27fcedc0c519,15.7,Caucasian,On-Demand,75,0
c.6689A>C,154090027,p.(His2230Pro),His2211Pro,Missense,Substitution,24,2211,C2,Light Chain,N,X,,,,Severe,Yes,,2012,233,,1,2,0,Exon,Late,0,0,19ae1201-d424-47bc-9e81-444b9eb71208,3.8,Asian,Prophylaxis,30,0
c.6690_6700del,154090016_154090026,p.(His2230Glnfs*3),His2211Glnfs*3,Frameshift,Deletion,24,2211,C2,Light chain,N,X,,,,Severe,Not reported,,2018,293,,0,2,1,Exon,Late,1,2,9ba90043-645a-4dee-9b75-b890128f7c1b,2.4,Other,Prophylaxis,16,0
c.6694C>T,154090022,p.(Gln2232*),Gln2213*,Nonsense,Substitution,24,2213,C2,Light chain,N,,,,X,Not reported,Not reported,,2005,145,,0,,1,Exon,Late,4,,7c0546ca-d150-40c6-a4ce-bd5fa7983a8c,2,Hispanic,On-Demand,27,1
c.6696A>G,154090020,p.(=),0,Synonymous,Substitution,24,2213,C2,Light chain,N,,,,X,Not reported,Not reported,Potential splice error,0,0,,0,,0,Exon,Late,2,,1c8b3476-4ee0-48cb-a650-6d2019a83c78,2,Caucasian,On-Demand,9,0
c.6697G>T,154090019,p.(Gly2233Trp),Gly2214Trp,Missense,Substitution,24,2214,C2,Light chain,N,,,X,,Mild,Not reported,,2014,256,,0,0,0,Exon,Late,0,0,2113b581-1895-4227-8d08-4428c7bb30fe,13.1,Other,On-Demand,67,1
c.6699delG,154090017,p.(Arg2234Glyfs*9),Arg2215Glyfs*9,Frameshift,Deletion,24,2215,C2,Light chain,N,X,,,,Severe,Not reported,,1996,72,,0,2,1,Exon,Late,1,2,347fddf9-8e6c-4ba9-980c-5d7c97582226,1.1,Caucasian,Prophylaxis,10,0
c.6709G>A,154090007,p.(Ala2237Thr),Ala2218Thr,Missense,Substitution,24,2218,C2,Light chain,N,,,X,,Mild,Yes,,2007,168,,1,0,0,Exon,Late,0,0,dba8a562-e6e8-49f2-b02a-786c5d0454e0,9.6,Caucasian,On-Demand,50,1
c.6710C>T,154090006,p.(Ala2237Val),Ala2218Val,Missense,Substitution,24,2218,C2,Light chain,N,,,X,,Mild,No,,2013,239,,0,0,0,Exon,Late,0,0,2c5527ef-9af3-471d-9641-76683c255a50,9.5,Caucasian,On-Demand,49,0
c.6712T>C,154090004,p.(Trp2238Arg),Trp2219Arg,Missense,Substitution,24,2219,C2,Light chain,N,X,,,,Severe,Not reported,,2013,249,,0,2,0,Exon,Late,0,0,4938ebd6-575f-4751-a3ee-224c845c105e,5.9,Hispanic,On-Demand,36,0
c.6713G>A,154090003,p.(Trp2238*),Trp2219*,Nonsense,Substitution,24,2219,C2,Light chain,N,,,,,severe,Yes,,2003,136,,1,,1,Exon,Late,4,,2ab0d931-f972-441c-989d-b3ce8c28a6d3,8.9,Caucasian,On-Demand,44,1
c.6714G>C,154090002,p.(Trp2238Cys),Trp2219Cys,Missense,Substitution,24,2219,C2,Light chain,N,X,,,,Severe,No,,2012,231,,0,2,0,Exon,Late,0,0,6d51dff7-f134-48a1-acec-e986edc6aab8,10.2,Caucasian,Prophylaxis,93,0
c.6715A>G,154090001,p.(Arg2239Gly),Arg2220Gly,Missense,Substitution,24,2220,C2,Light Chain,N,X,,,,Severe,No,,2012,231,,0,2,0,Exon,Late,0,0,91a7043f-416f-4125-86ca-fd22b724cabb,9.1,Asian,Prophylaxis,93,0
c.6718C>A,154089998,p.(Pro2240Thr),Pro2221Thr,Missense,Substitution,24,2221,C2,Light chain,N,,,X,,Mild,Not reported,,2014,256,,0,0,0,Exon,Late,0,0,9f6a8bf9-31f3-4e7a-869f-14c732bd80d9,2,Caucasian,On-Demand,1,0
c.6719_6721del,154089995_154089997,p.(Pro2240del),Pro2221del,"Small structural change (in-frame, <50 bp)",Deletion,24,2221,C2,Light chain,N,X,,,,Severe,No,,2020,319,X,0,2,0,Exon,Late,5,10,3fd13f87-db03-4229-9b36-f0e4cc2cacc5,5.7,Asian,Prophylaxis,58,0
c.6719C>G,154089997,p.(Pro2240Arg),Pro2221Arg,Missense,Substitution,24,2221,C2,Light chain,N,X,,,,Severe,Not reported,,2014,256,,0,2,0,Exon,Late,0,0,f3424943-a20e-4970-b2b2-3624c2e465c4,6.4,Caucasian,Prophylaxis,69,0
c.6719C>T,154089997,p.(Pro2240Leu),Pro2221Leu,Missense,Substitution,24,2221,C2,Light Chain,N,,X,,,Moderate,No,,2012,232,,0,1,0,Exon,Late,0,0,f5c14df1-2ebf-4903-9d1f-ba0cf867ee77,3.1,Asian,On-Demand,23,0
c.6721C>T,154089995,p.(Gln2241*),Gln2222*,Nonsense,Substitution,24,2222,C2,Light chain,N,,X,,,Moderate,No,,1999,101,,0,1,1,Exon,Late,4,4,4c8b02b3-3deb-4504-a952-b3e7db4cdc7d,3.8,Caucasian,Prophylaxis,49,0
c.6724-?_6900+?del,154088707_154088883,,,Large structural change (>50 bp),Deletion,25,,C2,single domain,N,X,,,,Severe,Yes,,2011,"218, 222",,1,2,0,Exon,Late,3,6,f5cc8271-c5db-4f58-b3c8-0f523a6c61a4,5.4,Caucasian,On-Demand,26,1
c.6724-?_7056+?del,154065872_154088883,,,Large structural change (>50 bp),Deletion,25,,C2,single domain,N,X,,,,Severe,No,,2001,124,,0,2,0,Exon,Late,3,6,dc068ab6-d663-4356-bcb9-0c1b6d1935bb,2,Caucasian,Prophylaxis,35,0
c.6736A>T,154088871,p.(Lys2246*),Lys2227*,Nonsense,Substitution,25,2227,C2,Light chain,N,X,,,,Severe,Yes,,2011,218,,1,2,1,Exon,Late,4,8,8baae9e6-f7cb-4e79-ba67-9fedf33768fd,1.5,Asian,On-Demand,21,0
c.6737_6738delAA,154088869_154088870,p.(Lys2246Argfs*138),Lys2227Argfs*138,Frameshift,Deletion,25,2227,C2,Light chain,Y,X,,,,Severe,Not reported,,2021,330,X,0,2,1,Exon,Late,1,2,ac22ceef-9827-4f4e-b74d-edb6f7dadf29,3,Caucasian,Prophylaxis,23,0
c.6738delA,154088869,p.(Glu2247Serfs*11),Glu2228Serfs*11,Frameshift,Deletion,25,2228,C2,Light chain,Y,X,,,,Severe,Yes,Poly A Deletion,2005,"0, 153",,1,2,1,Exon,Late,1,2,6c30cf8c-2830-45ee-890a-3232569d135e,4.5,Caucasian,Prophylaxis,54,1
c.6739G>A,154088868,p.(Glu2247Lys),Glu2228Lys,Missense,Substitution,25,2228,C2,Light chain,N,,X,,,Moderate,Not reported,,2008,183,,0,1,0,Exon,Late,0,0,463c6092-0527-4fec-8ee8-9897b68f9d79,6.6,Caucasian,Prophylaxis,70,1
c.6739G>T,154088868,p.(Glu2247*),Glu2228*,Nonsense,Substitution,25,2228,C2,Light chain,N,X,,,,Severe,Yes,,2007,170,,1,2,1,Exon,Late,4,8,26f28b11-a1d0-4580-8d9e-af3272aa521c,6.7,Caucasian,Prophylaxis,63,0
c.6740_6741del,154088866_154088867,p.(Glu2247Valfs*137),Glu2228Valfs*137,Frameshift,Deletion,25,2228,C2,Light chain,N,X,,,,Severe,Yes,,2002,130,,1,2,1,Exon,Late,1,2,0eb079c5-4152-4790-a3c1-3256f2355a57,3.4,Caucasian,Prophylaxis,31,0
c.6742dupT,154088865,p.(Trp2248Leufs*137),Trp2229Leufs*137,Frameshift,Duplication,25,2229,C2,Light chain,N,X,,,,Severe,Not reported,,2016,280,,0,2,1,Exon,Late,1,2,9ce5f358-7390-4a42-8f81-5e4854a3cef8,6.8,Caucasian,Prophylaxis,83,0
c.6742T>A,154088865,p.(Trp2248Arg),Trp2229Arg,Missense,Substitution,25,2229,C2,Light Chain,N,X,X,,,Moderate/Severe,Yes,,2012,232,,1,,0,Exon,Late,0,,042f1843-9ec7-4d50-afcc-b223b96b9c67,11.7,Caucasian,On-Demand,61,0
c.6742T>C,154088865,p.(Trp2248Arg),Trp2229Arg,Missense,Substitution,25,2229,C2,Light chain,N,,,X,,Mild,Not reported,,2008,183,,0,0,0,Exon,Late,0,0,3d8ae246-73d8-4b76-913a-4ebf29cea371,17.8,Caucasian,On-Demand,106,1
c.6742T>G,154088865,p.(Trp2248Gly),Trp2229Gly,Missense,Substitution,25,2229,C2,Light chain,N,X,,,,Severe,Not Reported,,2018,293,,,2,0,Exon,Late,0,0,4c5a2815-3eb5-4db7-b839-b48882b9b212,13.4,Caucasian,Prophylaxis,126,0
c.6743G>A,154088864,p.(Trp2248*),Trp2229*,Nonsense,Substitution,25,2229,C2,Light chain,N,X,,,,Severe,No,,2012,231,,0,2,1,Exon,Late,4,8,6af5c8ad-2a46-496c-bef5-11747a8a3903,6.2,Caucasian,Prophylaxis,57,0
c.6743G>C,154088864,p.(Trp2248Ser),Trp2229Ser,Missense,Substitution,25,2229,C2,Light chain,N,,X,,,Moderate,Not reported,,2003,138,,0,1,0,Exon,Late,0,0,ab311e45-2c4f-4b09-bb97-88cd236c0b26,2.6,Asian,Prophylaxis,1,0
c.6744G>A,154088863,p.(Trp2248*),Trp2229*,Nonsense,Substitution,25,2229,C2,Light Chain,N,X,,,,Severe,No,,2012,233,,0,2,1,Exon,Late,4,8,eaee47b5-cd72-4562-a437-2beeacc8edb9,6.8,Hispanic,Prophylaxis,62,0
c.6744G>T,154088863,p.(Trp2248Cys),Trp2229Cys,Missense,Substitution,25,2229,C2,Light chain,N,,X,,,Moderate,Yes,,1991,38,,1,1,0,Exon,Late,0,0,a9b2cb0d-b25e-4f39-8faf-90b448c311b7,1.3,Asian,On-Demand,1,1
c.6746T>C,154088861,p.(Leu2249Pro),Leu2230Pro,Missense,Substitution,25,2230,C2,Light chain,N,X,,,,Severe,Not reported,,2008,183,,0,2,0,Exon,Late,0,0,13cdb89c-335d-4594-8d85-790869443408,2,Other,Prophylaxis,2,0
c.6746T>G,154088861,p.(Leu2249Arg),Leu2230Arg,Missense,Substitution,25,2230,C2,Light chain,N,X,,,,Severe,Yes,,2006,160,,1,2,0,Exon,Late,0,0,e6ce9ccd-46af-411f-8ba1-93f07b62ff17,9.4,Caucasian,Prophylaxis,69,0
c.6748C>T,154088859,p.(Gln2250*),Gln2231*,Nonsense,Substitution,25,2231,C2,Light chain,N,X,,,,Severe,No,,2005,"0, 152",,0,2,1,Exon,Late,4,8,448900bf-0c02-46c0-bcb3-227dcec9ceae,2,Caucasian,Prophylaxis,20,0
c.6750A>C,154088857,p.(Gln2250His),Gln2231His,Missense,Substitution,25,2231,C2,Light chain,N,,,X,,Mild,No,,0,0,,0,0,0,Exon,Late,0,0,a570e026-b040-49ad-b935-70b30fbdc8a4,27.2,Other,On-Demand,134,0
c.6752T>A,154088855,p.(Val2251Glu),Val2232Glu,Missense,Substitution,25,2232,C2,Light chain,N,X,,,,Severe,Not reported,,2002,126,,0,2,0,Exon,Late,0,0,4daa5f55-0aae-4be8-8162-81a6b08de9d7,2.2,Other,Prophylaxis,29,0
c.6752T>C,154088855,p.(Val2251Ala),Val2232Ala,Missense,Substitution,25,2232,C2,Light chain,N,,,X,,Mild,Yes,Impaired vWf binding in C2,2000,107,,1,0,0,Exon,Late,0,0,b228fd4d-0185-4009-bdfd-816c5469446c,2,Asian,On-Demand,1,0
c.6752T>G,154088855,p.(Val2251Gly),Val2232Gly,Missense,Substitution,25,2232,C2,Light chain,N,,,X,,Mild,No,,2010,210,,0,0,0,Exon,Late,0,0,1b52bba7-d23a-4179-ba73-7cb8db38a7d9,19.2,Black,On-Demand,92,1
c.6754G>C,154088853,p.(Asp2252His),Asp2233His,Missense,Substitution,25,2233,C2,Light chain,N,,,X,,Mild,No,,2013,239,,0,0,0,Exon,Late,0,0,2ddc3422-6d44-4b80-b07d-2a4bc8bc9e94,5.4,Caucasian,On-Demand,21,0
c.6758T>C,154088849,p.(Phe2253Ser),Phe2234Ser,Missense,Substitution,25,2234,C2,Light chain,N,,X,,,Moderate,No,,2006,158,,0,1,0,Exon,Late,0,0,cda802af-eaaf-43ab-a3d3-0c3fec7f39a1,1,Caucasian,Prophylaxis,15,0
c.6760C>T,154088847,p.(Gln2254*),Gln2235*,Nonsense,Substitution,25,2235,C2,Light chain,N,X,,,,Severe,Not reported,,2008,180,,0,2,1,Exon,Late,4,8,544c8233-8bbf-43bb-8bbf-473e29b8afbb,1,Black,Prophylaxis,22,0
c.6760delC,154088847,p.(Gln2254Argfs*4),Gln2235Argfs*4,Frameshift,Deletion,25,2235,C2,Light chain,N,X,,,,Severe,Yes,,2006,"158, 160",,1,2,1,Exon,Late,1,2,b7532b27-1b63-45fc-957a-0349096690bd,5.2,Caucasian,Prophylaxis,62,0
c.6772A>G,154088835,p.(Lys2258Glu),Lys2239Glu,Missense,Substitution,25,2239,C2,Light chain,N,,,X,,Mild,No,,2012,231,,0,0,0,Exon,Late,0,0,ef642709-dad0-48c3-ae1f-922f49489aca,32.9,Hispanic,On-Demand,160,0
c.6772A>T,154088835,p.(Lys2258*),Lys2239*,Nonsense,Substitution,25,2239,C2,Light chain,N,X,,,,Severe,Not reported,,2016,280,,0,2,1,Exon,Late,4,8,4529a57b-e872-4919-a30c-e43b6b9dac7e,5.4,Asian,Prophylaxis,47,0
c.6774A>C,154088833,p.(Lys2258Asn),Lys2239Asn,Missense,Substitution,25,2239,C2,Light chain,N,,X,,,Moderate,Not reported,,2018,293,,0,1,0,Exon,Late,0,0,e50460e0-5a75-4b65-b506-1deb3e70f648,5.1,Asian,Prophylaxis,47,0
c.6775G>T,154088832,p.(Val2259Phe),Val2240Phe,Missense,Substitution,25,2240,C2,Light chain,N,,,X,,Mild,Not reported,,2018,293,,0,0,0,Exon,Late,0,0,c1b8d56b-1219-48c1-9b77-05ed51c30de8,24.1,Caucasian,On-Demand,127,0
c.6776T>C,154088831,p.(Val2259Ala),Val2240Ala,Missense,Substitution,25,2240,C2,Light chain,N,X,,,,Severe,Not reported,,2008,"183, 186",,0,2,0,Exon,Late,0,0,0272f1a2-a8fd-4a8a-a3da-470429eda6a2,5.6,Caucasian,Prophylaxis,80,0
c.6780_6788del,154088819_154088827,p.(Gly2261_Thr2263del),Gly2242_Thr2244del,"Small structural change (in-frame, <50 bp)",Deletion,25,2242,C2,Light chain,N,X,,,,Severe,No,,2006,160,,0,2,0,Exon,Late,5,10,c7cd086e-93f8-46a8-bdf7-1c9f41ed8b6e,3.1,Asian,Prophylaxis,52,0
c.6782delG,154088825,p.(Gly2261Glufs*2),Gly2242Glufs*2,Frameshift,Deletion,25,2242,C2,Light Chain,N,X,,,,Severe,Not reported,,2010,211,,0,2,1,Exon,Late,1,2,fe93632e-3e65-45db-a1cc-30e3bf7698dd,1.9,Caucasian,Prophylaxis,15,0
c.6785T>C,154088822,p.(Val2262Ala),Val2243Ala,Missense,Substitution,25,2243,C2,Light chain,N,,X,,,Moderate,Not reported,,2008,183,,0,1,0,Exon,Late,0,0,a0387905-9571-422c-9e83-b33ed6f4e27d,14.5,Caucasian,On-Demand,74,0
c.6786_6787insCAA,154088820_154088821,p.(Val2262_Thr2263insGln),Val2243_Thr2244insGln,"Small structural change (in-frame, <50 bp)",Insertion,25,2243,C2,Light chain,N,,X,,,Moderate,No,,2003,133,,0,1,0,Exon,Late,5,5,1f532716-79ca-4db0-bd7d-d736117e4227,4.5,Caucasian,Prophylaxis,45,0
c.6787_6790dup,154088817_154088820,p.(Thr2264Asnfs*122),Thr2245Asnfs*122,Frameshift,Duplication,25,2245,C2,Light chain,Y,X,,,,Severe,Not reported,,2000,104,,0,2,1,Exon,Late,1,2,1fbfa2f6-13a0-4c76-b027-b5c1f72ff1bd,8,Hispanic,Prophylaxis,72,0
c.6787_6811delins32,154088797_154088821,p.(Thr2264_Leu2271delins32fs*9),Thr2245_Leu2252delins32fs*9,Frameshift,Deletion/Insertion,25,2245,C2,Light chain,,,,,X,Not reported,Not reported,,2015,268,X,0,,1,Exon,Late,1,,3b04423e-db81-4f9d-8529-d230ba7d5c46,16.8,Caucasian,On-Demand,68,0
c.6790A>C,154088817,p.(Thr2264Pro),Thr2245Pro,Missense,Substitution,25,2245,C2,Light Chain,N,,,,X,Not reported,No,,2012,232,,0,,0,Exon,Late,0,,f46d81b0-2c50-45b7-a261-2b2f07803246,13,Caucasian,On-Demand,72,0
c.6790A>G,154088817,p.(Thr2264Ala),Thr2245Ala,Missense,Substitution,25,2245,C2,Light chain,N,,,X,,Mild,Not reported,,1997,80,,0,0,0,Exon,Late,0,0,ba40866e-7667-43a1-8428-c7fb5518ae54,3.8,Caucasian,On-Demand,28,1
c.6793C>A,154088814,p.(Gln2265Lys),Gln2246Lys,Missense,Substitution,25,2246,C2,Light chain,N,,,X,,Mild,No,,2006,157,,0,0,0,Exon,Late,0,0,c2ad93a0-efe1-42c1-9895-7f46d50becf7,15.3,Asian,On-Demand,87,0
c.6794_6795del,154088812_154088813,p.(Gln2265Argfs*119),Gln2246Argfs*119,Frameshift,Deletion,25,2246,C2,Light chain,N,X,,,,Severe,No,,1993,56,,0,2,1,Exon,Late,1,2,7a903497-f3aa-424e-85e0-81245173de26,3.4,Caucasian,On-Demand,17,1
c.6794A>G,154088813,p.(Gln2265Arg),Gln2246Arg,Missense,Substitution,25,2246,C2,Light chain,N,,X,,,Moderate,No,,1995,71,,0,1,0,Exon,Late,0,0,4d68db54-7f17-4157-897a-bc84b6b66b59,2.1,Asian,Prophylaxis,9,0
c.6794del                                                                                                                                                                                                                                                                                                                                                                                                                                                                                                                                                                                                                                                                                                                                                                                                                                                                                                                                                                                                                                                                                                                                                                                                                                                                                                                                                                                                                                                                                                                                                                                                                                                                                                                                                                                                                                                                                                                                                                                                                                                                                                                                                                                                                                                                                                                                                                                                                                                                                                                                                                                                                                                                                                                                                                                                                                                                                                                                                                                                                                                                                                                                                                                                                                                                                                                                               ,154088813,p.(Gln2265Argfs*3),Gln2246Argfs*3,Frameshift,Deletion,25,2246,C2,Light chain,N,X,,,,Severe,No,,2020,319,X,0,2,1,Exon,Late,1,2,e3f8ff73-8f5f-455b-928f-3e7c73b061d0,4.5,Asian,Prophylaxis,43,0
c.6795G>T,154088812,p.(Gln2265His),Gln2246Hia,Missense,Substitution,25,2246,C2,Light chain,N,,X,,,Moderate,Not reported,,2018,293,,0,1,0,Exon,Late,0,0,232a7b85-848b-4a38-bc9d-de3c4ba1ac18,3.5,Caucasian,Prophylaxis,37,0
c.6796G>A,154088811,p.(Gly2266Arg),Gly2247Arg,Missense,Substitution,25,2247,C2,Light chain,N,X,,,,Severe,No,,2006,160,,0,2,0,Exon,Late,0,0,2f206305-f4c6-4b22-ad68-3209dce32096,8.4,Black,Prophylaxis,84,0
c.6796G>C,154088811,p.(Gly2266Arg),Gly2247Arg,Missense,Substitution,25,2247,C2,Light chain,N,X,,,,Severe,No,,2012,231,,0,2,0,Exon,Late,0,0,d66b9636-be57-4b7a-b6b1-c307492301bb,2.1,Other,Prophylaxis,40,0
c.6797delG,154088810,p.(Gly2266Glufs*2),Gly2247Glufs*2,Frameshift,Deletion,25,2247,C2,Light chain,N,,,,X,Not reported,Not reported,,2005,145,,0,,1,Exon,Late,1,,c3ada2bd-9a25-4374-8c7e-ce4425e4725a,15,Asian,On-Demand,71,0
c.6797G>A,154088810,p.(Gly2266Glu),Gly2247Glu,Missense,Substitution,25,2247,C2,Light chain,N,X,,,,Severe,No,,2008,180,,0,2,0,Exon,Late,0,0,3eb41a98-a93b-49a2-a724-fd5dada42e3e,1.3,Caucasian,Prophylaxis,16,0
c.6797G>T,154088810,p.(Gly2266Val),Gly2247Val,Missense,Substitution,25,2247,C2,Light Chain,N,X,,,,Severe,No,,2012,229,,0,2,0,Exon,Late,0,0,1cf3c335-4b1b-4384-a086-f9086b3d07b7,2.7,Asian,Prophylaxis,26,0
c.6800dupT,154088807,p.(Ser2269Ilefs*116),Ser2250Ilefs*116,Frameshift,Duplication,25,2250,C2,Light chain,Y,X,,,,Severe,Not reported,,2021,330,X,0,2,1,Exon,Late,1,2,ab16f925-f634-4133-a8df-d2d9d2bd20f2,8.9,Caucasian,Prophylaxis,97,0
c.6802delinsCT,154088805,p.(Lys2268Leufs*117),Lys2249Leufs*117,Frameshift,Deletion/Insertion,25,2249,C2,Light chain,Y,X,,,,Severe,Not reported,,2018,293,,0,2,1,Exon,Late,1,2,b195a453-2f39-4807-8963-2ab64edd755c,4.4,Black,Prophylaxis,37,0
c.6804_6900+?del,154088707_154088803,,,Large structural change (>50 bp),Deletion,25,,C2,single domain,N,,,,X,Not reported,Yes,,2014,258,,1,,0,Exon,Late,3,,e03c88a4-fe6f-4423-b7a2-67b3ad2ab2d9,6,Caucasian,On-Demand,39,0
c.6804delA,154088803,p.(Lys2268Asnfs*9),Lys2249Asnfs*9,Frameshift,Deletion,25,2249,C2,Light Chain,Y,,X,,,Moderate,No,,2010,207,,0,1,1,Exon,Late,1,1,9ff9f85b-5502-4272-a925-842b03ae4f76,4.8,Hispanic,Prophylaxis,70,0
c.6806C>A,154088801,p.(Ser2269Tyr),Ser2250Tyr,Missense,Substitution,25,2250,C2,Light chain,N,,,X,,Mild,Not reported,,2018,293,,0,0,0,Exon,Late,0,0,b8b7aa0c-cc36-4188-ae5f-dc660affbea4,23.9,Hispanic,On-Demand,115,0
c.6808_6809del,154088798_154088799,p.(Leu2270Alafs*114),Leu2251Alafs*114,Frameshift,Deletion,25,2251,C2,Light chain,N,X,,,,Severe,No,,2010,214,,0,2,1,Exon,Late,1,2,cf13bb3e-92c4-41b8-b610-efd0c112289c,3.3,Asian,Prophylaxis,38,0
c.6814A>C,154088793,p.(Thr2272Pro),Thr2253Pro,Missense,Substitution,25,2253,C2,Light chain,N,,X,,,Moderate,No,,2005,154,,0,1,0,Exon,Late,0,0,79cf018b-f7a8-43b9-88df-a5801045a069,4.8,Caucasian,Prophylaxis,45,0
c.6820A>G,154088787,p.(Met2274Val),Met2255Val,Missense,Substitution,25,2255,C2,Light Chain,N,,,X,,Mild,Not reported,,2016,280,,0,0,0,Exon,Late,0,0,8023a3a3-4c3a-4623-b7c3-e0aeac7f6908,5.1,Black,On-Demand,16,0
c.6821T>A,154088786,p.(Met2274Lys),Met2255Lys,Missense,Substitution,25,2255,C2,Light chain,N,,,,X,Mild/Moderate,No,,2005,152,,0,,0,Exon,Late,0,,05990192-6b3c-4114-ac9b-ef5e5ae7c9f6,17,Black,Prophylaxis,171,0
c.6821T>C,154088786,p.(Met2274Thr),Met2255Thr,Missense,Substitution,25,2255,C2,Light chain,N,,,X,,Mild,No,,2020,319,X,0,0,0,Exon,Late,0,0,9a3c6415-88c7-49bb-9f9e-49f46c7e1e91,14.1,Caucasian,On-Demand,91,0
c.6823T>A,154088784,p.(Tyr2275Asn),Tyr2256Asn,Missense,Substitution,25,2256,C2,Light chain,N,,,X,,Mild,No,,2012,225,,0,0,0,Exon,Late,0,0,a4f496b1-4325-4bf2-a267-9da0452dbb62,14.5,Black,On-Demand,67,0
c.6823T>C,154088784,p.(Tyr2275His),Tyr2256His,Missense,Substitution,25,2256,C2,Light Chain,N,,,X,,Mild,No,,2012,229,,0,0,0,Exon,Late,0,0,2cdb8e10-c71d-4526-bafc-9c59fcb97dbb,2,Caucasian,On-Demand,1,0
c.6825delT,154088782,p.(Tyr2275*),Tyr2256*,Frameshift,Deletion,25,2256,C2,Light chain,N,,X,,,Moderate,Not reported,,2019,316,,0,1,1,Exon,Late,1,1,c6525820-1467-4e9d-aa61-f2347221aa8f,5.8,Caucasian,Prophylaxis,58,0
c.6825T>A,154088782,p.(Tyr2275*),Tyr2256*,Nonsense,Substitution,25,2256,C2,Light chain,N,X,,,,Severe,No,,2007,169,,0,2,1,Exon,Late,4,8,163ae9ae-dcb2-4854-950d-87d8068a5451,7.9,Caucasian,Prophylaxis,75,0
c.6827T>C,154088780,p.(Val2276Ala),Val2257Ala,Missense,Substitution,25,2257,C2,Light chain,N,X,,,,Severe,Yes,,2008,180,,1,2,0,Exon,Late,0,0,8ea98e35-f0f1-4e8e-922c-70a47d2dc389,2.2,Black,Prophylaxis,25,0
c.6828dupG,154088779,p.(Lys2277Glufs*108),Lys2258Glufs*108,Frameshift,Duplication,25,2258,C2,Light chain,N,X,,,,Severe,Not reported,,2016,280,,0,2,1,Exon,Late,1,2,ee5dd85a-c82d-4ad1-a628-5238000d0d89,5.4,Asian,Prophylaxis,49,0
c.6832G>T,154088775,p.(Glu2278*),Glu2259*,Nonsense,Substitution,25,2259,C2,Light chain,N,X,,,,Severe,Not reported,,2018,293,,0,2,1,Exon,Late,4,8,05ce3951-6845-432d-980e-839f32799afc,1.7,Caucasian,Prophylaxis,28,0
c.6835T>A,154088772,p.(Phe2279Ile),Phe2260Ile,Missense,Substitution,25,2260,C2,Light chain,N,,X,,,Moderate,Yes,,1998,85,,1,1,0,Exon,Late,0,0,7a9d3080-5ee1-46a6-a7e3-b3506d113c82,3.9,Caucasian,Prophylaxis,25,1
c.6835T>C,154088772,p.(Phe2279Leu),Phe2260Leu,Missense,Substitution,25,2260,C2,Light chain,N,,,X,,Mild,Not reported,,2016,280,,0,0,0,Exon,Late,0,0,8cd15472-d7b6-4188-b9cf-b5fa9b2808de,17.4,Hispanic,On-Demand,87,0
c.6836T>C,154088771,p.(Phe2279Ser),Phe2260Ser,Missense,Substitution,25,2260,C2,Light chain,N,X,,,,Severe,No,,0,0,,0,2,0,Exon,Late,0,0,5cbd3f8e-8951-457e-8a1a-f42bc975cab0,8.9,Asian,Prophylaxis,82,0
c.6836T>G,154088771,p.(Phe2279Cys),Phe2260Cys,Missense,Substitution,25,2260,C2,Light chain,N,,,,X,Severe,Yes,,1998,93,,1,2,0,Exon,Late,0,0,4c4d8da1-ca96-4279-b651-10abd7e699dc,1.3,Other,Prophylaxis,37,0
c.6837C>A,154088770,p.(Phe2279Leu),Phe2260Leu,Missense,Substitution,25,2260,C2,Light chain,N,,,X,,Mild,Not reported,,2016,280,,0,0,0,Exon,Late,0,0,d2525fa6-cfe4-494d-8282-51497749d363,10.4,Caucasian,On-Demand,60,0
c.6839T>C,154088768,p.(Leu2280Pro),Leu2261Pro,Missense,Substitution,25,2261,C2,Light chain,N,X,,,,Severe,No,,0,0,,0,2,0,Exon,Late,0,0,c13414cc-4622-4613-ae3e-f4ee6cc28936,8.8,Caucasian,Prophylaxis,71,0
c.6842T>C,154088765,p.(Ile2281Thr),Ile2262Thr,Missense,Substitution,25,2262,C2,Light chain,N,X,,,,Severe,No,,1995,66,,0,2,0,Exon,Late,0,0,99a6869d-6681-4732-a803-18e4eda92378,1.9,Caucasian,Prophylaxis,21,0
c.6843delC,154088764,p.(Ser2282Profs*18),Ser2263Profs*18,Frameshift,Deletion,25,2263,C2,Light chain,N,X,,,,Severe,Not reported,,2018,293,,0,2,1,Exon,Late,1,2,d4f6afe5-84f0-4e83-9ec8-eb77decd2d03,2.7,Black,On-Demand,15,0
c.6844T>C,154088763,p.(Ser2282Pro),Ser2263Pro ,Missense,Substitution,25,2263,C2,Light chain,N,X,,,,Severe,Not reported,,2021,330,X,0,2,0,Exon,Late,0,0,1140d5bf-108c-4cf4-b1ca-33bb475d1d9b,3.3,Hispanic,On-Demand,22,0
c.6845C>G,154088762,p.(Ser2282Cys),Ser2263Cys,Missense,Substitution,25,2263,C2,Light chain,N,,,X,,Mild,No,,2017,284,,0,0,0,Exon,Late,0,0,ad34f79e-b740-42d2-a264-0fff33252dc8,27.3,Caucasian,On-Demand,148,0
c.6845C>T,154088762,p.(Ser2282Phe),Ser2263Phe,Missense,Substitution,25,2263,C2,Light chain,N,,,X,,Mild,Not reported,,2013,249,,0,0,0,Exon,Late,0,0,d849e2b2-a373-4861-a068-a723a72d7e04,37.3,Caucasian,On-Demand,182,0
c.6849C>A,154088758,p.(Ser2283Arg),Ser2264Arg,Missense,Substitution,25,2264,C2,Light chain,N,,,X,,Mild,Not reported,,2016,280,,0,0,0,Exon,Late,0,0,34aad47b-111d-4af4-873d-89f0fa26a330,8.1,Asian,On-Demand,41,0
c.6849C>T,154088758,p.(=),0,Synonymous,Substitution,25,2264,C2,Light Chain,N,,,,X,Not reported,Not reported,,2016,280,,0,,0,Exon,Late,2,,b908df91-fd85-406d-a4bf-25581403bf1e,16.3,Caucasian,On-Demand,69,0
c.6850A>C,154088757,p.(Ser2284Arg),Ser2265Arg,Missense,Substitution,25,2265,C2,Light chain,N,,,X,,Mild,No,,2008,180,,0,0,0,Exon,Late,0,0,f0103420-15eb-422c-89ac-af76f052f75d,12.5,Caucasian,On-Demand,51,0
c.6851G>A,154088756,p.(Ser2284Asn),Ser2265Asn,Missense,Substitution,25,2265,C2,Light chain,N,,X,,,Moderate,No,,2013,239,,0,1,0,Exon,Late,0,0,14d631ae-9f28-4dc9-8c9e-cafb4251eb3d,1.3,Black,Prophylaxis,8,0
c.6856_6866del,154088741_154088751,p.(Asp2286Valfs*95),Asp2267Valfs*95,Frameshift,Deletion,25,2267,C2,Light chain,N,,X,,,Severe,No,,2008,177,,0,2,1,Exon,Late,1,2,7cc29ad7-2422-42c9-8097-620f289d0b6e,7.6,Hispanic,Prophylaxis,69,0
c.6857A>G,154088750,p.(Asp2286Gly),Asp2267Gly,Missense,Substitution,25,2267,C2,Light chain,N,,,X,,Mild,No,,2008,188,,0,0,0,Exon,Late,0,0,861e5228-025f-47bd-91ae-69c192c317a7,34.8,Caucasian,On-Demand,165,1
c.6857A>T,154088750,p.(Asp2286Val),Asp2267Val ,Missense,Substitution,25,2267,C2,Light Chain,N,,X,,,Moderate,Not reported,,2016,280,,0,1,0,Exon,Late,0,0,818ef21b-4e9d-4883-91eb-2b4508d06484,1.7,Caucasian,Prophylaxis,20,0
c.6860G>A,154088747,p.(Gly2287Asp),Gly2268Asp,Missense,Substitution,25,2268,C2,Light chain,N,,,X,,Mild,Not reported,,2018,293,,0,0,0,Exon,Late,0,0,edfde042-8a54-4f44-95f5-57304c50f934,33.9,Caucasian,On-Demand,183,0
c.6862delC,154088745,p.(His2288Ilefs*12),His2269Ilefs*12,Frameshift,Deletion,25,2269,C2,Light chain,N,X,,,,Severe,Not reported,,2019,314,,0,2,1,Exon,Late,1,2,e0cee88a-0292-482d-9f3a-7dcb63768ee2,5,Caucasian,Prophylaxis,51,0
c.6865C>T,154088742,p.(Gln2289*),Gln2270*,Nonsense,Substitution,25,2270,C2,Light chain,N,X,,,,Severe,Not reported,,1996,72,,0,2,1,Exon,Late,4,8,38181822-01bf-4d8d-8775-8adb31537330,5.5,Caucasian,Prophylaxis,56,0
c.6868T>C,154088739,p.(Trp2290Arg),Trp2271Arg,Missense,Substitution,25,2271,C2,Light Chain,N,,X,,,Moderate,No,1 stage-2 stage assay discrepancy,2010,213,,0,1,0,Exon,Late,0,0,934da648-9b42-4339-bbd4-b2f83a502447,3.2,Asian,Prophylaxis,36,1
c.6869G>A,154088738,p.(Trp2290*),Trp2271*,Nonsense,Substitution,25,2271,C2,Light chain,N,,X,,,Moderate,Not reported,,2013,249,,0,1,1,Exon,Late,4,4,5cc69315-9246-484a-a785-5348a703d96a,3,Caucasian,Prophylaxis,22,0
c.6869G>T,154088738,p.(Trp2290Leu),Trp2271Leu,Missense,Substitution,25,2271,C2,Light chain,N,,X,,,Moderate,Not reported,,2002,126,,0,1,0,Exon,Late,0,0,59da1027-ee82-415b-a18e-ceef76d8a974,10.2,Caucasian,Prophylaxis,91,0
c.6870G>A,154088737,p.(Trp2290*),Trp2271*,Nonsense,Substitution,25,2271,C2,Light chain,N,X,,,,Severe,Not reported,,1998,86,,0,2,1,Exon,Late,4,8,0b8cf07e-bb99-4d9e-9490-da4dae6b5fdf,1.7,Caucasian,Prophylaxis,15,0
c.6870G>T,154088737,p.(Trp2290Cys),Trp2271Cys,Missense,Substitution,25,2271,C2,Light chain,N,,,,X,Not reported,Not reported,,2011,219,,0,,0,Exon,Late,0,,6da6157f-138b-4fe9-95e8-e5e17a9a8727,19.3,Hispanic,On-Demand,91,0
c.6874C>G,154088733,p.(Leu2292Val),Leu2273Val,Missense,Substitution,25,2273,C2,Light chain,N,X,,,,Severe,Not reported,,2018,293,,0,2,0,Exon,Late,0,0,58ee0297-d7cb-40f8-8282-cca03cee4c08,5.4,Hispanic,Prophylaxis,54,0
c.6876_6877del,154088731_154088732,p.(Phe2294Serfs*90),Phe2275Serfs*90,Frameshift,Deletion,25,2275,C2,Light chain,N,X,,,,Severe,No,,2001,"0, 118",,0,2,1,Exon,Late,1,2,47281ddd-e412-4074-821f-fca111bfb366,3.1,Caucasian,Prophylaxis,41,0
c.6881_6882del,154088725_154088726,p.(Phe2294Serfs*90),Phe2275Serfs*90,Frameshift,Deletion,25,2275,C2,Light chain,N,X,,,,Severe,No,,2003,133,,0,2,1,Exon,Late,1,2,520d9c85-a10c-4c39-83f9-dc9f676723d3,7,Asian,Prophylaxis,79,0
c.6882delT,154088725,p.(Gln2295Argfs*5),Gln2276Argfs*5,Frameshift,Deletion,25,2276,C2,Light Chain,N,,X,,,Moderate/Severe,No,,2001,123,,0,,1,Exon,Late,1,,56e9ee81-fc11-4227-b285-fb1bfe60518a,21,Black,On-Demand,101,0
c.6882dupT,154088725,p.(Gln2295Serfs*90),Gln2276Serfs*90,Frameshift,Duplication,25,2276,C2,Light chain,N,X,,,,Severe,No,,2010,207,,0,2,1,Exon,Late,1,2,a64504e2-28f5-47c9-a62c-0bc7d106a959,6.1,Caucasian,Prophylaxis,60,0
c.6894_6895insAAC,154088712_154088713,p.(Lys2298_Val2299insAsn),Lys2279_Val2280insAsn,"Small structural change (in-frame, <50 bp)",Insertion,25,2279,C2,Light chain,N,X,,,,Severe,Not reported,,2008,183,,0,2,0,Exon,Late,5,10,340170c6-706b-4b1f-892f-bce5c06c2319,5.6,Black,Prophylaxis,58,0
c.6894delA,154088712,p.(Val2299*),Val2280*,Frameshift,Deletion,25,2279,C2,Light chain,N,X,,,,Severe,No,,2016,282,,0,2,1,Exon,Late,1,2,37e7e541-433d-435f-a52a-eccadf480992,2.9,Caucasian,Prophylaxis,40,0
c.6898_6899dup,154088708_154088709,p.(Val2301Argfs*85),Val2282Argfs*85,Frameshift,Duplication,25,2282,C2,Light chain,Y,X,,,,Severe,No,,2012,231,,0,2,1,Exon,Late,1,2,f9ad0024-f492-45d2-b7d4-eded98c622cb,3,Caucasian,Prophylaxis,25,0
c.6900+4189_*3583del,154062289_154084518,,,Large structural change (>50 bp),Deletion,25,,C2,single domain,N,X,,,,Severe,Yes,,2011,221,,1,2,0,Exon,Late,3,6,1ee7d2f2-03f0-4a14-b1f5-324ed4cf1074,2.8,Caucasian,Prophylaxis,11,0
c.6901-6739_6901-6728ins3.8Mb,154072755_154072766,,,Large structural change (>50 bp),Insertion,25,,C2,single domain,N,X,,,,Severe,No,,2019,311,,0,2,0,Exon,Late,3,6,40e79401-8ad2-48b5-ad24-c3734f88a91b,4.5,Hispanic,Prophylaxis,51,0
c.6901-?_7056+?del,154065872_154066027,,,Large structural change (>50 bp),Deletion,26,,C2,single domain,N,X,,,,Severe,No,,1985,1,,0,2,0,Exon,Late,3,6,0a19f061-d795-4f63-b8c5-3b2e1e17261d,3.4,Caucasian,Prophylaxis,32,0
c.6901-?_7056+?dup,154065872_154066027,,,Large structural change (>50 bp),Duplication,26,,C2,single domain,N,X,,,,Severe,Not reported,,2018,293,,0,2,0,Exon,Late,3,6,6e8354c6-80ce-4dd3-acb5-7555942b3a5d,20.9,Asian,Prophylaxis,209,0
c.6902T>G,154066026,p.(Val2301Gly),Val2282Gly,Missense,Substitution,26,2282,C2,Light Chain,N,,,X,,Mild,Not reported,,2017,283,,0,0,0,Exon,Late,0,0,15351905-add9-4665-a0e8-98ebaaf03dcb,10.6,Asian,On-Demand,62,0
c.6904T>G,154066024,p.(Phe2302Val),Phe2283Val,Missense,Substitution,26,2283,C2,Light chain,N,,X,,,Moderate,No,,0,0,,0,1,0,Exon,Late,0,0,c2d32d31-1b3d-43a9-a26f-55e09df365f6,1.8,Caucasian,On-Demand,2,0
c.6905T>C,154066023,p.(Phe2302Ser),Phe2283Ser,Missense,Substitution,26,2283,C2,Light Chain,N,,,,X,Not reported,Not reported,,2010,211,,0,,0,Exon,Late,0,,a3bddaf5-dca6-4f4e-8003-226f9205279f,29.6,Caucasian,On-Demand,137,0
c.6906delT,154066022,p.(Gln2303Argfs*11),Gln2284Argfs*11,Frameshift,Deletion,26,2284,C2,Light chain,N,,,,X,Not reported,Not reported,,2019,309,,0,,1,Exon,Late,1,,4a4b6140-1057-4d93-9e95-52b70b94fbba,2.8,Caucasian,On-Demand,5,0
c.6907C>T,154066021,p.(Gln2303*),Gln2284*,Nonsense,Substitution,26,2284,C2,Light chain,N,X,,,,Severe,Yes,,2008,"177, 183",,1,2,1,Exon,Late,4,8,fca6ee10-10b3-4171-a920-26273e132423,1,Caucasian,Prophylaxis,15,1
c.6907delC,154066021,p.(Gln2303Argfs*11),Gln2284Argfs*11,Frameshift,Deletion,26,2284,C2,Light chain,N,X,,,,Severe,No,,2012,231,,0,2,1,Exon,Late,1,2,0dded0ea-7193-42e6-ab90-8bfcf552095b,5.4,Other,Prophylaxis,64,0
c.6910G>A,154066018,p.(Gln2304Arg),Gln2285Arg,Missense,Substitution,26,2285,C2,Light chain,N,,X,,,Moderate,No,,2006,157,,0,1,0,Exon,Late,0,0,24f825b4-1853-4722-b05e-edc5ed2c00d1,4.2,Black,Prophylaxis,35,0
c.6911G>T,154066017,p.(Gly2304Val),Gly2285Val,Missense,Substitution,26,2285,C2,Light chain,N,,,X,,Mild,Not reported,,1997,80,,0,0,0,Exon,Late,0,0,5b774f34-02fd-4d0b-be55-0dc8ac355dd7,10,Other,On-Demand,39,0
c.6912_6916del,154066012_154066016,p.(Asn2305Argfs*78),Asn2286Argfs*78,Frameshift,Deletion,26,2286,C2,Light chain,Y,X,,,,Severe,Not reported,,1996,72,,0,2,1,Exon,Late,1,2,c1aacd55-20b1-4faa-9dd8-29d73b489ccd,1.4,Hispanic,On-Demand,7,0
c.6915T>G,154066013,p.(Asn2305Lys),Asn2286Lys,Missense,Substitution,26,2286,C2,Light chain,N,,X,X,,Mild/Moderate,Yes,1 stage-2 stage assay discrepancy,2003,"0, 137",,1,,0,Exon,Late,0,,07dae03a-0cd1-490d-8ebb-f9fec37c3cc3,24.3,Asian,On-Demand,128,0
c.6916C>T,154066012,p.(Gln2306*),Gln2287*,Nonsense,Substitution,26,2287,C2,Light chain,N,X,,,,Severe,No,,2022,342,X,0,2,1,Exon,Late,4,8,2a282074-6ace-4941-b7ed-ccb0b4c2848a,1.6,Caucasian,Prophylaxis,16,0
c.6916delC,154066012,p.(Gln2306Lysfs*8),Gln2287Lysfs*8,Frameshift,Deletion,26,2287,C2,Light chain,N,,,,X,Severe,Not reported,,0,0,,0,2,1,Exon,Late,1,2,84f0428e-cdc6-43a4-bd71-d406f6e3344d,2.4,Black,Prophylaxis,33,1
c.6919_6920del,154066008_154066009,p.(Asp2307Leufs*77),Asp2288Leufs*77,Frameshift,Deletion,26,2288,C2,Light chain,Y,X,,,,Severe,No,,2007,169,,0,2,1,Exon,Late,1,2,e268b68d-8762-406f-afd8-bc954e486bf3,1.4,Hispanic,Prophylaxis,19,0
c.6919G>T,154066009,p.(Asp2307Tyr),Asp2288Tyr,Missense,Substitution,26,2288,C2,Light chain,N,,,X,,Mild,Not reported,,2018,293,,0,0,0,Exon,Late,0,0,473c9d31-4821-43d2-a5f2-f182a3037ec1,5,Caucasian,On-Demand,29,0
c.6920A>C,154066008,p.(Asp2307Ala),Asp2288Ala,Missense,Substitution,26,2288,C2,Light chain,N,,X,,,Mild,No,,2001,"116, 123",,0,0,0,Exon,Late,0,0,e07dbec3-3a70-4918-9a36-d2bd67f5fb41,8.2,Caucasian,On-Demand,21,0
c.6923_6925del,154066003_154066005,p.(Ser2308del),Ser2289del,"Small structural change (in-frame, <50 bp)",Deletion,26,2289,C2,Light chain,N,,,X,,Mild,Not reported,,2018,293,,0,0,0,Exon,Late,5,0,5e99a230-31be-4a04-810f-cb6cc3aff346,21.6,Black,On-Demand,113,0
c.6927_6928delinsGATTT,154066000_154066001,p.(Phe2309Thr2310delinsLeuIleSer),Phe2390Thr2391delinsLeuIleSer,"Small structural change (in-frame, <50 bp)",Deletion/Insertion,26,2290,C2,Light chain,N,,,,X,Not reported,Not reported,,2022,345,X,0,,0,Exon,Late,5,,fc61a1d2-8cae-4812-9d9b-e26ee5df8262,2,Caucasian,On-Demand,22,0
c.6928A>C,154066000,p.(Thr2310Pro),Thr2291Pro,Missense,Substitution,26,2291,C2,Light chain,N,,,X,,Mild,No,,2013,239,,0,0,0,Exon,Late,0,0,81c3a7d0-5577-43d0-909e-2dbb13f9168d,16,Black,On-Demand,67,0
c.6929C>T,154065999,p.(Thr2310Ile),Thr2291Ile,Missense,Substitution,26,2291,C2,Light chain,N,,,X,,Mild,No,,2012,231,,0,0,0,Exon,Late,0,0,399f1afb-e4e8-4dda-9cad-18800cc01ef7,20.8,Caucasian,On-Demand,109,0
c.6932C>A,154065996,p.(Pro2311His),Pro2292His,Missense,Substitution,26,2292,C2,Light chain,N,,,X,,Mild,No,,0,0,,0,0,0,Exon,Late,0,0,03cd3a8d-f12d-4dbe-b17a-0faac695c04b,8.2,Caucasian,On-Demand,51,0
c.6940A>T,154065988,p.(Asn2314Tyr),Asn2295Tyr,Missense,Substitution,26,2295,C2,Light chain,N,,,X,,Mild,No,,2008,180,,0,0,0,Exon,Late,0,0,b70ebda3-b144-4489-af07-2b8428a81728,11.5,Black,On-Demand,60,0
c.6944C>T,154065984,p.(Ser2315Phe),Ser2296Phe,Missense,Substitution,26,2296,C2,Light chain,N,,,X,,Mild,Not reported,,2016,280,,0,0,0,Exon,Late,0,0,d9cd7a6e-f26f-427a-a325-2e689d1fc831,18.3,Black,On-Demand,93,0
c.6947dupT,154065981,p.(Asp2317Argfs*68),Asp2298Argfs*68,Frameshift,Duplication,26,2298,C2,Light chain,N,X,,,,Severe,No,,2012,225,,0,2,1,Exon,Late,1,2,3020661c-6634-472c-8efd-99b8ccd76148,10.8,Caucasian,Prophylaxis,110,1
c.6947T>C,154065981,p.(Leu2316Pro),Leu2297Pro,Missense,Substitution,26,2297,C2,Light chain,N,X,,,,Severe,No,,2007,169,,0,2,0,Exon,Late,0,0,0e9001d3-1889-4e98-b7df-1abdbfc40948,4.1,Caucasian,Prophylaxis,55,0
c.6947T>G,154065981,p.(Leu2316Arg),Leu2297Arg,Missense,Substitution,26,2297,C2,Light chain,N,X,,,,Severe,Yes,,2013,240,,1,2,0,Exon,Late,0,0,1be499ca-e3ea-44ad-986a-f4d99ccb4e27,4.4,Caucasian,Prophylaxis,36,0
c.6951C>G,154065977,p.(Asp2317Glu),Asp2298Glu,Missense,Substitution,26,2298,C2,Light chain,N,,X,,,Moderate,No,,2014,"259, 260",,0,1,0,Exon,Late,0,0,fdc2223a-48fd-41bb-8552-d3ea3d6cc401,7.1,Caucasian,On-Demand,35,0
c.6953_6956dup,154065975_154065972,p.(Leu2320Thrfs*66),Leu2301Thrfs*66,Frameshift,Insertion ,26,2301,C2,Light chain,N,X,,,,Severe,No,,2017,288,,0,2,1,Exon,Late,1,2,c2094e23-9a67-4569-ae00-54e71e38c5f9,7.3,Caucasian,Prophylaxis,66,0
c.6953C>T,154065975,p.(Pro2318Leu),Pro2299Leu,Missense,Substitution,26,2299,C2,Light chain,N,,,X,,Mild,Not reported,,2013,249,,0,0,0,Exon,Late,0,0,82e57639-b7bd-4b88-baf9-2b99c5c9c74d,24.8,Caucasian,Prophylaxis,249,0
c.6953delC,154065975,p.(Pro2318Hisfs*4),Pro2299Hisfs*4,Frameshift,Deletion,26,2299,C2,Light chain,N,X,,,,Severe,No,,0,0,,0,2,1,Exon,Late,1,2,24b91659-5569-4d46-8cf5-47c56ed516e6,11.5,Hispanic,Prophylaxis,111,0
c.6955C>T,154065973,p.(Pro2319Ser),Pro2300Ser,Missense,Substitution,26,2300,C2,Light chain,N,,,X,,Mild,Not reported,,1991,39,,0,0,0,Exon,Late,0,0,8418bd34-0bc5-40cf-b16c-eb61f0fbc70d,24.5,Caucasian,On-Demand,127,0
c.6956C>A,154065972,p.(Pro2319Gln),Pro2300Gln,Missense,Substitution,26,2300,C2,Light chain,N,,,X,,Mild,No,,2013,239,,0,0,0,Exon,Late,0,0,ddf20ec0-d457-40ca-ac1c-67cb2d2cf68e,24.3,Black,On-Demand,133,0
c.6956C>G,154065972,p.(Pro2319Arg),Pro2300Arg,Missense,Substitution,26,2300,C2,Light chain,N,X,,,,Severe,Not reported,,2008,"183, 186",,0,2,0,Exon,Late,0,0,423d638f-9a5c-449b-8f1a-247746db0113,6.3,Caucasian,Prophylaxis,66,0
c.6956C>T,154065972,p.(Pro2319Leu),Pro2300Leu,Missense,Substitution,26,2300,C2,Light chain,N,,,X,,Mild,Not reported,,1991,35,,0,0,0,Exon,Late,0,0,4e0c7a17-cb8c-491b-b7be-fdec97bfde64,12.8,Caucasian,On-Demand,60,0
c.6956dupC,154065972,p.(Leu2320Valfs*65),Leu2301Valfs*65,Frameshift,Duplication,26,2301,C2,Light chain,N,X,,,,Severe,Not reported,,2014,256,,0,2,1,Exon,Late,1,2,1e67d542-f3dd-4b60-a3ca-338b81b9dd15,3.7,Caucasian,Prophylaxis,16,0
c.6959T>C,154065969,p.(Leu2320Ser),Leu2301Ser,Missense,Substitution,26,2301,C2,Light chain,N,X,,,,Severe,No,,2007,169,,0,2,0,Exon,Late,0,0,d62a96c1-3add-49e5-9515-7a9e20a7a336,4,Hispanic,Prophylaxis,45,0
c.6963_6966dup,154065962_154065965,p.(Arg2323Aspfs*63),Arg2304Aspfs*63,Frameshift,Duplication,26,2304,C2,Light chain,N,X,,,,Severe,Not reported,,2008,183,,0,2,1,Exon,Late,1,2,b0541b90-92ea-4c01-abfe-c3a993b85a6b,4.7,Black,Prophylaxis,50,0
c.6965C>A,154065963,p.(Thr2322Asn),Thr2303Asn,Missense,Substitution,26,2303,C2,Light Chain,N,,X,,,Moderate,Not reported,,2018,293,,0,1,0,Exon,Late,0,0,f1551ab5-2e61-408c-be59-5a7b4dbab22e,2.3,Hispanic,Prophylaxis,12,0
c.6967C>G,154065961,p.(Arg2323Gly),Arg2304Gly,Missense,Substitution,26,2304,C2,Light chain,N,,,X,,Mild,No,,2000,107,,0,0,0,Exon,Late,0,0,202f5abc-c53d-46d8-bafd-0f5ef0f87929,23.8,Black,On-Demand,111,0
c.6967C>T,154065961,p.(Arg2323Cys),Arg2304Cys,Missense,Substitution,26,2304,C2,Light chain,N,,,,X,Severe,No,,1991,36,,0,2,0,Exon,Late,0,0,10c304ac-b953-4406-9ba0-cce006ee288b,2.9,Asian,Prophylaxis,32,0
c.6968G>A,154065960,p.(Arg2323His),Arg2304His,Missense,Substitution,26,2304,C2,Light chain,N,,,X,,Mild,No,,1995,71,,0,0,0,Exon,Late,0,0,77ea5eb9-3de6-48ae-90cf-9148dc3cf476,22,Caucasian,Prophylaxis,216,0
c.6968G>C,154065960,p.(Arg2323Pro),Arg2304Pro,Missense,Substitution,26,2304,C2,Light Chain,N,X,,,,Severe,No,,2012,232,,0,2,0,Exon,Late,0,0,ff82c4ef-b11e-4251-8d81-c3e47918a1f8,4.9,Caucasian,Prophylaxis,50,0
c.6968G>T,154065960,p.(Arg2323Leu),Arg2304Leu,Missense,Substitution,26,2304,C2,Light chain,N,,X,X,,Mild,No,,2001,123,,0,0,0,Exon,Late,0,0,04eedd1d-3105-47d1-9718-b4c47181ab35,5.6,Caucasian,On-Demand,16,1
c.6969_6978del,154065950_154065959,p.(Tyr2324Phefs*12),Tyr2305Phefs*12,Frameshift,Deletion,26,2305,C2,Light chain,N,X,,,,Severe,No,,2010,205,,0,2,1,Exon,Late,1,2,517b76b7-1748-4b4f-9cc4-6509949ef330,3,Caucasian,On-Demand,9,0
c.6970T>A,154065958,p.(Tyr2324Asn),Tyr2305Asn,Missense,Substitution,26,2305,C2,Light chain,N,,,X,,Mild,No,,2006,158,,0,0,0,Exon,Late,0,0,1c665375-3fc1-41e3-94aa-4b7240d665e8,15.5,Caucasian,On-Demand,88,1
c.6972_6980del,154065948_154065956,p.(Leu2325_Ile2327del),Leu2306_Ile2308del,"Small structural change (in-frame, <50 bp)",Deletion,26,2306-2308,C2,Light Chain,N,X,,,,Severe,No,,2012,233,,0,2,0,Exon,Late,5,10,16086988-37c1-4c3e-8d9f-ce53851c408b,3.7,Asian,Prophylaxis,38,0
c.6972C>A,154065956,p.(Tyr2324*),Tyr2305*,Nonsense,Substitution,26,2305,C2,Light Chain,N,X,,,,Severe,Not reported,,2018,293,,0,2,1,Exon,Late,4,8,7c19a6fd-17f8-44f9-b90e-ab3f86fe4abe,8.5,Caucasian,Prophylaxis,81,0
c.6972C>G,154065956,p.(Tyr2324*),Tyr2305*,Nonsense,Substitution,26,2305,C2,Light Chain,N,X,,,,Severe,Not reported,,2002,126,,0,2,1,Exon,Late,4,8,38220a65-6bf0-4d73-82ad-3c1140d006a2,1.2,Caucasian,On-Demand,19,0
c.6974T>G,154065954,p.(Leu2325Arg),Leu2306Ag,Missense,Substitution,26,2306,C2,Light Chain,N,X,,,,Severe,Not reported,,2018,293,,0,2,0,Exon,Late,0,0,711725a9-9bb9-4a11-8915-140b205d426b,2.4,Caucasian,Prophylaxis,38,0
c.6976C>G,154065952,p.(Arg2326Gly),Arg2307Gly,Missense,Substitution,26,2307,C2,Light chain,N,,X,,,Moderate,No,,1999,101,,0,1,0,Exon,Late,0,0,1b5bbf30-2d2b-4b31-8ec2-42aa9f66d527,9.8,Caucasian,Prophylaxis,91,0
c.6976C>T,154065952,p.(Arg2326*),Arg2307*,Nonsense,Substitution,26,2307,C2,Light chain,N,X,,,,Severe,No,,1985,1,,0,2,1,Exon,Late,4,8,4a1e881b-3c02-4f3a-958c-7588e351acfd,14.3,Asian,On-Demand,59,0
c.6977G>A,154065951,p.(Arg2326Gln),Arg2307Gln,Missense,Substitution,26,2307,C2,Light chain,N,,,X,,Mild,No,1 stage-2 stage assay discrepancy,1986,2,,0,0,0,Exon,Late,0,0,93a695bf-a4e8-4874-ac69-44a0b2488225,19.6,Asian,Prophylaxis,210,0
c.6977G>C,154065951,p.(Arg2326Pro),Arg2307Pro,Missense,Substitution,26,2307,C2,Light chain,N,,,,X,Severe,Not reported,,2001,"114, 118",,0,2,0,Exon,Late,0,0,42fa4b33-b163-4be1-b33b-69c936feb9ef,8.3,Asian,Prophylaxis,93,0
c.6977G>T,154065951,p.(Arg2326Leu),Arg2307Leu,Missense,Substitution,26,2307,C2,Light chain,N,,X,,,Mild,No,,1989,22,,0,0,0,Exon,Late,0,0,7ec89ced-d7f6-4de0-9a72-5c8d1b02c74b,36.3,Caucasian,On-Demand,185,0
c.6980T>A,154065948,p.(Ile2327Asn),Ile2308Asn,Missense,Substitution,26,2308,C2,Light chain,N,X,,,,Severe,No,,2012,225,,0,2,0,Exon,Late,0,0,5b2f1dd4-1716-4141-ab42-0c74a5fc67bf,5.8,Caucasian,Prophylaxis,52,0
c.6980T>C,154065948,p.(Ile2327Thr),Ile2308Thr,Missense,Substitution,26,2308,C2,Light Chain,N,,X,,,Mild,No,,2012,232,,0,0,0,Exon,Late,0,0,2f75b579-f427-4202-ac32-fc6e5dab1e22,24.6,Caucasian,On-Demand,116,0
c.6982C>G,154065946,p.(His2328Asp),His2309Asp,Missense,Substitution,26,2309,C2,Light chain,N,X,,,,Severe,Not reported,,2008,"183, 186",,0,2,0,Exon,Late,0,0,272f2f38-049e-4cc9-a2ef-254c9acc1f94,7.2,Asian,Prophylaxis,74,0
c.6985C>T,154065943,p.(Pro2329Ser),Pro2310Ser,Missense,Substitution,26,2310,C2,Light Chain,N,,,X,,Mild,No,,2010,209,,0,0,0,Exon,Late,0,0,d44228bc-c907-45a0-bc51-c1af676da63c,26.5,Hispanic,On-Demand,133,0
c.6986C>G,154065942,p.(Pro2329Arg),Pro2310Arg,Missense,Substitution,26,2310,C2,Light chain,N,X,,,,Severe,No,,2018,306,,0,2,0,Exon,Late,0,0,5812062a-3f5a-4ec1-b889-d582c898d99d,7.6,Caucasian,Prophylaxis,72,0
c.6986C>T,154065942,p.(Pro2329Leu),Pro2310Leu,Missense,Substitution,26,2310,C2,Light chain,N,X,,,,Severe,No,,2005,151,,0,2,0,Exon,Late,0,0,11d29e82-5589-4d93-893d-fdcb446b0dfb,2.7,Caucasian,On-Demand,1,0
c.6988_6989del,154065939_154065940,p.(Gln2330Glufs*54),Gln2311Glufs*54,Frameshift,Deletion,26,2311,C2,Light chain,N,,,,X,Moderate/Severe,No,,2000,105,,0,,1,Exon,Late,1,,4a9c1fa6-24e7-4953-9f98-881bc9e9fec1,20.3,Caucasian,On-Demand,101,0
c.6988C>T,154065940,p.(Gln2330*),Gln2311*,Nonsense,Substitution,26,2311,C2,Light Chain,N,X,,,,Severe,Yes,,2012,233,,1,2,1,Exon,Late,4,8,901e1ba1-5f49-4ded-9db6-b3db11f2bccf,4,Caucasian,Prophylaxis,37,0
c.6988delC,154065940,p.(Gln2330Argfs*9),Gln2311Argfs*9,Frameshift,Deletion,26,2311,C2,Light chain,N,X,,,,Severe,No,,0,0,,0,2,1,Exon,Late,1,2,1b8403f9-a547-42b3-955f-5bcad494d53b,4.3,Caucasian,Prophylaxis,38,0
c.6988dupC,154065940,p.(Gln2330Profs*32),Gln2311Profs*32,Frameshift,Duplication,26,2311,C2,Light chain,N,,,,X,Not reported,Not reported,,2021,332,X,0,,1,Exon,Late,1,,6cc17b3a-6cbe-40ba-a8a5-2126c8df47ec,5.3,Caucasian,Prophylaxis,42,0
c.6989A>C,154065939,p.(Gln2330Pro),Gln2311Pro,Missense,Substitution,26,2311,C2,Light chain,N,X,,,,Severe,No,,2002,"127, 128",,0,2,0,Exon,Late,0,0,6939e563-6a29-4e41-8172-009d240667f7,5.8,Hispanic,Prophylaxis,37,0
c.6994dupT,154065934,p.(Trp2332Leufs*53),Trp2313Leufs*53,Frameshift,Duplication,26,2313,C2,Light chain,N,X,,,,Severe,Not reported,,2018,293,,0,2,1,Exon,Late,1,2,04e325eb-11cf-479e-aab9-66dee136e104,6.1,Black,Prophylaxis,62,0
c.6994T>C,154065934,p.(Trp2332Arg),Trp2313Arg,Missense,Substitution,26,2313,C2,Light chain,N,X,X,,,Moderate/Severe,No,,2000,"0, 111",,0,,0,Exon,Late,0,,3d63160e-9d06-4579-ab52-4e8450238318,11.8,Caucasian,Prophylaxis,112,1
c.6994T>G,154065934,p.(Trp2332Gly),Trp2313Gly,Missense,Substitution,26,2313,C2,Light chain,N,,,X,,Mild,No,,2010,203,,0,0,0,Exon,Late,0,0,a9e175e7-5f34-4bb8-ab17-50abd5068637,4.6,Black,On-Demand,27,0
c.6995G>A,154065933,p.(Trp2332*),Trp2313*,Nonsense,Substitution,26,2313,C2,Light chain,N,,X,,,Moderate,No,,2005,154,,0,1,1,Exon,Late,4,4,c41ccc9c-0e2a-4bca-a19d-92bd202d5c34,3.4,Hispanic,Prophylaxis,34,0
c.6995G>C,154065933,p.(Trp2332Ser),Trp2313Ser,Missense,Substitution,26,2313,C2,Light chain,N,,X,,,Moderate,Not reported,,2008,"183, 185",,0,1,0,Exon,Late,0,0,c313f32b-3fed-463f-8dbb-f3a8738d6335,5.2,Black,Prophylaxis,64,1
c.6996G>A,154065932,p.(Trp2332*),Trp2313*,Nonsense,Substitution,26,2313,C2,Light chain,N,X,,,,Severe,No,,1997,82,,0,2,1,Exon,Late,4,8,5bb7d589-7701-4e59-9f5c-01c9b817438e,2.5,Caucasian,Prophylaxis,28,0
c.6997delG,154065931,p.(Val2333Cysfs*6),Val2314Cysfs*6,Frameshift,Deletion,26,2314,C2,Light chain,N,,,,X,Moderate/Severe,No,,2000,105,,0,,1,Exon,Late,1,,ea299285-79f2-4abf-99a3-6565d80f7402,19.6,Caucasian,Prophylaxis,189,0
c.7001A>C,154065927,p.(His2334Pro),His2315Pro,Missense,Substitution,26,2315,C2,Light chain,N,,,X,,Mild,Not reported,,2016,280,,0,0,0,Exon,Late,0,0,bf51cc0b-106f-4918-8dcd-7096f752f49b,21.3,Caucasian,On-Demand,134,0
c.7003C>T,154065925,p.(Gln2335*),Gln2316*,Nonsense,Substitution,26,2316,C2,Light chain,N,X,,,,Severe,No,,2011,218,,0,2,1,Exon,Late,4,8,10a9473d-6fdc-4742-ab44-e48e5718f069,8.3,Hispanic,Prophylaxis,105,0
c.7006A>T,154065922,p.(Ile2336Phe),Ile2317Phe,Missense,Substitution,26,2317,C2,Light chain,N,,X,,,Moderate,No,,2008,188,,0,1,0,Exon,Late,0,0,5276893a-fca9-46d0-8966-be5bbaa48efa,4.1,Other,Prophylaxis,40,0
c.7006dupA,154065922,p.(Ile2336Asnfs*49),Ile2336Asnfs*49,Frameshift,Duplication,26,2317,C2,Light chain,N,,,,X,Not reported,Not reported,,2013,249,,0,,1,Exon,Late,1,,3c0abe1a-1ba5-4eea-8a76-6571eb3a5031,17.8,Caucasian,On-Demand,101,0
c.7012delC,154065916,p.(Leu2338*),Leu2319*,Frameshift,Deletion,26,2319,C2,Light chain,N,,,,X,Severe,Not reported,,2002,129,,0,2,1,Exon,Late,1,2,a64cdfd7-ef62-46e6-8daa-56433a3346cb,1.5,Caucasian,Prophylaxis,25,1
c.7013delT,154065915,p.(Leu2238Argfs*42),Leu2319Arg*fs42,Frameshift,Deletion,26,2319,C2,Light chain,N,,X,,,Moderate,No,,2020,320,X,0,1,1,Exon,Late,1,1,65827410-205c-44b0-9377-18827719d09a,0.8,Caucasian,Prophylaxis,5,0
c.7013T>C,154065915,p.(Leu2338Pro),Leu2319Pro,Missense,Substitution,26,2319,C2,Light chain,N,X,,,,Severe,Yes,,2020,319,X,1,2,0,Exon,Late,0,0,073a5bbd-ded4-4d25-b0cb-1931576f2b55,2.8,Caucasian,Prophylaxis,32,0
c.7015A>T,154065913,p.(Arg2339Trp),Arg2320Trp,Missense,Substitution,26,2320,C2,Light chain,N,X,,,,Severe,No,,2008,"180, 183",,0,2,0,Exon,Late,0,0,a71da4b6-5cd6-4409-b6cf-d4e04bb09099,5.5,Asian,Prophylaxis,33,1
c.7016G>C,154065912,p.(Arg2339Thr),Arg2320Thr,Missense,Substitution,26,2320,C2,Light chain,N,,X,,,Moderate,No,,2000,107,,0,1,0,Exon,Late,0,0,6b6ce0c1-201f-4102-b08c-3a407675d5e6,5,Caucasian,Prophylaxis,48,1
c.7016G>T,154065912,p.(Arg2339Met),Arg2320Met,Missense,Substitution,26,2320,C2,Light chain,N,,,X,,Moderate,No,,0,0,,0,1,0,Exon,Late,0,0,ae037f10-a2bf-4b01-a412-660b6d33f19a,3.2,Asian,On-Demand,15,0
c.7017G>T,154065911,p.(Arg2339Ser),Arg2320Ser,Missense,Substitution,26,2320,C2,Light chain,N,,,X,,Mild,Not reported,,2013,249,,0,0,0,Exon,Late,0,0,ac9c2251-fb8e-475b-b385-1f559acadca0,14.8,Other,On-Demand,73,1
c.7021G>A,154065907,p.(Glu2341Lys),Glu2322Lys,Missense,Substitution,26,2322,C2,Light chain,N,X,,,,Severe,No,,2008,180,,0,2,0,Exon,Late,0,0,326eb36f-e999-477a-a511-329351c648ff,5.1,Black,Prophylaxis,67,0
c.7021G>C,154065907,p.(Glu2341Gln),Glu2322Gln,Missense,Substitution,26,2322,C2,Light chain,N,X,,,,Severe,No,,2021,334,X,0,2,0,Exon,Late,0,0,9f4d1f25-8ac0-459f-a371-22ce730b8ad4,2.2,Hispanic,Prophylaxis,25,0
c.7021G>T,154065907,p.(Glu2341*),Glu2322*,Nonsense,Substitution,26,2322,C2,Light chain,N,X,,,,Severe,No,,2010,207,,0,2,1,Exon,Late,4,8,3aa7181a-7b46-4694-a4f5-9afb5abefe89,2.3,Caucasian,Prophylaxis,39,0
c.7022A>G,154065906,p.(Glu2341Gly),Glu2322Gly,Missense,Substitution,26,2322,C2,Light Chain,N,,X,,,Moderate,Not reported,,2010,211,,0,1,0,Exon,Late,0,0,48470357-ff7a-4da5-994a-14bfa0f64643,2.9,Caucasian,Prophylaxis,23,0
c.7028T>C,154065900,p.(Leu2343Pro),Leu2324Pro,Missense,Substitution,26,2324,C2,Light chain,N,,,,X,Mild/Moderate,No,,2005,152,,0,,0,Exon,Late,0,,f6dbee81-8b49-4e01-9ff0-6ca3f46fc31c,27.6,Asian,Prophylaxis,295,1
c.7030G>A,154065898,p.(Gly2344Ser),Gly2325Ser,Missense,Substitution,26,2325,C2,Light chain,N,X,,,,Severe,Not reported,Potential splice reported deleterious in ref. 253,1996,72,,0,2,0,Exon,Late,0,0,374e6513-c00e-4a3a-85f8-4d6e219de04f,2.6,Caucasian,Prophylaxis,37,0
c.7030G>C,154065898,p.(Gly2344Arg),Gly2325Arg,Missense,Substitution,26,2325,C2,Light chain,N,,,,X,Not reported,No,,2012,231,,0,,0,Exon,Late,0,,52994a37-2c5f-46e1-8bbb-491c3cfa8db2,27.1,Caucasian,On-Demand,143,0
c.7030G>T,154065898,p.(Gly2344Cys),Gly2325Cys,Missense,Substitution,26,2325,C2,Light chain,N,,X,,,Moderate,Not reported,,2000,104,,0,1,0,Exon,Late,0,0,7ecc2e88-ff78-40df-82de-64de7474c44c,2.2,Caucasian,Prophylaxis,38,0
c.7031delG,154065897,p.(Gly2344Alafs*42),Gly2325Alafs*42,Frameshift,Deletion,26,2325,C2,Light chain,N,X,,,,Severe,Not reported,,2021,333,X,0,2,1,Exon,Late,1,2,952afa86-bd87-410c-9940-cadb05c27d31,1,Caucasian,On-Demand,1,0
c.7031G>A,154065897,p.(Gly2344Asp),Gly2325Asp,Missense,Substitution,26,2325,C2,Light chain,N,X,,,,Severe,Not reported,,0,0,,0,2,0,Exon,Late,0,0,33ff8bc7-a393-4fa3-83a4-aa2e8315a36f,4,Asian,Prophylaxis,33,0
c.7031G>C,154065897,p.(Gly2344Ala),Gly2325Ala,Missense,Substitution,26,2325,C2,Light chain,N,,,X,,Mild,No,,2007,161,,0,0,0,Exon,Late,0,0,e1db5205-4042-4e4c-b2ac-ba426ebc5a9e,19.6,Black,On-Demand,100,0
c.7033T>C,154065895,p.(Cys2345Arg),Cys2326Arg,Missense,Substitution,26,2326,C2,Light chain,N,,,,X,Not Reported,Not reported,,2010,200,,0,,0,Exon,Late,0,,89a8c1aa-5592-4603-8934-32900ea5c8e0,18.1,Asian,On-Demand,82,1
c.7034G>A,154065894,p.(Cys2345Tyr),Cys2326Tyr,Missense,Substitution,26,2326,C2,Light chain,N,X,,,,Severe,Not reported,,2002,126,,0,2,0,Exon,Late,0,0,7028d642-5c55-426d-8a0b-cf53dec25bb7,4.6,Caucasian,Prophylaxis,46,0
c.7034G>C,154065894,p.(Cys2345Ser),Cys2326Ser,Missense,Substitution,26,2326,C2,Light chain,N,,,,,Severe,No,,2003,136,,0,2,0,Exon,Late,0,0,13b425c3-4e08-4e30-a34f-aec5091da14b,10.1,Caucasian,Prophylaxis,109,0
c.7034G>T,154065894,p.(Cys2345Phe),Cys2326Phe,Missense,Substitution,26,2326,C2,Light chain,N,X,,,,Severe,Not reported,,2016,280,,0,2,0,Exon,Late,0,0,a36d425c-dade-459b-8e69-8b8469b20a37,7.3,Asian,Prophylaxis,79,0
c.7035C>A,154065893,p.(Cys2345*),Cys2326*,Nonsense,Substitution,26,2326,C2,Light chain,N,,,,,Severe,No,,2006,158,,0,2,1,Exon,Late,4,8,f5a60a24-3d26-4c90-9263-7470221cc2df,4.4,Asian,Prophylaxis,50,0
c.7035C>G,154065893,p.(Cys2345Trp),Cys2326Trp,Missense,Substitution,26,2326,C2,Light chain,N,,,,,Severe,No,,2006,158,,0,2,0,Exon,Late,0,0,178e71d6-2e5d-4b1a-8012-442aa05e4631,3.2,Other,Prophylaxis,34,0
c.7054delT,154065874,p.(*2352Gluext*42),*2333Gluext*42,Frameshift,Deletion,26,2333,C2,Light chain,N,,,X,,Mild,Not reported,Loss of termination signal,0,0,,0,0,1,Exon,Late,1,0,a2d15a9c-13ab-4490-82f3-1b9e7cc4e70a,27.4,Caucasian,Prophylaxis,282,0
c.7054T>A,154065874,p.(*2352Argext*34),*2333Argext*34,Frameshift,Substitution,26,2333,C2,Light Chain,N,,,X,,Mild,No,,2012,235,,0,0,1,Exon,Late,1,0,9cc82cd9-17b7-43c5-a494-37174ede8872,16,Hispanic,On-Demand,71,0
c.-171-?_265+?del,154227754_154250998,,,Large structural change (>50 bp),Deletion,01-Feb,,A1,single domain,N,,,,X,Severe,Yes,,2009,197,,1,2,0,Exon,Unknown,3,6,0b7f1722-d094-4c96-85bc-1b7e38a4f3a3,7.3,Caucasian,Prophylaxis,86,1
c.-171-?_601+?del,154221211_154250998,,,Large structural change (>50 bp),Deletion,01-Apr,,,multiple domains,N,X,,,,Severe,Yes,,2011,220,,1,2,0,Exon,Unknown,3,6,1f1ccc11-1a2b-43a3-bf6c-3f78a7d3fc36,1.2,Asian,Prophylaxis,17,0
c.-171-?_670+?del,154215512_154250998,,,Large structural change (>50 bp),Deletion,01-May,,A1,single domain,N,X,,,,Severe,No,,1989,21,,0,2,0,Exon,Unknown,3,6,baa2d313-127c-4067-91d6-cf6f4bb22fbb,4.7,Caucasian,Prophylaxis,48,0
c.-171-?_670+?dup,154215512_154250998,,,Large structural change (>50 bp),Duplication,01-May,,A1,single domain,N,X,,,,Severe,No,,2008,184,,0,2,0,Exon,Unknown,3,6,fb78e3a4-c9f8-4d00-81c4-2397657a05e8,2.2,Caucasian,Prophylaxis,21,1
c.-171-?_787+?del,154212962_154250998,,,Large structural change (>50 bp),Deletion,01-Jun,,A1,single domain,N,X,,,,Severe,Yes,,1990,30,,1,2,0,Exon,Unknown,3,6,1b6eaa9e-ba2f-4874-8681-71d99ee62452,1,Caucasian,On-Demand,3,0
c.-171-?_1009+?del,154197606_154250998,,,Large structural change (>50 bp),Deletion,01-Jul,,,multiple domains,N,X,,,,Severe,No,,0,0,,0,2,0,Exon,Unknown,3,6,94d990f4-7549-4f33-9940-54ae7ab1026d,2.3,Black,Prophylaxis,29,0
c.-171-?_1271+?del,154194701_154250998,,,Large structural change (>50 bp),Deletion,01-Aug,,,multiple domains,N,X,,,,Severe,Yes,,0,0,,1,2,0,Exon,Unknown,3,6,650c29d8-7868-49f9-9e62-a53f5354083d,2.4,Hispanic,Prophylaxis,35,0
c.-171-?_1443+?del,154194245_154250998,,,Large structural change (>50 bp),Deletion,01-Sep,,,multiple domains,N,X,,,,Severe,Yes,,2010,212,,1,2,0,Exon,Unknown,3,6,a305a264-b52b-4fd2-8278-71b8e02dd623,9.5,Asian,On-Demand,58,1
c.-171-?_2113+?del,154175973_154250998,,,Large structural change (>50 bp),Deletion,Jan-13,,,multiple domains,N,X,,,,Severe,Yes,,2010,212,,1,2,0,Exon,Unknown,3,6,753a30c9-58ae-4d47-adb1-0715db83a2cd,1.6,Asian,Prophylaxis,19,1
c.-171-?_5219+?del,154156846_154250998,,,Large structural change (>50 bp),Deletion,Jan-14,,,multiple domains,N,X,,,,Severe,Not reported,,2002,126,,0,2,0,Exon,Unknown,3,6,360ff99f-28c2-41ab-8618-0d0e3c433a7d,3.5,Black,Prophylaxis,27,1
c.-171-?_6429+?del,154124352_154250998,,,Large structural change (>50 bp),Deletion,Jan-22,,,multiple domains,N,,,,X,Not reported,Not reported,,0,0,,0,,0,Exon,Unknown,3,,20ad9506-a883-4f0b-b6cb-03e44fbd7251,29.6,Asian,On-Demand,145,0
c.-171-?_6429+?dup,154124352_154250998,,,Large structural change (>50 bp),Duplication,Jan-22,,,multiple domains,N,X,,,,Severe,No,,2013,244,,0,2,0,Exon,Unknown,3,6,2a939ac9-7b34-4664-aa20-dd567cc04234,4.9,Hispanic,Prophylaxis,49,0
c.-170-?_6900+?del,154250997_154088707,,,Large structural change (>50 bp),Deletion,Jan-25,,,multiple domains,N,X,,,,Severe,Yes,,2018,297,,1,2,0,Exon,Unknown,3,6,27299448-b05b-4d29-9f30-a9a66df5fdd9,3.2,Asian,Prophylaxis,28,0
c.-171-?_7056+?del,154065872_154250998,,,Large structural change (>50 bp),Deletion,Jan-26,,,multiple domains,N,X,,,,Severe,Yes,,1990,26,,1,2,0,Exon,Unknown,3,6,f6b7ffad-7022-477f-871a-3e246e4b05bf,1.6,Caucasian,Prophylaxis,1,0
c.-171-?_7056+?dup,154065872_154250998,,,Large structural change (>50 bp),Duplication,Jan-26,,,multiple domains,N,X,,,,Severe,No,,2018,300,,0,2,0,Exon,Unknown,3,6,7a9d3459-505e-48a7-aba5-e7c1c6fd20a5,1.6,Black,Prophylaxis,9,0
c.144-?_388+?del,154225248_154227875,,,Large structural change (>50 bp),Deletion,02-Mar,,A1,single domain,N,,,,X,Severe,No,,1988,9,,0,2,0,Exon,Unknown,3,6,a8399445-f13c-44a1-9daf-d7ec29eaf4de,8.5,Black,Prophylaxis,78,0
c.144-?_601+?del,154221211_154227875,,,Large structural change (>50 bp),Deletion,02-Apr,,A1,single domain,N,X,,,,Severe,Yes,,1993,"0, 56",,1,2,0,Exon,Unknown,3,6,6cf2cc08-0c33-483b-9e4c-d4325fb351dd,13.2,Black,Prophylaxis,128,1
c.144-?_601+?dup,154221211_154227875,,,Large structural change (>50 bp),Duplication,02-Apr,,A1,single domain,N,X,,,,Severe,Not reported,,2016,280,,0,2,0,Exon,Unknown,3,6,f6db8f2e-ee99-406d-95d5-46d1d6a35328,5.7,Asian,Prophylaxis,74,0
c.144-?_670+?del,154215512_154227875,,,Large structural change (>50 bp),Deletion,02-May,,A1,single domain,N,X,,,,Severe,No,,2005,154,,0,2,0,Exon,Unknown,3,6,d5a7bea9-f667-42f9-ba43-fb3e33c89279,5.4,Caucasian,Prophylaxis,53,0
c.144-?_787+?del,154212962_154227875,,,Large structural change (>50 bp),Deletion,02-Jun,,A1,single domain,N,X,,,,Severe,Not reported,,2008,"183, 186",,0,2,0,Exon,Unknown,3,6,6ee168ea-e1d2-4e00-a976-58ca6dee71ac,2.5,Asian,Prophylaxis,34,0
c.144-?_787+?dup,154212962_154227875,,,Large structural change (>50 bp),Duplication,02-Jun,,A1,single domain,N,X,,,,Severe,No,,2012,231,,0,2,0,Exon,Unknown,3,6,3899722e-5c0c-4540-968e-7e6939515432,6.6,Caucasian,Prophylaxis,53,0
c.144-413_788-2997del,154200824_154228288,p.(Phe49Serfs*21),Phe30Serfs*21,Large structural change (>50 bp),Deletion,02-Jun,,A1,single domain,N,X,,,,Severe,No,,2013,252,,0,2,0,Exon,Unknown,3,6,4f113d78-3d9c-4f28-8a7c-35b429a3368c,4,Black,Prophylaxis,34,0
c.144-?_1009+?del,154197606_154227875,,,Large structural change (>50 bp),Deletion,02-Jul,,,multiple domains,N,X,,,,Severe,Not reported,,2010,211,,0,2,0,Exon,Unknown,3,6,af202237-1053-498b-81c1-430860aa7db4,10.4,Caucasian,Prophylaxis,97,1
c.144-?_1271+?del,154194701_154227875,,,Large structural change (>50 bp),Deletion,02-Aug,,,multiple domains,N,,X,,,Moderate,Yes,,2008,178,,1,1,0,Exon,Unknown,3,3,62421357-23c5-4d59-ae1c-a00ed3b2cb0d,6,Caucasian,Prophylaxis,64,0
c.144-?_1443+?del,154194245_154227875,,,Large structural change (>50 bp),Deletion,02-Sep,,,multiple domains,N,X,,,,Severe,Yes,,2005,154,,1,2,0,Exon,Unknown,3,6,00bafa83-de69-4850-85c2-82ab7fc4b015,3.3,Black,Prophylaxis,40,0
c.144-?_1537+?del,154189350_154227875,,,Large structural change (>50 bp),Deletion,02-Oct,,,multiple domains,N,X,,,,Severe,Not reported,,2018,293,,0,2,0,Exon,Unknown,3,6,d612520c-54d9-422c-9997-d11e6713507e,1.8,Caucasian,On-Demand,16,0
c.144-?_1537+?dup,154189350_154227875,,,Large structural change (>50 bp),Duplication,02-Oct,,,multiple domains,N,X,,,,Severe,Not reported,,2012,236,,0,2,0,Exon,Unknown,3,6,08bd3147-ce7a-4471-8b08-c100e747eda6,2.9,Black,Prophylaxis,15,0
c.144-?_1752+?del,154185232_154227875,,,Large structural change (>50 bp),Deletion,02-Nov,,,multiple domains,N,X,,,,Severe,Yes,,2014,258,,1,2,0,Exon,Unknown,3,6,231a3abc-017d-41d0-a6d4-ace1735089a4,5.4,Asian,Prophylaxis,77,0
c.144-?_1903+?del,154182167_154227875,,,Large structural change (>50 bp),Deletion,02-Dec,,,multiple domains,N,X,,,,Severe,Not reported,,2007,169,,0,2,0,Exon,Unknown,3,6,42d5bd20-f15a-47a9-87ab-c38f6ba51d69,3.8,Black,Prophylaxis,46,0
c.144-5305_1904-1676del,154177858_154233180,p.(Phe49Hisfs*7),Phe30Hisfs*7,Large structural change (>50 bp),Deletion,02-Dec,,,multiple domains,N,X,,,,Severe,Yes,,2013,252,,1,2,0,Exon,Unknown,3,6,812e8a19-28a6-4ba7-93df-36c237ee3202,5.8,Asian,Prophylaxis,53,1
c.144-?_2113+?del,154175973_154227875,,,Large structural change (>50 bp),Deletion,Feb-13,,,multiple domains,N,X,,,,Severe,Yes,,2008,180,,1,2,0,Exon,Unknown,3,6,e701c413-399e-4724-833a-5bafe3974cc7,3.2,Caucasian,Prophylaxis,34,0
c.144-?_5219+?dup,154156846_154227875,,,Large structural change (>50 bp),Duplication,Feb-14,,,multiple domains,N,X,,,,Severe,Yes,,2012,231,,1,2,0,Exon,Unknown,3,6,b7d0c505-1a5c-4b17-abac-62140c625fdf,13,Hispanic,Prophylaxis,133,0
c.144-?_6429+?del,154124352_154227875,,,Large structural change (>50 bp),Deletion,Feb-22,,,multiple domains,N,X,,,,Severe,Yes,,2008,175,,1,2,0,Exon,Unknown,3,6,a2dbea73-0bb5-41e7-a568-5514a3e49533,4.2,Caucasian,Prophylaxis,41,1
c.144-?_6429+?dup,154124352_154227875,,,Large structural change (>50 bp),Duplication,Feb-22,,,multiple domains,N,X,,,,Severe,Not reported,,2016,280,,0,2,0,Exon,Unknown,3,6,d7fca8d2-eec4-41d5-978c-a92fddfe4c29,6,Other,Prophylaxis,67,0
c.144-?_6900+?del,154088707_154227875,,,Large structural change (>50 bp),Deletion,Feb-25,,,multiple domains,N,,,,X,Severe,Yes,,2000,111,,1,2,0,Exon,Unknown,3,6,5b6fa3b0-7f66-4794-bb14-ac229c72e959,7.6,Caucasian,Prophylaxis,72,0
c.144-?_6900+?dup,154088707_154227875,,,Large structural change (>50 bp),Duplication,Feb-25,,,multiple domains,N,X,,,,Severe,No,,2008,184,,0,2,0,Exon,Unknown,3,6,0e758f94-0622-4e05-8133-43e1d67f839a,1.9,Hispanic,Prophylaxis,12,0
c.266-?_601+?del,154221211_154225370,,,Large structural change (>50 bp),Deletion,03-Apr,,A1,single domain,N,X,,,,Severe,Not reported,,2002,126,,0,2,0,Exon,Unknown,3,6,63f0045c-b06f-49de-8fc3-69137e044ccc,2.1,Caucasian,On-Demand,5,0
c.266-?_670+?del,154215512_154225370,,,Large structural change (>50 bp),Deletion,03-May,,A1,single domain,N,X,,,,Severe,No,,1990,30,,0,2,0,Exon,Unknown,3,6,cb886fc5-f299-47c2-8b83-d529045496a2,8.8,Black,Prophylaxis,93,1
c.266-?_787+?del,154212962_154225370,,,Large structural change (>50 bp),Deletion,03-Jun,,A1,single domain,N,X,,,,Severe,Not reported,,2016,280,,0,2,0,Exon,Unknown,3,6,d3d5a77f-4113-4f74-ad17-79a4375f840f,9.4,Asian,Prophylaxis,86,0
c.266-?_1537+?del,154189350_154225370,,,Large structural change (>50 bp),Deletion,03-Oct,,,multiple domains,N,X,,,,Severe,Yes,,2022,348,X,1,2,0,Exon,Unknown,3,6,618a9aa5-d818-40ab-8a25-ff0b211e4a08,3.8,Hispanic,Prophylaxis,27,0
c.266-?_2113+?del,154175973_154225370,,,Large structural change (>50 bp),Deletion,Mar-13,,,multiple domains,N,X,,,,Severe,Yes,,1988,"9, 14",,1,2,0,Exon,Unknown,3,6,b342c9cc-4ede-426c-b246-48206a241640,1.7,Caucasian,Prophylaxis,14,0
c.266-?_*1788+?dup,154064084_154225370,,,Large structural change (>50 bp),Duplication,Mar-26,,,multiple domains,N,X,,,,Severe,No,,2020,324,X,0,2,0,Exon,Unknown,3,6,46373643-4394-4dad-9da2-78af85283c53,1.4,Caucasian,On-Demand,19,1
c.266-?_7056+?del,154065872_154225370,,,Large structural change (>50 bp),Deletion,Mar-26,,,multiple domains,N,X,,,,Severe,Not reported,,2007,169,,0,2,0,Exon,Unknown,3,6,982e837a-bc58-4be3-b24e-cd057ecff528,0.8,Caucasian,On-Demand,1,0
c.389-?_670+?del,154215512_154221423,,,Large structural change (>50 bp),Deletion,04-May,,A1,single domain,N,,X,,,Moderate,Not reported,,2008,180,,0,1,0,Exon,Unknown,3,3,a20ac483-9d88-4cf4-bc84-0a54a394f7bc,6.3,Caucasian,Prophylaxis,61,0
c.389-?_787+?del,154212962_154221423,,,Large structural change (>50 bp),Deletion,04-Jun,,A1,single domain,N,,X,,,Moderate,No,,2008,180,,0,1,0,Exon,Unknown,3,3,1c0d43d7-f05a-414c-9d57-275262d0519c,2.1,Caucasian,Prophylaxis,13,0
c.388+1656_1010-945del,154195907_154223592,p.(Gly130_His336del),Gly111_His317del,Large structural change (>50 bp),Deletion,04-Jul,,,multiple domains,N,X,,,,Severe,Yes,,2013,252,,1,2,0,Exon,Unknown,3,6,31ac43a3-eb3e-4b3e-b982-cfdcb2974bf5,3,Black,Prophylaxis,28,0
c.389-?_1009+?del,154197606_154221423,,111-317del,Large structural change (>50 bp),Deletion,04-Jul,,,multiple domains,N,X,,,,Severe,Yes,,2000,110,,1,2,0,Exon,Unknown,3,6,70af4044-aca7-40f1-b0c5-ac0d9cd9b9a9,3.4,Asian,Prophylaxis,27,0
c.[338+3485delins1687+2223_1687+2225;338+3551_1687+2291del],154189350_154221423,,,Large structural change (>50 bp),Deletion/Insertion,04-Oct,,,multiple domains,N,X,,,,Severe,Yes,,2004,144,,1,2,0,Exon,Unknown,3,6,815dfd2e-aa14-428d-a141-f1a452bbbe4f,2.2,Hispanic,On-Demand,6,0
c.389-?_1537+?del,154189350_154221423,,,Large structural change (>50 bp),Deletion,04-Oct,,,multiple domains,N,X,,,,Severe,Yes,,1993,56,,1,2,0,Exon,Unknown,3,6,3403c969-98b0-433c-86c6-8d2f6de87b44,6.7,Black,Prophylaxis,76,0
c.389-?_2113+?del,154175973_154221423,,,Large structural change (>50 bp),Deletion,Apr-13,,,multiple domains,N,X,,,,Severe,Yes,,2022,348,X,1,2,0,Exon,Unknown,3,6,9a5d746d-7142-4285-b98f-358547b6c6b9,1.3,Caucasian,On-Demand,19,0
c.389-?_6273+?del,154128141_154221423,,,Large structural change (>50 bp),Deletion,Apr-21,,,multiple domains,N,X,,,,Severe,Yes,,0,0,,1,2,0,Exon,Unknown,3,6,94ab6545-4da5-47c6-b9cb-daf1e14274c4,3.3,Hispanic,Prophylaxis,23,0
c.389-?_6429+?del,154124352_154221423,,,Large structural change (>50 bp),Deletion,Apr-22,,,multiple domains,N,X,,,,Severe,Yes,,2016,282,,1,2,0,Exon,Unknown,3,6,24ef8d15-f627-46c2-a74d-4c5cd374d45b,6.5,Caucasian,Prophylaxis,67,1
c.389-?_6429+?dup,154124352_154221423,,,Large structural change (>50 bp),Duplication,Apr-22,,,multiple domains,N,X,,,,Severe,Not reported,,2016,280,,0,2,0,Exon,Unknown,3,6,a93cc192-6d25-4a9b-aaaa-618f9512088e,4.9,Caucasian,Prophylaxis,47,0
c.389-?_6900+?del,154088707_154221423,,,Large structural change (>50 bp),Deletion,Apr-25,,,multiple domains,N,X,,,,Severe,No,,1988,"9, 14",,0,2,0,Exon,Unknown,3,6,019c942a-f6f3-4a42-988f-c939365c9230,4.6,Caucasian,On-Demand,25,0
c.602-?_787+?del,154212962_154215580,,,Large structural change (>50 bp),Deletion,05-Jun,,A1,single domain,N,,,,X,Severe,Not reported,,1989,20,,0,2,0,Exon,Unknown,3,6,d3e1bab8-a18b-472d-aa27-e9bdd5c93f29,2.4,Caucasian,Prophylaxis,27,0
c.602-2485_787+2510del,,p.(Gly201_Pro262del),Gly182_Pro243de;,Large structural change (>50 bp),Deletion,05-Jun,,,,,X,,,,Severe,No,,2013,252,X,0,2,0,Exon,Unknown,3,6,95cf3f73-d9d6-4f30-9e9e-c0dd221cbac4,5.6,Caucasian,Prophylaxis,60,0
c.601+1271_1009+415del,154197191_154219940,p.(Gly201_His336del),Gly182_His317del,Large structural change (>50 bp),Deletion,05-Jul,,,multiple domains,N,X,,,,Severe,No,,2013,252,,0,2,0,Exon,Unknown,3,6,53e32d7d-9a0a-42eb-b548-28492efa32b8,12.3,Caucasian,Prophylaxis,129,1
c.602-?_1009+?del,154197606_154215580,,,Large structural change (>50 bp),Deletion,05-Jul,,,multiple domains,N,,,,X,Severe,Not reported,,0,0,,0,2,0,Exon,Unknown,3,6,9376f870-84d5-4945-a80c-8f4352f35b13,6.6,Asian,Prophylaxis,57,0
c.602-?_1443+?del,154194245_154215580,,,Large structural change (>50 bp),Deletion,05-Sep,,,multiple domains,N,X,,,,Severe,Yes,,2008,180,,1,2,0,Exon,Unknown,3,6,11cf307e-08d5-448a-967c-98bca77acf74,10.4,Black,Prophylaxis,107,1
c.602-?_1537+?del,154189350_154215580,,,Large structural change (>50 bp),Deletion,05-Oct,,,multiple domains,N,X,,,,Severe,Yes,,2007,170,,1,2,0,Exon,Unknown,3,6,c40a1673-88ca-4e1c-9d37-49128f1df72a,4.8,Caucasian,Prophylaxis,37,0
c.602-?_2113+?del,154175973_154215580,,,Large structural change (>50 bp),Deletion,May-13,,,multiple domains,N,X,,,,Severe,Yes,,1990,30,,1,2,0,Exon,Unknown,3,6,97065f67-3195-48d8-b6fb-6d0133200ba2,3.8,Caucasian,Prophylaxis,42,1
c.602-?_5219-?del,154156846_154215580,,,Large structural change (>50 bp),Deletion,May-14,,,multiple domains,N,X,,,,Severe,No,,2005,151,,0,2,0,Exon,Unknown,3,6,565853f3-39f7-41b4-a46c-f7b68d624f48,2.9,Black,Prophylaxis,13,0
c.602-?_6249+?dup,154124352_154215580,,,Large structural change (>50 bp),Duplication,May-21,,,multiple domains,N,X,,,,Severe,Not reported,,2014,256,,0,2,0,Exon,Unknown,3,6,1d857746-c0d8-4140-ba8f-7a513e7fe10f,1.6,Caucasian,Prophylaxis,35,0
c.602-?_6900+?dup,154088707_154215580,,,Large structural change (>50 bp),Duplication,May-25,,,multiple domains,N,X,,,,Severe,No,,2008,184,,0,2,0,Exon,Unknown,3,6,549cf801-bd3e-4c8b-a6f6-c95415ac98dc,1.8,Asian,Prophylaxis,13,0
c.671-?_1009+?del,154197606_154213078,,,Large structural change (>50 bp),Deletion,06-Jul,,,multiple domains,N,X,,,,Severe,Not reported,,1996,72,,0,2,0,Exon,Unknown,3,6,d7a34cd1-1769-4e99-91ca-baff460c64c4,10.3,Asian,On-Demand,56,0
c.671-?_1443+?del,154194245_154213078,,,Large structural change (>50 bp),Deletion,06-Sep,,,multiple domains,N,,,,X,Moderate,No,,2009,197,,0,1,0,Exon,Unknown,3,3,ea95d672-7651-48ec-900d-ea167e27ab95,1.6,Caucasian,Prophylaxis,12,0
c.671-?_5219+?del,154156846_154213078,,,Large structural change (>50 bp),Deletion,Jun-14,,,multiple domains,N,X,,,,Severe,Yes,,2006,160,,1,2,0,Exon,Unknown,3,6,1104b4c6-081b-4b43-b13b-7fb65adebb12,5,Caucasian,On-Demand,11,0
c.671-?_6429+?,154124352_154213078,,,Large structural change (>50 bp),Deletion,Jun-22,,,multiple domains,N,X,,,,Severe,Not reported,,2021,330,X,0,2,0,Exon,Unknown,3,6,01560358-7a71-4433-b768-a8a31b5f3bf0,1.2,Caucasian,Prophylaxis,10,0
c.671-?_6900+?dup,154088707_154213078,,,Large structural change (>50 bp),Duplication,Jun-25,,,multiple domains,N,X,,,,Severe,Not reported,,2018,293,,0,2,0,Exon,Unknown,3,6,02023a7a-d252-4f06-84f7-10b0be8174c8,1.7,Caucasian,On-Demand,3,0
c.788-?_1271+?del,154194701_154197827,,,Large structural change (>50 bp),Deletion,07-Aug,,,multiple domains,N,X,,,,Severe,Yes,,2010,212,,1,2,0,Exon,Unknown,3,6,ab0d9c78-5f02-4c2c-954a-c6afcd97fb17,4.7,Hispanic,Prophylaxis,61,1
c.788-?_1443+?del,154194245_154197827,,,Large structural change (>50 bp),Deletion,07-Sep,,A1,single domain,N,X,,,,Severe,Yes,,1989,"0, 21",,1,2,0,Exon,Unknown,3,6,703a6097-9939-4e4c-98ba-6be59476aea8,5.1,Hispanic,Prophylaxis,42,0
c.788-?_1537+?del,154189350_154197827,,,Large structural change (>50 bp),Deletion,07-Oct,,,multiple domains,N,,,,X,Severe,Not reported,,0,0,,0,2,0,Exon,Unknown,3,6,bc42644d-3068-4c48-bfbf-d28334d85a9a,4.4,Hispanic,On-Demand,33,0
c.788-?_1752+?dup,154185232_154197827,,,Large structural change (>50 bp),Duplication,07-Nov,,,multiple domains,N,X,,,,Severe,No,,2008,184,,0,2,0,Exon,Unknown,3,6,32b015be-8e48-4609-ab91-4d456857bb5c,3.8,Caucasian,Prophylaxis,15,1
c.788-?_1903+?del,154182167_154197827,,,Large structural change (>50 bp),Deletion,07-Dec,,,multiple domains,N,X,,,,Severe,Yes,,2013,248,,1,2,0,Exon,Unknown,3,6,6b3f2871-1817-4b36-a66f-18dcffe7d604,1.2,Hispanic,Prophylaxis,1,0
c.788-?_2113+?del,154175973_154197827,,,Large structural change (>50 bp),Deletion,Jul-13,,,multiple domains,N,X,,,,Severe,Yes,,2012,231,,1,2,0,Exon,Unknown,3,6,78491bd1-a272-4abb-bf12-11b56bd535ab,6.2,Caucasian,Prophylaxis,49,0
c.788-?_5219+?del,154156846_154197827,,,Large structural change (>50 bp),Deletion,Jul-14,,,multiple domains,N,X,,,,Severe,No,,1988,14,,0,2,0,Exon,Unknown,3,6,2f011e65-c588-4a92-8774-9b98fcce96b6,3.7,Caucasian,Prophylaxis,37,0
c.788-?_5219+?dup,154156846_154197827,,,Large structural change (>50 bp),Duplication,Jul-14,,,multiple domains,N,X,,,,Severe,Not reported,,2018,293,,0,2,0,Exon,Unknown,3,6,55b7db75-fd97-4a30-924f-35d741c4d1f6,4.5,Asian,Prophylaxis,34,0
c.788-?_6187+?del,154129646_154197827,,,Large structural change (>50 bp),Deletion,Jul-20,,,multiple domains,N,X,,,,Severe,Yes,,0,0,,1,2,0,Exon,Unknown,3,6,c0f2c68d-0109-4909-9fbb-cff4bf147d85,2.1,Other,Prophylaxis,22,0
c.788-?_6429+?del,154124352_154197827,,,Large structural change (>50 bp),Deletion,Jul-22,,,multiple domains,N,X,,,,Severe,Yes,,1990,26,,1,2,0,Exon,Unknown,3,6,f9d75f68-fe93-48aa-b9be-eefd31cc2d34,6.9,Caucasian,Prophylaxis,75,1
c.788-?_6429+?dup,154124352_154197827,,,Large structural change (>50 bp),Duplication,Jul-22,,,multiple domains,N,X,,,,Severe,Not reported,,2010,215,,0,2,0,Exon,Unknown,3,6,e472f7d0-6a33-4563-96d6-fe88c1bbe7fe,17.1,Caucasian,Prophylaxis,186,0
c.788-?_6900+?dup,154088707_154197827,,,Large structural change (>50 bp),Duplication,Jul-25,,,multiple domains,N,X,,,,Severe,Not reported,,2016,280,,0,2,0,Exon,Unknown,3,6,d422135e-2661-4c7a-a88a-8f487b70e18a,9.3,Asian,Prophylaxis,100,0
c.788-?_7056+?del,154065872_154197827,,,Large structural change (>50 bp),Deletion,Jul-26,,,multiple domains,N,X,,,,Severe,Yes,,2010,214,,1,2,0,Exon,Unknown,3,6,489a8d43-941b-4df2-bac6-ec83a381ed48,3,Caucasian,Prophylaxis,27,0
c.1010-?_1443+?del,154194245_154194962,,,Large structural change (>50 bp),Deletion,08-Sep,,A1,single domain,N,X,,,,Severe,Not reported,,2007,163,,0,2,0,Exon,Unknown,3,6,14ecf66c-c440-4dd8-a4d9-7196f0ba1006,4.7,Caucasian,Prophylaxis,40,0
c.1010-?_1537+?del,154189350_154194962,,,Large structural change (>50 bp),Deletion,08-Oct,,,multiple domains,N,X,,,,Severe,Not reported,,2018,293,,0,2,0,Exon,Unknown,3,6,1c5cd677-37b6-4cfe-b6c9-9353915679eb,1.1,Asian,Prophylaxis,13,1
c.1010-?_1903+?del,154182167_154194962,,,Large structural change (>50 bp),Deletion,08-Dec,,,multiple domains,N,X,,,,Severe,Yes,,2018,306,,1,2,0,Exon,Unknown,3,6,e7b7c486-5eef-4211-b655-65cc6e8954a2,3.6,Other,Prophylaxis,30,0
c.1010-?_5219+?dup,154156846_154194962,,,Large structural change (>50 bp),Duplication,Aug-14,,,multiple domains,N,,,,X,Not reported,Not reported,,2022,345,X,0,,0,Exon,Unknown,3,,28bd618d-bc04-4603-9f13-4e5d1a86d3a2,25.5,Asian,On-Demand,126,0
c.1272-?_1752+?del,154185232_154194416,,,Large structural change (>50 bp),Deletion,09-Nov,,,multiple domains,N,X,,,,Severe,Yes,,2002,130,,1,2,0,Exon,Unknown,3,6,7b0d02ad-1d20-449a-9126-3088aafe5712,4.5,Caucasian,On-Demand,34,0
c.1444-?_1752+?del,154185232_154189443,,,Large structural change (>50 bp),Deletion,10-Nov,,A2,single domain,N,X,,,,Severe,No,,2006,159,,0,2,0,Exon,Unknown,3,6,b8d0f08e-a828-4613-b17e-04e0b792eb0d,5,Caucasian,Prophylaxis,55,0
c.1444-?_1903+?del,154182167_154189443,,,Large structural change (>50 bp),Deletion,10-Dec,,,multiple domains,N,X,,,,Severe,Not reported,,2016,280,,0,2,0,Exon,Unknown,3,6,9c402a95-5ea0-47bd-b848-20d0bc40e35a,1.9,Black,Prophylaxis,24,0
c.1444-?_2113+?del,154175973_154189443,,,Large structural change (>50 bp),Deletion,Oct-13,,A2,single domain,N,,,,X,Severe,Not reported,,1997,77,,0,2,0,Exon,Unknown,3,6,e786a9fc-50a9-42c3-9328-cda078037c2a,4.3,Black,Prophylaxis,50,0
c.1444-?_5998+?del,154132181_154189443,,,Large structural change (>50 bp),Deletion,Oct-18,,,multiple domains,N,X,,,,Severe,Not reported,,2004,140,,0,2,0,Exon,Unknown,3,6,5c0fd9e6-1e60-457e-bd67-7da02e8cb644,2.9,Caucasian,On-Demand,6,0
c.1444-?_6429+?del,154124352_154189443,,,Large structural change (>50 bp),Deletion,Oct-22,,,multiple domains,N,,,,X,Not reported,Not reported,,2022,345,X,0,,0,Exon,Unknown,3,,ce46c2df-e0f5-4626-8169-509d8b9e9eff,2,Asian,On-Demand,23,0
c.1444-?_6900+?dup,154088707_154189443,,,Large structural change (>50 bp),Duplication,Oct-25,,,multiple domains,N,,,,X,Not reported,Not reported,,2022,345,X,0,,0,Exon,Unknown,3,,47f51a28-1f9f-4f75-93d1-757225f25f28,2,Caucasian,On-Demand,5,1
c.1538-?_1903+?del,154182167_154185446,,,Large structural change (>50 bp),Deletion,11-Dec,,A2,single domain,N,X,,,,Severe,Yes,,2010,212,,1,2,0,Exon,Unknown,3,6,aef174be-6824-43e7-b720-39a406bec301,1,Black,Prophylaxis,6,0
c.1538-?_2113+?dup,154175973_154185446,,,Large structural change (>50 bp),Duplication,Nov-13,,A2,single domain,N,,,,X,Not reported,Not reported,,2022,345,X,0,,0,Exon,Unknown,3,,778ca664-deb5-4beb-ad20-d34ed1106df0,23.3,Caucasian,On-Demand,106,0
c.1538-?_5219+?del,154156846_154185446,,,Large structural change (>50 bp),Deletion,Nov-14,,,multiple domains,N,X,,,,Severe,Not reported,,2014,256,,0,2,0,Exon,Unknown,3,6,c37c0933-16ff-4a72-b9dc-4e85994160ba,3.6,Asian,Prophylaxis,48,0
c.1538-?_5998+?del,154132181_154185446,,,Large structural change (>50 bp),Deletion,Nov-18,,,multiple domains,N,X,,,,Severe,Yes,,1987,6,X,1,2,0,Exon,Unknown,3,6,0d19940d-a106-4d15-a894-05408fc9ce71,6.9,Asian,Prophylaxis,70,1
c.1538-?_6429+?del,154124352_154185446,,,Large structural change (>50 bp),Deletion,Nov-22,,,multiple domains,N,X,,,,Severe,Yes,,0,0,,1,2,0,Exon,Unknown,3,6,eb699d24-f4d8-4457-875d-0a0268a79ecd,5.6,Caucasian,Prophylaxis,52,1
c.1538-?_6900+?del,154088707_154185446,,,Large structural change (>50 bp),Deletion,Nov-25,,,multiple domains,N,X,,,,Severe,Yes,,0,0,,1,2,0,Exon,Unknown,3,6,24f77709-7e0a-4e33-a78d-4a2bf1f6a5df,5.1,Asian,On-Demand,24,0
c.1753-?_6429+?del,154124352_154182317,,,Large structural change (>50 bp),Deletion,Dec-22,,,multiple domains,N,X,,,,Severe,Not reported,,2021,336,X,0,2,0,Exon,Unknown,3,6,70fe43ef-33ef-4a46-84c1-cca296a9b2ef,5.9,Black,Prophylaxis,59,0
c.1753-?_6900+?del,154088707_154182317,,,Large structural change (>50 bp),Deletion,Dec-25,,,multiple domains,N,X,,,,Severe,Yes,,2002,130,,1,2,0,Exon,Unknown,3,6,06c56652-12d7-4dc0-a20d-5a5606ae3b60,10.4,Black,Prophylaxis,88,0
c.[-171-?_6429+?dup;144-?_5219+?dup],154124352_154250998; 154156846_154227875,,,Large structural change (>50 bp),Duplication,1-22; 2-14,,,multiple domains,N,,X,,,Moderate,No,,2013,244,,0,1,0,Exon,Unknown,3,3,69a6c507-3512-47af-927c-8e8b05778387,5.1,Caucasian,Prophylaxis,68,0
c.2113-?_2997-?del,154159068_154175973,,,Large structural change (>50 bp),Deletion,13-14,,,multiple domains,N,,X,,,Moderate,Not reported,,2018,293,,0,1,0,Exon,Unknown,3,3,01afda0b-7c9c-4519-8e1a-4c815141574b,3,Caucasian,Prophylaxis,20,0
c.1904-?_6273+?del,154128141_154176182,,,Large structural change (>50 bp),Deletion,13-21,,,multiple domains,N,X,,,,Severe,Yes,,2011,220,,1,2,0,Exon,Unknown,3,6,322b443f-2046-4444-9d69-fd36a6e728c1,1.6,Caucasian,Prophylaxis,30,1
c.1904-?_6429+?del,154124352_154176182,,,Large structural change (>50 bp),Deletion,13-22,,,multiple domains,N,X,,,,Severe,Yes,,2006,160,,1,2,0,Exon,Unknown,3,6,bb831445-77c5-48c6-a1c1-8ce52dffc23e,5.3,Caucasian,Prophylaxis,43,1
c.1904-?_6574+?del,154091358_154176182,,,Large structural change (>50 bp),Deletion,13-23,,,multiple domains,N,,X,,,Severe,Yes,,2004,141,,1,2,0,Exon,Unknown,3,6,35fa414b-9c3d-4e4d-853a-48309c0b8588,1.1,Asian,On-Demand,1,0
c.1904-?_6900+?del,154088707_154176182,,,Large structural change (>50 bp),Deletion,13-25,,,multiple domains,N,X,,,,Severe,Yes,,2008,178,,1,2,0,Exon,Unknown,3,6,891b4ed7-4b93-4c98-a8f8-a63ece44167d,3.7,Asian,Prophylaxis,44,1
c.1904-?_7056+?del,154065872_154176182,,,Large structural change (>50 bp),Deletion,13-26,,,multiple domains,N,X,,,,Severe,Yes,,2010,210,,1,2,0,Exon,Unknown,3,6,a1370ae2-92ba-40ae-956e-fdf3c7e3297a,9.4,Black,Prophylaxis,97,1
c.2114-?_5586+?del,154133086_154159951,,,Large structural change (>50 bp),Deletion,14-16,,A3,single domain,N,X,,,,Severe,Yes,,2011,218,,1,2,0,Exon,Unknown,3,6,efd217d3-a8af-4e4a-9a82-4be07c5560c8,4,Black,Prophylaxis,58,0
c.2114-?_6273+?del,154128141_154159951,,,Large structural change (>50 bp),Deletion,14-21,,,multiple domains,N,,,,X,Severe,Yes,,1990,30,,1,2,0,Exon,Unknown,3,6,fbf60140-8c0a-4bc4-bac4-d82622434884,3.9,Caucasian,Prophylaxis,26,1
c.2114-?_6273+?dup,154128141_154159951,,,Large structural change (>50 bp),Duplication,14-21,,,multiple domains,N,X,,,,Severe,No,,2008,184,,0,2,0,Exon,Unknown,3,6,00348c65-c5e7-4a8d-955f-9dde091f1e66,6.6,Asian,Prophylaxis,66,0
c.2114-?_6429+?del,154124352_154159951,,,Large structural change (>50 bp),Deletion,14-22,,,multiple domains,N,,,,X,Severe,Yes,,1990,"0, 32",,1,2,0,Exon,Unknown,3,6,92917ab3-e3e4-4426-aa98-ce596c5923bf,2.2,Other,Prophylaxis,24,1
c.3709_6429+?del,154124352_154158356,,,Large structural change (>50 bp),Deletion,14-22,,,multiple domains,N,X,,,,Severe,Not reported,,2018,293,,0,2,0,Exon,Unknown,3,6,436dbfed-f80f-4594-b286-00af47d85b5c,4.7,Caucasian,Prophylaxis,41,0
c.3913_6429+11007dup,154124352_154159951,,,Large structural change (>50 bp),Duplication,14-22,,,multiple domains,N,,,,X,Not reported,Not reported,,2010,215,,0,,0,Exon,Unknown,3,,a4598c24-aa4a-46a5-9777-94c5d5ddbeae,19,Caucasian,On-Demand,80,0
c.2114-?_6574+?del,154091358_154159951,,,Large structural change (>50 bp),Deletion,14-23,,,multiple domains,N,,,X,,Mild,Not reported,,2004,142,,0,0,0,Exon,Unknown,3,0,204dbe20-942a-4f67-bef9-9a32895050e3,17.6,Caucasian,Prophylaxis,168,0
c.2114-?_6900+?del,154088707_154159951,,,Large structural change (>50 bp),Deletion,14-25,,,multiple domains,N,,,,X,Not reported,Yes,,2012,232,,1,,0,Exon,Unknown,3,,3f2aaea8-a73b-4b90-91a1-7741bde520c8,34,Caucasian,On-Demand,174,0
c.2114-?_7056+?del,154065872_154159951,,,Large structural change (>50 bp),Deletion,14-26,,,multiple domains,N,X,,,,Severe,Yes,,2007,170,,1,2,0,Exon,Unknown,3,6,db240ac7-abcc-4b0e-8004-2c17a227d4d8,5.9,Asian,Prophylaxis,62,1
c.5220-?_5998+?del,154132181_154134848,,,Large structural change (>50 bp),Deletion,15-18,,A3,single domain,N,,,,X,Severe,Yes,,1988,7,,1,2,0,Exon,Unknown,3,6,5b8e7008-56a9-4ac0-97ea-bc8465f2a584,3.8,Hispanic,Prophylaxis,44,0
c.5220-?_6115+?del,154130326_154134848,,,Large structural change (>50 bp),Deletion,15-19,,,multiple domains,N,X,,,X,Severe,Not reported,,2018,293,,0,2,0,Exon,Unknown,3,6,b14ede27-58e7-468a-918b-c10e74ea3efe,2.2,Asian,On-Demand,3,0
c.5220-?_6187+?del,154129646_154134848,,,Large structural change (>50 bp),Deletion,15-20,,,multiple domains,N,,,,X,Severe,Yes,,1996,76,,1,2,0,Exon,Unknown,3,6,5911047b-e787-4a26-8a39-2e07c65a3a15,6.8,Black,Prophylaxis,77,1
c.5220-?_6273+?del,154128141_154134848,,,Large structural change (>50 bp),Deletion,15-21,,,multiple domains,N,,,,X,Severe,Yes,,1991,36,,1,2,0,Exon,Unknown,3,6,4f6a62a6-33ea-48f7-b719-631ea15423dd,1.6,Hispanic,Prophylaxis,11,0
c.5220-?_6429+?del,154124352_154134848,,,Large structural change (>50 bp),Deletion,15-22,,,multiple domains,N,X,,,,Severe,Yes,,1992,"0, 52",,1,2,0,Exon,Unknown,3,6,80ebc6b0-b72c-4efd-beec-87826b05d5b2,1.2,Other,Prophylaxis,27,1
c.5220-?_6574+1del,154091358_154156848,,,Large structural change (>50 bp),Deletion,15-23,,,multiple domains,N,X,,,,Severe,Yes,,2020,319,X,1,2,0,Exon,Unknown,3,6,c57f5691-dd52-44c7-8651-fd851f9d001f,3.4,Hispanic,Prophylaxis,32,0
c.5220-?_6723+?del,154089993_154134848,,,Large structural change (>50 bp),Deletion,15-24,,,multiple domains,N,X,,,,Severe,Yes,,2021,337,X,1,2,0,Exon,Unknown,3,6,94313b67-9b54-4e65-8961-e3b645b85e3c,5.9,Caucasian,Prophylaxis,69,0
c.5220-?_6900+?dup,154088707_154134848,,,Large structural change (>50 bp),Duplication,15-25,,,multiple domains,N,,,,X,Not reported,Not reported,,2022,345,X,0,,0,Exon,Unknown,3,,fb993187-933c-4f70-a2c5-f7929614733a,2,Hispanic,On-Demand,12,1
c.5220-?_7056+?del,154065872_154134848,,,Large structural change (>50 bp),Deletion,15-26,,,multiple domains,N,X,,,,Severe,Yes,,2013,249,,1,2,0,Exon,Unknown,3,6,e442314c-7965-4164-92f4-70c7473025ce,1.3,Caucasian,Prophylaxis,4,0
c.5374-?_6115+?del,154130326_154133298,,,Large structural change (>50 bp),Deletion,16-19,,A3,single domain,N,X,,,,Severe,Yes,,2012,228,,1,2,0,Exon,Unknown,3,6,56aba508-3d67-4884-9b50-2e303802f006,2.1,Black,Prophylaxis,1,1
c.5374-?_6429+?del,154124352_154133298,,,Large structural change (>50 bp),Deletion,16-22,,,multiple domains,N,X,,,,Severe,Yes,,2011,220,,1,2,0,Exon,Unknown,3,6,1461e314-72b4-4136-acd8-f82eb4e8e757,5.4,Caucasian,Prophylaxis,46,0
c.5374-?_7056+?del,154065872_154133298,,,Large structural change (>50 bp),Deletion,16-26,,,multiple domains,N,X,,,,Severe,Yes,,1992,45,,1,2,0,Exon,Unknown,3,6,21aa54d5-b1ba-4020-ac5a-c3398bee8916,2.9,Caucasian,Prophylaxis,16,1
c.5587-?_6115+?del,154130326_154132799,,,Large structural change (>50 bp),Deletion,17-19,,A3,single domain,N,,,,X,Severe,No,,1989,24,,0,2,0,Exon,Unknown,3,6,7b3d62d1-8311-455a-89c0-bb2a94030857,4.4,Caucasian,Prophylaxis,54,0
c.5587-?_6429+?del,154124352_154132799,,,Large structural change (>50 bp),Deletion,17-22,,,multiple domains,N,X,,,,Severe,Yes,,2012,231,,1,2,0,Exon,Unknown,3,6,16f94c07-03bf-4d3a-8971-cc702da5adb3,9.9,Black,Prophylaxis,82,1
c.5816-?_6115+?del,154130326_154132363,,,Large structural change (>50 bp),Deletion,18-19,,A3,single domain,N,,,,X,Severe,Not reported,,1987,4,,0,2,0,Exon,Unknown,3,6,641ddb0c-c589-4b50-aa0f-673795e145af,1.9,Hispanic,Prophylaxis,22,0
c.5999-?_6273+?del,154128141_154130442,,,Large structural change (>50 bp),Deletion,19-21,,,multiple domains,N,X,,,,Severe,Yes,,1990,30,,1,2,0,Exon,Unknown,3,6,d6be5d1b-3552-4908-807b-77ef67c969f6,4.4,Caucasian,Prophylaxis,21,0
c.5999-?_6429+?del,154124352_154130442,,,Large structural change (>50 bp),Deletion,19-22,,,multiple domains,N,X,,,,Severe,Yes,,2008,178,,1,2,0,Exon,Unknown,3,6,f7df6203-680f-4ee3-91c6-f8f3b75159b0,9.6,Black,Prophylaxis,66,1
c.5999-?_6429+?dup,154124352_154130442,,,Large structural change (>50 bp),Duplication,19-22,,,multiple domains,N,X,X,,,Moderate/Severe,Yes,,2014,258,,1,,0,Exon,Unknown,3,,4092f188-3a32-41b0-a385-5468dc3231ae,14.7,Caucasian,On-Demand,70,0
c.[6116-?_6429+?del;6429+?_6430-?inv],,,,Large structural change (>50 bp),Deletion/Inversion,20-22,,,multiple domains,N,,,,X,Not reported,Not reported,,2022,345,X,0,,0,Exon,Unknown,3,,87208fd1-90e5-4e25-ab8a-98f2bd7c918a,10.1,Asian,On-Demand,54,1
c.6116-?_6429+?del,154124352_154129717,,,Large structural change (>50 bp),Deletion,20-22,,C1,single domain,N,X,,,,Severe,No,,2014,258,,0,2,0,Exon,Unknown,3,6,3aef2b63-e6e4-4b07-b65a-a2a502befa01,4.2,Black,Prophylaxis,24,1
c.6188-?_6429+?del,154124352_154128226,,,Large structural change (>50 bp),Deletion,21-22,,,multiple domains,N,X,,,,Severe,Yes,,2007,"0, 170",,1,2,0,Exon,Unknown,3,6,98e12d1b-1315-4520-9605-1ea4b1f28474,2.1,Caucasian,Prophylaxis,14,1
c.[144-?_6429+?dup;6901-?_7056+?dup],,,,Large structural change (>50 bp),Duplication,2-2; 26-3'UTR,,,multiple domains,N,,,,X,Not reported,Not reported,,2022,345,X,0,,0,Exon,Unknown,3,,bf89ab10-b9dc-45a0-ae02-b92370305fb7,24.1,Asian,On-Demand,126,0
"c.[144-?_6429+?dup;6430-?_6900+?dup,6901-?_7056+?dup]",,,,Large structural change (>50 bp),Duplication,2-22; 23-25; 26-3'UTR,,,multiple domains,N,,,,X,Not reported,Not reported,,2022,345,X,0,,0,Exon,Unknown,3,,40fa673f-9e5b-4358-8dd7-5796d9faf6bd,17.5,Caucasian,On-Demand,97,0
c.6274‐?_6900+?dup,154066028_154128140,,,Large structural change (>50 bp),Duplication,22-25,,,multiple domains,N,X,,,,Severe,No,,2020,319,X,0,2,0,Exon,Unknown,3,6,22c24c3a-b921-4342-97ff-b9118b5a6948,2.4,Caucasian,Prophylaxis,44,0
c.6429-?_6900+?del,154088707_154124352,,,Large structural change (>50 bp),Deletion,22-25,,,multiple domains,N,X,,,,Severe,Yes,,2021,330,X,1,2,0,Exon,Unknown,3,6,ededc725-783f-473f-9c2d-28080b75c7a2,2.7,Asian,On-Demand,18,1
c.6430-?_6723+?del,154089993_154091502,,,Large structural change (>50 bp),Deletion,23-24,,,multiple domains,N,,X,,,Moderate,No,,1992,49,,0,1,0,Exon,Unknown,3,3,b31a312d-9b2f-4c40-8d8d-0b3d76f15e2d,2.1,Caucasian,On-Demand,20,0
c.6430-?_6900+?del,154088707_154091502,,,Large structural change (>50 bp),Deletion,23-25,,,multiple domains,N,X,,,,Severe,Yes,,1985,1,,1,2,0,Exon,Unknown,3,6,5b191d8e-abe8-48d5-994f-23b39115f1fd,4.9,Caucasian,Prophylaxis,64,1
c.6430-?_6900+?dup,154088707_154091502,,,Large structural change (>50 bp),Duplication,23-25,,,multiple domains,N,X,,,,Severe,No,,2008,184,,0,2,0,Exon,Unknown,3,6,43bc078c-7fe2-451f-9039-429e70912eef,1.7,Other,Prophylaxis,10,0
c.6430-?_7056+?del,154065872_154091502,,,Large structural change (>50 bp),Deletion,23-26,,,multiple domains,N,X,,,,Severe,Yes,,1992,49,,1,2,0,Exon,Unknown,3,6,35461367-3a5e-4df4-93e0-7a9ba0b2606b,4.6,Black,Prophylaxis,42,0
c.6430-?_7056+?dup,154065872_154091502,,,Large structural change (>50 bp),Duplication,23-26,,,multiple domains,N,X,,,,Severe,Not reported,,2010,215,,0,2,0,Exon,Unknown,3,6,50413066-f64a-475a-831e-5104782e668b,5.3,Caucasian,Prophylaxis,60,0
c.6575-?_*1802+?del,154064070_154090141,,,Large structural change (>50 bp),Deletion,24 - 3'UTR,,,multiple domains,N,,,,X,Not reported,Yes,,2018,300,,1,,0,Exon,Unknown,3,,31e62585-15bb-473b-a0ce-28fbba312f41,2,Asian,On-Demand,4,0
c.6575-?_6900+?del,154088707_154090141,,,Large structural change (>50 bp),Deletion,24-25,,C2,single domain,N,X,,,,Severe,No,,1987,6,,0,2,0,Exon,Unknown,3,6,bdcfbbad-1205-4166-8e62-80b9fbde6b1e,2.9,Asian,Prophylaxis,22,0
c.6575-?_6900+?dup,154088707_154090141,,,Large structural change (>50 bp),Duplication,24-25,,C2,single domain,N,X,,,,Severe,Not reported,,2018,293,,0,2,0,Exon,Unknown,3,6,ac11792c-db44-4d69-bb0e-6da409dd1410,3.1,Asian,Prophylaxis,29,0
c.6575-?_7056+?del,154065872_154090141,,,Large structural change (>50 bp),Deletion,24-26,,C2,single domain,N,X,,,,Severe,Yes,,2014,258,,1,2,0,Exon,Unknown,3,6,928a94b2-8962-444d-ba76-852aabf50553,1.8,Asian,Prophylaxis,10,1
c.6901-?_*1802+?del,154064070_154066027,,,Large structural change (>50 bp),Deletion,26 - 3'UTR,,C2,single domain,N,X,,,,Severe,Not reported,,1989,18,,0,2,0,Exon,Unknown,3,6,afeec974-3849-4116-b3e4-e56098730795,4.6,Hispanic,Prophylaxis,47,1
c.6901-?_*1809+?del,154066027_154064063,,,Large structural change (>50 bp),Deletion,26 - 3'UTR,,C2,single domain,N,X,,,,Severe,No,,2018,300,,0,2,0,Exon,Unknown,3,6,5735c6dd-e5a1-4f2b-a6d0-d3d5034dc855,12,Black,Prophylaxis,122,0
c.*56G>T,154065816,,,3'UTR,Substitution,3'UTR,,3'UTR,,N,,,X,,Mild,No,,2013,239,,0,0,0,Exon,Unknown,7,0,e33439bd-e1cc-4d2b-8e96-a2be734c1821,11.3,Black,On-Demand,43,0
c.[389-?_1443+?del;1538-?_1903+?del],,,,Large structural change (>50 bp),Deletion,4-9; 11-12,,,multiple domains,N,,,,X,Not reported,Not reported,,2022,345,X,0,,0,Exon,Unknown,3,,3e1a8a86-898e-41c0-a4f1-44e0fbeec03f,24.8,Asian,On-Demand,115,1
c.-13-?del,154250840,,,5'UTR,Deletion,5'UTR,,5'UTR,,N,,X,,,Moderate,No,,2018,300,,0,1,0,Exon,Unknown,8,8,21b1816c-06f1-42bd-b579-3ffbe71e84df,4.6,Hispanic,Prophylaxis,40,0
c.-2174_-106del,154253001_154250933,,,Large structural change (>50 bp),Deletion,5'UTR,,,,N,X,,,,Severe,Not Reported,,2018,292,,,2,0,Exon,Unknown,3,6,ef879b4b-a37b-45f9-b97c-e532aa09f658,7.6,Caucasian,Prophylaxis,87,0
c.-218T>C,154251045,,,5'UTR,Substitution,5'UTR,,5'UTR,,N,,,X,,Mild,Not reported,,2014,261,,0,0,0,Exon,Unknown,8,0,4171f9ed-2504-4ec9-8ced-d5d3a64c969e,8.6,Black,On-Demand,59,0
c.-219delC,154251046,,,5'UTR,Deletion,5'UTR,,5'UTR,,N,,,X,,Mild,Not reported,,2014,261,,0,0,0,Exon,Unknown,8,0,1c94b2ac-24be-4115-a008-b49535618641,9.7,Caucasian,Prophylaxis,86,0
c.-221T>A,154251048,,,5'UTR,Substitution,5'UTR,,5'UTR,,N,X,,,,Severe,Not reported,,2014,261,,0,2,0,Exon,Unknown,8,16,7deb927e-1065-4c44-a407-a10025810e14,1.6,Caucasian,Prophylaxis,37,0
c.-241C>G,154251068,,,5'UTR,Substitution,5'UTR,,5'UTR,,,,,,X,Not reported,Not reported,,2017,289,X,0,,0,Exon,Unknown,8,,f512bf6c-93b0-4e72-a394-fa0fd5b2b635,14.7,Caucasian,On-Demand,82,0
c.-397A>G,154251224,,,5'UTR,Substitution,5'UTR,,5'UTR,,,,,,X,Not reported,Not reported,,2017,289,X,0,,0,Exon,Unknown,8,,420c5134-15bf-45ab-8969-2e1db204aceb,17.8,Asian,On-Demand,71,0
c.-444A>G,154251278,,,5'UTR,Substitution,5'UTR,,5'UTR,,,,,,X,Not reported,Not reported,,2017,289,X,0,,0,Exon,Unknown,8,,9dff28ce-5d10-47fc-b4d6-320fd455d9b1,6.1,Asian,On-Demand,40,0
c.-966G>T,154251793,,,5'UTR,Substitution,5'UTR,,5'UTR,,N,X,,,,Severe,No,,2014,255,,0,2,0,Exon,Unknown,8,16,11042adc-700d-49c9-a81d-3c7e350a3518,3,Asian,Prophylaxis,37,0
c.6115_6115+12del,154130314_154130326,,,Splice site change,Deletion,Exon 20 - Intron 20,,,Light chain,N,X,,,,severe,No,,2006,160,,0,,0,Splice,Unknown,6,,d7eda9d0-9ed6-4750-b5c1-808fc7a8733e,2,Caucasian,On-Demand,1,0
c.665_670+5del,154215507_154215517,,,Splice site change,Deletion,Exon 5 - Intron 5,203,A1,Heavy chain,N,X,,,,Severe,Not reported,,2008,183,,0,2,0,Splice,Unknown,6,12,d5677d5b-aa60-49b1-8c18-4e6a0fb478e9,3.5,Black,Prophylaxis,35,0
c.[144-?_601+?dup;671-?_787+?dup],,,,Large structural change (>50 bp),Duplication,Intron 1,,,,N,,,,X,Not reported,Not Reported,,2022,345,X,,,0,Exon,Unknown,3,,106477ba-c89b-4a4d-9714-da1f7c6e4b27,19.8,Caucasian,On-Demand,103,0
c.143+?_143-?dup,154250684_154227876,,,Large structural change (>50 bp),Duplication,Intron 1,,,,N,,X,,,Mild,No,,2015,270,,0,0,0,Exon,Unknown,3,0,41a2f293-665b-41c1-8fd8-d95f1395574a,26.7,Other,On-Demand,149,0
c.143+?_144-?inv,154227875_154250685,,inv 1,Large structural change (>50 bp),Inversion,Intron 1,,,single domain,N,X,,,,Severe,No,,1996,73,,0,2,0,Exon,Unknown,3,6,d8f90f8b-f057-4c43-8e3c-ba0f7ffd69fc,6,Black,Prophylaxis,67,1
c.143+1400A>G,154249285,,,Splice site change,Substitution,Intron 1,IVS 1 +1400,,,N,,X,,,Moderate,No,,2014,258,,0,1,0,Splice,Unknown,6,6,fa70ac01-6d8e-4555-a3e9-0316ecf95841,6.7,Caucasian,Prophylaxis,60,0
c.143+1567A>G,154249118,,,Splice site change,Substitution,Intron 1,IVS 1 +1567,,,N,,X,,,Moderate,Not reported,Potential splice reported deleterious in ref. 253,1999,94,,0,1,0,Splice,Unknown,6,6,b8b1df80-8e68-4e57-ac7c-1039e108da87,6.3,Caucasian,Prophylaxis,59,0
c.143+1G>A,154250684,,,Splice site change,Substitution,Intron 1,IVS 1 +1,,,N,X,,,,Severe,No,,2007,168,,0,2,0,Splice,Unknown,6,12,fc276aa9-b42b-44dc-afd7-b46ff1ff6070,2.2,Caucasian,Prophylaxis,23,0
c.143+2T>C,154250683,,,Splice site change,Substitution,Intron 1,IVS 1 +2,,,N,,,X,,Mild,No,,0,0,,0,0,0,Splice,Unknown,6,0,fb418488-5579-47ef-8cfd-893a9f088032,2,Caucasian,On-Demand,5,1
c.143+3_143+4insG,154250681_154250682,,,Splice site change,Insertion,Intron 1,IVS 1+3,,,Y,,,X,,Mild,Not reported,,2019,315,,0,0,0,Splice,Unknown,6,0,7c54ec68-efdd-4ab5-9655-1c043dcfdbb7,17.6,Black,On-Demand,69,0
c.143+3_143+4insT,154250681_154250682,,,Splice site change,Insertion,Intron 1,IVS 1+3,,,Y,X,,,,Severe,Not reported,,2021,330,X,0,2,0,Splice,Unknown,6,12,16ea06d5-8dc7-407a-8108-c8989d0a256b,4.5,Asian,Prophylaxis,31,0
c.143+4A>G,154250681,,,Splice site change,Substitution,Intron 1,IVS 1+4,,,Y,,,X,,Mild,Not reported,,2019,315,,0,0,0,Splice,Unknown,6,0,17a1bad8-dcfd-4d2b-843c-42cfaa52063a,12,Caucasian,On-Demand,50,0
c.143+8C>T,154250677,,,Splice site change,Substitution,Intron 1,IVS 1 +8,,,N,,X,,,Moderate,Not reported,,2014,256,,0,1,0,Splice,Unknown,6,6,2436a5f7-23d0-4186-ba4e-c1fc02946949,2.3,Caucasian,Prophylaxis,15,0
c.143-9142_143-7428del,154235303-154237171del;154259274-154376426dup,,inv1;del; dup,Large structural change (>50 bp),Deletion/Duplication,Intron 1,,,,,X,,,,Severe,Not Reported,,2021,341,X,,2,0,Exon,Unknown,3,6,0c2a4e7f-b4dd-4615-85f2-e1df2a771f10,2,Caucasian,Prophylaxis,23,0
c.144-11T>G,154227886,,,Splice site change,Substitution,Intron 1,IVS 1 -11,,,N,,X,,,Moderate,No,,0,0,,0,1,0,Splice,Unknown,6,6,2941ff51-158b-4f9e-89fa-6247258799ad,8.9,Asian,Prophylaxis,97,0
c.144-1G>A,154227876,,,Splice site change,Substitution,Intron 1,IVS 1 -1,,,N,,X,,,Severe,No,Potential splice error,2001,123,,0,2,0,Splice,Unknown,6,12,62d6ac5c-59b5-4580-be98-f6e1b2ca286e,5.3,Black,Prophylaxis,59,0
c.144-1G>T,154227876,,,Splice site change,Substitution,Intron 1,IVS 1 -1,,,N,X,,,,Severe,No,,2011,218,,0,2,0,Splice,Unknown,6,12,817bbebc-2460-462c-b89d-04bbded3263e,3.4,Hispanic,Prophylaxis,30,0
c.144-26A>T,154227901,,,Splice site change,Substitution,Intron 1,IVS 1 -26,,,N,X,,,,Severe,No,,2005,154,,0,2,0,Splice,Unknown,6,12,7b76fd24-83a7-4905-be8b-96590875870a,1.9,Caucasian,Prophylaxis,47,0
c.144-2A>G,154227877,,,Splice site change,Substitution,Intron 1,IVS 1 -2,,,N,X,,,,Severe,No,Potential splice error,2002,130,,0,2,0,Splice,Unknown,6,12,c5110cb3-8614-486d-8d2e-630807afb1b9,7.5,Hispanic,Prophylaxis,67,0
c.144-2A>T,154227877,,,Splice site change,Substitution,Intron 1,IVS 1 -2,,,N,X,,,,Severe,Not reported,,2008,"183, 186",,0,2,0,Splice,Unknown,6,12,4e9def43-02ea-45a5-a927-d9dac580fb67,4,Caucasian,Prophylaxis,54,0
c.144-3C>G,154227878,,,Splice site change,Substitution,Intron 1,IVS 1 -3,,,N,X,,,,Severe,Not reported,,2008,"183, 186",,0,2,0,Splice,Unknown,6,12,31bfe43e-9b0c-4345-b6ee-101f0d3bed6d,2.6,Asian,Prophylaxis,31,0
c.144-3C>T,154227878,,,Splice site change,Substitution,Intron 1,IVS 1 -3,,,N,,,X,,Mild,No,,2006,158,,0,0,0,Splice,Unknown,6,0,781081c2-5f44-4f8e-a5af-a92b9a2852ff,29,Caucasian,On-Demand,156,0
c.144-5C>G,154227880,,,Splice site change,Substitution,Intron 1,IVS 1 -5,,,N,,X,,,Moderate,No,,2008,180,,0,1,0,Splice,Unknown,6,6,f46fa462-d37c-47a1-a91c-5bb873d7e05f,1,Caucasian,Prophylaxis,27,0
c.144-6A>G,154227881,,,Splice site change,Substitution,Intron 1,IVS 1 -6,,,N,,X,,,Moderate,No,,2013,239,,0,1,0,Splice,Unknown,6,6,59de8d8c-980f-4782-983c-1053e54f0b89,4.1,Black,Prophylaxis,40,0
Complex,,,inv1;del 2.56kb;dup227.3kb,Large structural change (>50 bp),Deletion/Duplication/Inversion,Intron 1,,,,,X,,,,Severe,No,,2014,266,X,0,2,0,Exon,Unknown,3,6,2be912d5-1176-433d-ac33-203b92e85ea9,2.8,Caucasian,Prophylaxis,36,0
c.143+1_601-?del,154221211_154250684,,,Large structural change (>50 bp),Deletion,Intron 1 - Exon 4,,A1,single domain,N,X,,,,Severe,No,,2012,231,,0,2,0,Exon,Unknown,3,6,8a54d5da-f4e4-4712-943b-1d6010ae34bc,2.1,Caucasian,Prophylaxis,27,0
c.1537+10C>G,154189340,,,Splice site change,Substitution,Intron 10,IVS 10 +10,,,N,,,,X,Not reported,Not reported,,2010,211,,0,,0,Splice,Unknown,6,,eeb4c74d-6c90-46a5-ae88-e76d530da0f2,23.9,Black,On-Demand,140,0
c.1537+1G>A,154189349,,,Splice site change,Substitution,Intron 10,IVS 10 +1,,,N,X,,,,Severe,Not reported,,2016,280,,0,2,0,Splice,Unknown,6,12,02e033c2-a80d-48a2-bf3f-633c04adb534,5.4,Caucasian,Prophylaxis,48,0
c.1537+1G>C,154189349,,,Splice site change,Substitution,Intron 10,IVS 10 +1,,,N,X,,,,Severe,Yes,Potential splice error,2007,170,,1,2,0,Splice,Unknown,6,12,9d4e0eaf-4975-4f5d-85dc-6d80bb912145,2.6,Black,Prophylaxis,34,0
c.1537+1G>T,154189349,,,Splice site change,Substitution,Intron 10,IVS 10 +1,,,N,X,,,,Severe,No,,2018,301,,0,2,0,Splice,Unknown,6,12,7d5cd2fa-ac60-4993-8834-4948940b3195,4.6,Caucasian,Prophylaxis,46,0
c.1537+2T>C,154189348,,,Splice site change,Substitution,Intron 10,IVS 10 +2,,,N,,,,X,Not reported,Not reported,,2019,309,,0,,0,Splice,Unknown,6,,84e9a72f-535b-46b0-a4ad-a61f2f3e89da,19.6,Caucasian,On-Demand,95,0
c.1537+325A>G,154189025,,,Splice site change,Substitution,Intron 10,IVS 10 +325,,,N,,,X,,Mild,Yes,,2013,242,,1,0,0,Splice,Unknown,6,0,0b5d0179-d185-4030-88d9-83f705523db6,19.6,Caucasian,On-Demand,100,0
c.1538-13delT,154185459,,,Splice site change,Deletion,Intron 10,IVS 10 -13,,,N,X,,,,Severe,Not reported,,2016,280,,0,2,0,Splice,Unknown,6,12,2bd82ba4-c879-47d8-a347-fd7bb7dfa245,7.3,Asian,Prophylaxis,70,0
c.1538-16insA,154185462,,,Splice site change,Insertion,Intron 10,IVS 10 -16,,,N,X,,,,Severe,No,,2009,191,,0,2,0,Splice,Unknown,6,12,69c42e83-cbbf-414b-936e-7a3c44421694,9.3,Caucasian,On-Demand,13,0
c.1538-18G>A,154185464,,,Splice site change,Substitution,Intron 10,IVS 10 -18,,,N,,X,,,Moderate,Not reported,Potential splice reported deleterious in ref. 253,2008,"183, 186",,0,1,0,Splice,Unknown,6,6,5a154ef8-38d1-49db-92a9-87e9dec705f9,8.4,Black,Prophylaxis,90,1
c.1538-1G>A,154185447,,,Splice site change,Substitution,Intron 10,IVS 10 -1,,,N,,X,,,Moderate,Not reported,Potential splice reported deleterious in ref. 253,2008,186,,0,1,0,Splice,Unknown,6,6,066fb8b7-39b5-45c6-b48c-f7e3ae4d917e,6.7,Black,On-Demand,37,0
c.1538-1G>T,154185447,,,Splice site change,Substitution,Intron 10,IVS 10 -1,,,N,,,,,severe,No,Potential splice error,2003,136,,0,,0,Splice,Unknown,6,,9a46f3f2-e2ad-41c0-b11b-24442c3d872c,4.1,Caucasian,On-Demand,26,0
c.1538-2A>G,154185448,,,Splice site change,Substitution,Intron 10,IVS 10 -2,,,N,X,,,,Severe,No,,2005,154,,0,2,0,Splice,Unknown,6,12,ec99b9ee-b440-4d97-bdd1-e92bf1e2aa7f,5.3,Caucasian,Prophylaxis,76,0
c.1538-2A>T,154185448,,,Splice site change,Substitution,Intron 10,IVS 10 -2,,,N,X,,,,Severe,Not reported,Potential splice reported deleterious in ref. 253,2009,192,,0,2,0,Splice,Unknown,6,12,ba6e4e62-d6da-4c77-959b-9fe9e9387c7a,2,Caucasian,Prophylaxis,30,0
c.1538-3T>G,154185449,,,Splice site change,Substitution,Intron 10,IVS 10 -3,,,N,X,,,,Severe,Not reported,,2019,315,,0,2,0,Splice,Unknown,6,12,b907c75a-035e-4314-96fd-763af8261379,4.8,Caucasian,Prophylaxis,43,0
c.1538-6G>A,154185452,,,Splice site change,Substitution,Intron 10,IVS 10 -6,,,N,X,,,,Severe,No,,2012,233,,0,2,0,Splice,Unknown,6,12,e1b0532f-ced8-4577-b3cf-b82e70edb275,2.3,Caucasian,Prophylaxis,30,0
c.1745_1752+1delGAAACCAGG,154185231_154185239,,,Splice site change,Deletion,Intron 11,,,Heavy chain,N,X,,,,Severe,Not reported,,2019,314,,0,2,0,Splice,Unknown,6,12,1044c475-688d-4b00-bd33-788120567f47,9.3,Black,On-Demand,56,0
c.1752+1G>A,154185231,,,Splice site change,Substitution,Intron 11,IVS 11 +1,,,N,X,,,,Severe,No,,2005,146,,0,2,0,Splice,Unknown,6,12,9f0e59ae-411a-4ed0-b3ef-2cd4cda47fc6,1.9,Caucasian,Prophylaxis,10,0
c.1752+1G>C,154185231,,,Splice site change,Substitution,Intron 11,IVS 11+1,,,N,,,,X,Not reported,Not reported,,2021,332,X,0,,0,Splice,Unknown,6,,e2007f6c-ae83-456e-9583-8e102536a4b4,19.3,Asian,On-Demand,73,0
c.1752+2T>C,154185230,,,Splice site change,Substitution,Intron 11,IVS 11 +2,,,N,X,,,,Severe,Not reported,,2018,293,,0,2,0,Splice,Unknown,6,12,be20e11d-e4f8-4e56-9528-236e793a8305,3.8,Caucasian,Prophylaxis,19,0
c.1752+2T>G,154185230,,,Splice site change,Substitution,Intron 11,IVS 11 +2,,,N,X,,,,Severe,Yes,,2022,348,X,1,2,0,Splice,Unknown,6,12,ff695f8c-e555-446a-a11d-287b03fe84da,2,Caucasian,On-Demand,4,0
c.1752+3dupG,154185229,,,Splice site change,Duplication,Intron 11,IVS 11 +3,,,N,X,,,,Severe,No,,2012,233,,0,2,0,Splice,Unknown,6,12,9107662d-93e6-42a9-8dc2-984faa38370f,3.6,Black,Prophylaxis,12,0
c.1752+4A>T,154185228,,,Splice site change,Substitution,Intron 11,IVS 11 +4,,,N,,,X,,Mild,Not reported,,2013,249,,0,0,0,Splice,Unknown,6,0,0da0e373-e077-401d-a969-6152514246b1,14.7,Black,On-Demand,68,0
c.1752+5_1752+6insGTTAG,154185226_154185227,,,Splice site change,Insertion,Intron 11,IVS 11 +5_+6,,,N,,,X,,Mild,Not reported,,2015,272,,0,0,0,Splice,Unknown,6,0,f5830fad-e3eb-4c78-a8c3-b60c5e89734a,31.8,Asian,On-Demand,164,1
c.1752+5dupG,154185227,,,Splice site change,Substitution,Intron 11,IVS 11 +5,,,N,X,,,,Severe,Not reported,,2021,330,X,0,2,0,Splice,Unknown,6,12,2839eed6-f3af-4b57-a127-9d560a5acb5b,3.8,Other,Prophylaxis,35,0
c.1752+5G>A,154185227,,,Splice site change,Substitution,Intron 11,IVS 11 +5,,,N,,,X,,Mild,Not reported,Potential splice reported deleterious in ref. 253,1996,74,,0,0,0,Splice,Unknown,6,0,fcfe4710-d507-47b6-9b9c-1ab9e13605bd,21.2,Hispanic,On-Demand,98,0
c.1752+5G>C,154185227,,,Splice site change,Substitution,Intron 11,IVS 11 +5,,,N,,X,,,Moderate,Not reported,,2010,200,,0,1,0,Splice,Unknown,6,6,57594997-a69a-469e-bc10-18a9d35c12af,3.6,Caucasian,Prophylaxis,35,0
c.1752+5G>T,154185227,,,Splice site change,Substitution,Intron 11,IVS 11 +5,,,N,,,,X,Not reported,Not reported,,2007,164,,0,,0,Splice,Unknown,6,,989d9776-ba83-4777-908a-63617418d5d1,5.1,Asian,On-Demand,18,0
c.1753-1G>A,154182318,,,Splice site change,Substitution,Intron 11,IVS 11 -1,,,N,X,,,,Severe,No,,2005,151,,0,2,0,Splice,Unknown,6,12,8f2aa5a1-523f-4cd5-b6f9-308448b19ed0,2.5,Caucasian,Prophylaxis,38,0
c.1753-1G>C,154182318,,,Splice site change,Substitution,Intron 11,IVS 11 -1,,,N,X,,,,Severe,Not reported,,2016,280,,0,2,0,Splice,Unknown,6,12,505b2ee0-6b18-4feb-a511-21f22b5d6520,4.7,Caucasian,Prophylaxis,57,0
c.1753-8A>G,154182325,,,Splice site change,Substitution,Intron 11,IVS 11 -8,,,N,X,,,,Severe,Not reported,,2016,280,,0,2,0,Splice,Unknown,6,12,19d2a004-355d-48bc-8aa9-c7b90fa2b1af,4.8,Caucasian,Prophylaxis,45,1
c.1752+2T>A,154185230,,,Splice site change,Substitution,Intron 11 ,IVS 11 +2,,,N,X,,,,Severe,Not reported,,2018,293,,0,2,0,Splice,Unknown,6,12,b41eb0dd-0053-4e55-ba54-0b77ac7b5361,7.4,Black,Prophylaxis,71,1
c.1903+1_1903+2del,154182165_154182166,,,Splice site change,Deletion,Intron 12,IVS 12 +1,,,N,X,,,,Severe,No,,2010,214,,0,2,0,Splice,Unknown,6,12,4a587600-9e6f-4d52-a66d-b28b07e8564f,13.6,Caucasian,Prophylaxis,133,0
c.1903+1G>A,154182166,,,Splice site change,Substitution,Intron 12,IVS 12 +1,,,N,,,,,Severe,Not reported,Potential splice error,0,0,,0,2,0,Splice,Unknown,6,12,f18d4a45-02a4-4128-8dd6-55be21be4db6,1.9,Caucasian,Prophylaxis,7,1
c.1903+2T>G,154182165,,,Splice site change,Substitution,Intron 12,IVS 12 +2,,,N,X,,,,Severe,Not reported,,2008,"183, 186",,0,2,0,Splice,Unknown,6,12,0a5871c4-6456-4a70-bfc0-2b0c3394edc3,3.6,Black,Prophylaxis,23,0
c.1903+3delG,154182164,,,Splice site change,Deletion,Intron 12,IVS 12 +3,,,N,,,,X,Severe,Not reported,Potential splice error,0,0,,0,2,0,Splice,Unknown,6,12,7b574526-1255-4793-8e23-4fdf7f95e183,3.5,Asian,Prophylaxis,33,0
c.1903+5G>A,154182162,,,Splice site change,Substitution,Intron 12,IVS 12 +5,,,N,,,,X,Mild,Not reported,Potential splice error,1991,41,,0,0,0,Splice,Unknown,6,0,c2455b74-9133-4a64-b97d-a2ff459b6111,23.6,Caucasian,On-Demand,103,0
c.1903+5G>C,154182162,,,Splice site change,Substitution,Intron 12,IVS 12 +5,,,N,,,,X,Not reported,Not reported,,2021,332,X,0,,0,Splice,Unknown,6,,884d8200-7644-4049-90e7-7bc719d196f4,12.6,Asian,On-Demand,60,0
c.1903+5G>T,154182162,,,Splice site change,Substitution,Intron 12,IVS 12 +5,,,N,,,X,,Mild,No,,1998,87,,0,0,0,Splice,Unknown,6,0,356cf1b0-7280-48ab-b487-c10cdc8746f8,2,Black,On-Demand,1,0
c.1904-1G>A,154176183,,,Splice site change,Substitution,Intron 12,IVS 12 -1,,,N,X,,,,Severe,Not reported,,2008,"183, 186",,0,2,0,Splice,Unknown,6,12,516c1a15-fea6-4749-aaf4-d82f76275183,8.1,Caucasian,Prophylaxis,77,0
c.1904-1G>C,154176183,,,Splice site change,Substitution,Intron 12,IVS 12 -1,,,N,X,,,,Severe,Not reported,,2018,293,,0,2,0,Splice,Unknown,6,12,bf623933-e8bc-41e1-b58c-e58b6a1b49e0,4.3,Caucasian,Prophylaxis,45,0
c.1904-1G>T,154176183,,,Splice site change,Substitution,Intron 12,IVS 12-1,,,N,X,,,,Severe,No,,2020,319,X,0,2,0,Splice,Unknown,6,12,c9e625d2-508f-4036-a635-f81c20420af9,6.2,Caucasian,Prophylaxis,44,0
c.1904-2A>G,154176184,,,Splice site change,Substitution,Intron 12,IVS 12 -2,,,N,,,,,Severe,No,,2006,158,,0,2,0,Splice,Unknown,6,12,817ef8bb-b54b-4daf-8205-f272041648f4,4.6,Caucasian,Prophylaxis,59,0
c.1904-2A>T,154176184,,,Splice site change,Substitution,Intron 12,IVS 12 -2,,,N,X,,,,Severe,Not reported,,2017,283,,0,2,0,Splice,Unknown,6,12,8206704d-d453-4c61-bf3c-d778240d5e28,5.6,Caucasian,Prophylaxis,47,0
c.1904-37G>A,154176219,,,Splice site change,Substitution,Intron 12,IVS 12 -37,,,N,,X,,,Moderate,Not reported,,1992,43,,0,1,0,Splice,Unknown,6,6,c5c0459e-e04c-46b8-8b26-d7def5f2dfd7,2.2,Hispanic,Prophylaxis,23,1
c.2113+1152delA,154174821,,,Splice site change,Deletion,Intron 13,IVS 13 +1152,,single domain,N,,,X,,Mild,Not reported,,2011,217,,0,0,0,Splice,Unknown,6,0,d949fc1f-1a4c-4e28-be6d-56be4c767a3e,2,Caucasian,On-Demand,9,0
c.2113+1153G>C,154174820,,,Splice site change,Substitution,Intron 13,,,,N,,,X,,Mild,Not reported,Exonization of intron sequence,2020,325,X,0,0,0,Splice,Unknown,6,0,2a052476-7d6c-4975-bade-37357da9b2c4,19.6,Caucasian,On-Demand,103,0
c.2113+1164_2113+1165insG,154174808_154174809,,,Splice site change,Insertion,Intron 13,IVS 13 +1164_+1165,,,N,,,X,,Mild,No,,2013,246,,0,0,0,Splice,Unknown,6,0,528c5ab4-8e02-41c2-b2ed-ed27a93de13d,2.2,Asian,On-Demand,10,0
c.2113+1G>A,154175972,,,Splice site change,Substitution,Intron 13,IVS 13 +1,,,N,X,,,,Severe,No,Potential splice error,0,0,,0,2,0,Splice,Unknown,6,12,863d6fc5-0e8d-4bb3-b7f2-43b2fc9d956b,4,Black,Prophylaxis,53,0
c.2113+1G>C,154175972,,,Splice site change,Substitution,Intron 13,IVS 13 +1,,,N,X,,,,Severe,Not reported,,2014,256,,0,2,0,Splice,Unknown,6,12,467437d9-9665-4a0b-8f1a-39070952fab6,1.9,Hispanic,On-Demand,13,0
c.2113+1G>T,154175972,,,Splice site change,Substitution,Intron 13,IVS 13 +1,,,N,X,,,,Severe,No,,2012,233,,0,2,0,Splice,Unknown,6,12,7f41e71e-1a98-4ea8-90bc-0cc7fb48a1a1,6.3,Asian,Prophylaxis,67,0
c.2113+2T>C,154175971,,,Splice site change,Substitution,Intron 13,IVS 13 +2,,,N,,,,X,Not reported,Not reported,,2008,180,,0,,0,Splice,Unknown,6,,4907236a-88ac-48ba-8145-3f1b479c9751,13.7,Black,On-Demand,61,0
c.2113+460_2113+473del,154175500_154175513,,,Frameshift,Deletion,Intron 13,IVS 13 +460,A2,single domain,N,,,X,,Mild,Not reported,,2020,323,X,0,0,1,Exon,Unknown,1,0,b4e42eda-0d83-4660-9fd3-f33acb4602b0,15.4,Caucasian,On-Demand,70,1
c.2113+461_2113+473del,154175500_154175512,p.(Gly705Aspfs*37),Gly686Asn*37,Frameshift,Deletion,Intron 13,IVS 13 +461,A2,single domain,N,,,X,,Mild,No,Alu exonization,2018,295,,0,0,1,Exon,Unknown,1,0,a386af7f-704a-412a-832f-70b4769ca7c7,31.2,Caucasian,Prophylaxis,311,0
c.2113+462_2113+473del,154175500_154175511,,,Frameshift,Deletion,Intron 13,IVS 13 +462,A2,single domain,N,,,X,,Mild,Not reported,,2020,323,X,0,0,1,Exon,Unknown,1,0,771559ba-c4de-4eda-8b5e-63e55c4c4773,11.1,Asian,Prophylaxis,102,1
c.2113+463_2113+473del,154175500_154175510,,,Frameshift,Deletion,Intron 13,IVS 13 +463,A2,single domain,N,,,X,,Mild,Not reported,,2020,323,X,0,0,1,Exon,Unknown,1,0,7539dec8-32d5-40cc-9bed-b779f9f5ea89,16.3,Asian,On-Demand,82,0
c.2113+464_2113+473del,154175500_154175509,,,Frameshift,Deletion,Intron 13,IVS 13 +464,A2,single domain,N,,,X,,Mild,Not reported,,2020,323,X,0,0,1,Exon,Unknown,1,0,4b3cf022-6608-49aa-ae0a-5fd62b42d89b,10.4,Hispanic,Prophylaxis,108,0
c.2113+465_2113+473del,154175500_154175508,,,Frameshift,Deletion,Intron 13,IVS 13 +465,A2,single domain,N,,,X,,Mild,Not reported,,2020,323,X,0,0,1,Exon,Unknown,1,0,27f33288-9657-49a1-b3ad-86332aab62b1,27.2,Caucasian,On-Demand,125,0
c.2113+5G>A,154175968,,,Splice site change,Substitution,Intron 13,IVS 13 +5,,,N,,,X,,Mild,Not reported,,2019,315,,0,0,0,Splice,Unknown,6,0,245e566b-d5f9-45f0-b32b-8fcf6ada9293,8.8,Caucasian,Prophylaxis,95,0
c.2113+601G>A,154175372,,,Splice site change,Substitution,Intron 13,IVS 13 +601,,,N,,,X,,Mild,No,,2020,321,X,0,0,0,Splice,Unknown,6,0,c690a39b-0f35-401d-bf3c-4da7eab6a71d,16.3,Hispanic,On-Demand,78,0
c.2114-1G>A,154159952,,,Splice site change,Substitution,Intron 13,IVS 13 -1,,,N,X,,,,Severe,Yes,,1998,87,,1,2,0,Splice,Unknown,6,12,5ba443a4-a964-4ca4-8c34-4b7a5f4d5812,12.7,Caucasian,Prophylaxis,119,1
c.2114-1G>T,154159952,,,Splice site change,Substitution,Intron 13,IVS 13 -1,,,N,X,,,,Severe,No,,2012,234,,0,2,0,Splice,Unknown,6,12,b8f637dd-c046-44f6-b5ee-1d1a1948eddd,2.7,Caucasian,Prophylaxis,24,0
c.2114-2_2121del,154159944_154159953,,,Splice site change,Deletion,Intron 13,IVS 13-2,,,N,X,,,,Severe,No,,2020,319,X,0,2,0,Splice,Unknown,6,12,39ec8498-78f3-4896-b7af-292be32fbb06,6,Caucasian,Prophylaxis,61,0
c.2114-25_2114-8del,154159959_154159976,,,Splice site change,Deletion,Intron 13,IVS 13 -25_-8,,,N,X,,,,Severe,Not Reported,,2013,253,,,2,0,Splice,Unknown,6,12,e28a992b-1e3e-4a0d-b6b3-fe579888f111,6.3,Hispanic,Prophylaxis,76,0
c.2114-2A>G,154159953,,,Splice site change,Substitution,Intron 13,IVS 13 -2,,,N,X,,,,Severe,Yes,,2008,188,,1,2,0,Splice,Unknown,6,12,66fcef23-b931-4161-b3b0-689340c63531,4.6,Black,Prophylaxis,64,1
c.2113+1_5219+?del,154156846_154175971,,,Large structural change (>50 bp),Deletion,Intron 13 - Exon 14,,B,single domain,N,,,,X,Severe,No,,1987,6,,0,2,0,Exon,Unknown,3,6,c3356d2e-f128-4aa2-9626-6ab53a1f7ccd,6.6,Other,Prophylaxis,73,0
c.2114-1341_3291del,154158774_154161292,,,Large structural change (>50 bp),Deletion,Intron 13 - Exon 14,,B,single domain,N,,X,,,Severe,No,,2006,157,,0,2,0,Exon,Unknown,3,6,42677298-e253-4e48-8d0c-5ffbd510c107,0.9,Caucasian,Prophylaxis,18,0
c.5219+1G>A,154156845,,,Splice site change,Substitution,Intron 14,IVS 14 +1,,,N,,,,,Severe,Yes,,2006,158,,1,2,0,Splice,Unknown,6,12,e45240da-c8ea-456e-bcfe-302744b74fc7,3.9,Asian,Prophylaxis,25,1
c.5219+1G>T,154156845,,,Splice site change,Substitution,Intron 14,IVS 14 +1,,,N,X,,,,Severe,No,,2014,254,,0,2,0,Splice,Unknown,6,12,be0e7cc9-a9f9-4c63-9079-e58986027188,7.8,Caucasian,Prophylaxis,77,0
c.5219+2T>C,154156844,,,Splice site change,Substitution,Intron 14,IVS 14 +2,,,N,X,,,,Severe,No,,2008,"183, 186",,0,2,0,Splice,Unknown,6,12,7c5050d5-cc6b-41ab-bbf6-f3ac671fa1db,1.2,Caucasian,Prophylaxis,30,1
c.5219+2T>G,154156844,,,Splice site change,Substitution,Intron 14,IVS 14 +2,,,N,X,,,,Severe,No,,0,0,,0,2,0,Splice,Unknown,6,12,baec4262-9e53-4b3e-aef9-445c551c4bfe,4.3,Caucasian,Prophylaxis,41,1
c.5219+3A>C,154156843,,,Splice site change,Substitution,Intron 14,IVS 14 +3,,,N,X,,,,Severe,No,,2006,160,,0,2,0,Splice,Unknown,6,12,5ba79c2b-c3f2-48bc-87c1-f568188f5fe5,4.9,Hispanic,On-Demand,32,0
c.5220-16insA,154134864,,,Splice site change,Insertion,Intron 14,IVS 14 -16,,,N,X,,,,Severe,Not reported,,2002,126,X,0,2,0,Splice,Unknown,6,12,e54525f5-8655-44c5-8423-56a11b1a366d,5.2,Black,Prophylaxis,52,0
c.5220-1G>A,154134849,,,Splice site change,Substitution,Intron 14,IVS 14 -1,,,N,X,,,,Severe,No,,2002,128,,0,2,0,Splice,Unknown,6,12,533021eb-e7e8-4edf-b55c-7b037e651e54,1.8,Asian,Prophylaxis,13,0
c.5220-1G>C,154134849,,,Splice site change,Substitution,Intron 14,IVS 14 -1,,,N,,X,,,Moderate,No,,2012,226,,0,1,0,Splice,Unknown,6,6,6e2b5cdd-d17c-42a5-90df-10a1ba45b7a3,1.5,Asian,Prophylaxis,12,1
c.5220-2A>C,154134850,,,Splice site change,Substitution,Intron 14,IVS 14 -2,,,N,X,,,,Severe,Not reported,,2016,281,,0,2,0,Splice,Unknown,6,12,5011f90c-70ad-415d-91cb-e585bdc72fe8,5.8,Asian,Prophylaxis,47,1
c.5220-2A>G,154134850,,,Splice site change,Substitution,Intron 14,IVS 14 -2,,,N,X,,,,Severe,No,Potential splice error,2006,160,,0,2,0,Splice,Unknown,6,12,01e3220d-ec74-4716-ad36-79c6c1809586,2,Caucasian,On-Demand,8,0
c.5220-2A>T,154134850,,,Splice site change,Substitution,Intron 14,IVS 14 -2,,,N,X,,,,Severe,Not reported,,2008,"183, 186",,0,2,0,Splice,Unknown,6,12,d636bc18-8ec6-489a-938e-5c6f6a30c6b4,4.8,Caucasian,Prophylaxis,68,0
c.5220-603_5373+295del,154134400_154135451,,,Splice site change,Deletion,Intron 14,,,,N,X,,,,Severe,Not reported,,2015,267,,0,2,0,Splice,Unknown,6,12,185b8c6b-0d00-4be7-a773-d4239bdbc276,1.8,Asian,On-Demand,12,0
c.5220-8563A > G,154143411,,,Splice site change,Substitution,Intron 14,IVS 14-8563,,,N,,,X,,Mild,Not reported,Exonization of intron sequence,2020,325,X,0,0,0,Splice,Unknown,6,0,1d61f21c-9671-4f9c-9408-0040ad7e8a99,2,Caucasian,Prophylaxis,45,0
c.[5220-1543_6273+1740del;6273+1779_*57770del],154136391_154126401;154126362_154008102,,,Large structural change (>50 bp),Deletion,Intron 14 - Intron 21; Intron 21 - 3'UTR,,,multiple domains,N,X,,,,Severe,Yes,"Ectrodactyly, craniofacial defects",2019,313,,1,2,0,Exon,Unknown,3,6,6e183399-a35c-414a-9dae-f57bcb43cf29,4.2,Caucasian,Prophylaxis,23,1
c.5373+13C>T,154134682,,,Splice site change,Substitution,Intron 15,IVS 15 +13,,,N,X,,,,Severe,No,,1995,66,,0,2,0,Splice,Unknown,6,12,1be2f090-e563-4a59-bb09-8d08534a1a0b,4.9,Black,Prophylaxis,50,0
c.5373+1G>A,154134694,,,Splice site change,Substitution,Intron 15,IVS 15 +1,,,N,X,,,,Severe,Not reported,,2002,126,,0,2,0,Splice,Unknown,6,12,16e9e9aa-c783-41fe-9f4f-e18b7adb2e75,5.2,Caucasian,Prophylaxis,43,1
c.5373+1G>C,154134694,,,Splice site change,Substitution,Intron 15,IVS 15 +1,,,N,X,,,,Severe,Not reported,,2002,126,,0,2,0,Splice,Unknown,6,12,fae0415a-4f17-454a-bfde-a83866cae0dd,4.6,Black,Prophylaxis,59,0
c.5373+1G>T,154134694,,,Splice site change,Substitution,Intron 15,IVS 15 +1,,,N,X,,,,Severe,No,Potential splice reported deleterious in ref. 253,1998,87,,0,2,0,Splice,Unknown,6,12,107de801-35aa-478e-8102-9bebc5985f1a,3.4,Black,Prophylaxis,47,1
c.5373+2dupT,154134693,,,Splice site change,Duplication,Intron 15,IVS 15 +2,,,N,,X,,,Moderate,Not reported,,2018,293,,0,1,0,Splice,Unknown,6,6,6b923012-68af-4d33-970f-bc496585a7ed,1.7,Caucasian,Prophylaxis,5,0
c.5373+2T>G,154134693,,,Splice site change,Substitution,Intron 15,IVS 15 +2,,,N,,X,,,Moderate,No,,2008,"180, 183",,0,1,0,Splice,Unknown,6,6,c4a533e3-4511-4a24-ad3a-fe4084b05ad7,4.2,Caucasian,Prophylaxis,42,0
c.5373+5G>T,154134690,,,Splice site change,Substitution,Intron 15,IVS 15 +5,,,N,,,X,,Mild,Not reported,,2019,315,,0,0,0,Splice,Unknown,6,0,a59fca61-256d-4fdc-b531-c3e1910b423d,18.8,Caucasian,On-Demand,90,1
c.5373+6T>G,154134689,,,Splice site change,Substitution,Intron 15,IVS 15 +6,,,N,X,,,,Severe,No,,2005,154,,0,2,0,Splice,Unknown,6,12,8c8d5e23-efa3-45f7-baa8-e4f0448ba9d5,3.7,Caucasian,Prophylaxis,36,0
c.5374-19delT,154133317,,,Splice site change,Deletion,Intron 15,IVS 15 -19,,,N,X,,,,Severe,No,,2009,191,,0,2,0,Splice,Unknown,6,12,44a3f291-9a0e-4072-acb5-01a4bcfc932e,1.8,Black,Prophylaxis,22,0
c.5374-19dupT,154133317,,,Splice site change,Duplication,Intron 15,IVS 15 -19,,,N,,X,,,Moderate,No,,2010,210,,0,1,0,Splice,Unknown,6,6,feebf803-33cf-4d20-b5af-f1fb5427f2b5,16,Caucasian,Prophylaxis,135,0
c.5374-1G>A,154133299,,,Splice site change,Substitution,Intron 15,IVS 15 -1,,,N,,,X,,Mild,No,,2007,161,,0,0,0,Splice,Unknown,6,0,524df074-5a86-4a03-aa18-ecb556574b71,22,Asian,On-Demand,120,0
c.5374-1G>C,154133299,,,Splice site change,Substitution,Intron 15,IVS 15 -1,,,N,X,,,,Severe,No,,2008,188,,0,2,0,Splice,Unknown,6,12,7cf6c480-57f9-4f23-b557-b1c43b9a9145,4.8,Asian,Prophylaxis,63,1
c.5374-1G>T,154133299,,,Splice site change,Substitution,Intron 15,IVS 15 -1,,,N,X,,,,Severe,Not reported,,2018,"293, 300",,0,2,0,Splice,Unknown,6,12,751904f9-0d57-4d28-8b82-bf2fe7716547,3.7,Hispanic,Prophylaxis,35,0
c.5374-2A>G,154133300,,,Splice site change,Substitution,Intron 15,IVS 15 -2,,,N,X,,,,Severe,No,,2018,301,,0,2,0,Splice,Unknown,6,12,3cfb7251-31db-4b2a-9eff-ed237120b373,1.7,Caucasian,Prophylaxis,10,0
c.5374-2A>T,154133300,,,Splice site change,Substitution,Intron 15,IVS 15 -2,,,N,X,,,,Severe,Yes,Potential splice error,2007,170,,1,2,0,Splice,Unknown,6,12,dbf1999d-5bd1-4cc9-8e19-95639cd67386,2.1,Other,Prophylaxis,35,0
c.5374-3C>A,154133301,,,Splice site change,Substitution,Intron 15,IVS 15 -3,,,N,,X,,,Moderate,Not reported,,2016,280,,0,1,0,Splice,Unknown,6,6,100265c2-4d32-43c4-b6c4-d7577872dca3,9.6,Caucasian,On-Demand,47,0
c.5374-3delC,154133301,,,Splice site change,Deletion,Intron 15,IVS 15 -3,,,N,,X,,,Moderate,No,,2013,239,,0,1,0,Splice,Unknown,6,6,4250629f-4620-4fff-af73-86f1330f0a3d,4.8,Other,On-Demand,22,0
c.5373+1_5586+?del,154133086_154134694,,,Large structural change (>50 bp),Deletion,Intron 15 - Exon 16,,A3,single domain,N,X,,,,Severe,No,,1993,60,,0,2,0,Exon,Unknown,3,6,857404e7-571f-46e0-81b2-c0a955952f2e,3.1,Asian,Prophylaxis,16,0
c.5374-309_5380delinsTACATA,154133292_154133607,,,Large structural change (>50 bp),Deletion/Insertion,Intron 15 - Exon 16,,A3,single domain,N,,X,,,Severe,Not reported,,1999,100,,0,2,0,Exon,Unknown,3,6,41233118-648e-489d-8ef8-31242613e186,2.3,Caucasian,Prophylaxis,12,0
c.5586+194C>T,154132892,,,Splice site change,Substitution,Intron 16,IVS 16 +194,,,N,,,X,,Mild,No,,2013,246,,0,0,0,Splice,Unknown,6,0,378411d2-3bd9-4989-996b-c8167182675f,11.7,Caucasian,On-Demand,65,0
c.5586+1G>A,154133085,,,Splice site change,Substitution,Intron 16,IVS 16 +1,,,N,X,,,,Severe,Yes,,2020,319,X,1,2,0,Splice,Unknown,6,12,50c73738-709f-4456-a36d-d9a7a3499688,1.6,Caucasian,Prophylaxis,1,1
c.5586+1G>C,154133085,,,Splice site change,Substitution,Intron 16,IVS 16 +1 ,,,N,X,,,,Severe,Not reported,,2016,280,,0,2,0,Splice,Unknown,6,12,b33dd5b6-d4ef-4c3a-8b31-3279c3040cec,6.1,Caucasian,Prophylaxis,67,0
c.5586+2T>A,154133084,,,Splice site change,Substitution,Intron 16,IVS 16 +2,,,N,,X,,,Moderate,Not reported,,2021,333,X,0,1,0,Splice,Unknown,6,6,2d66942f-93c6-4cea-9e73-6d6d8692de36,1,Caucasian,Prophylaxis,10,0
c.5586+2T>C,154133084,,,Splice site change,Substitution,Intron 16,IVS 16 +2,,,N,X,,,,Severe,Not reported,,2018,293,,0,2,0,Splice,Unknown,6,12,a1f1ef2d-9739-43c1-ae91-385411fc1131,4.2,Hispanic,Prophylaxis,49,0
c.5586+2T>G,154133084,,,Splice site change,Substitution,Intron 16,IVS 16 +2,,,N,,X,,,Moderate,Yes,Potential splice error,2007,170,,1,1,0,Splice,Unknown,6,6,01e85d70-3d32-4ab6-a23c-a0b45a330153,3.4,Caucasian,Prophylaxis,33,0
c.5586+3A>T,154133083,,,Splice site change,Substitution,Intron 16,IVS 16 +3,,,N,X,,,,Severe,Not reported,,2015,272,,0,2,0,Splice,Unknown,6,12,b49d2752-4e81-4e24-88a1-565d4496741c,6.3,Hispanic,Prophylaxis,52,0
c.5586+5G>A,154133081,,,Splice site change,Substitution,Intron 16,IVS 16 +5,,,N,,,X,,Mild,No,,2008,180,,0,0,0,Splice,Unknown,6,0,ee432259-bfc0-45fb-8ee5-a0fba60703d7,9.1,Caucasian,On-Demand,34,0
c.5587-1G>A,154132800,,,Splice site change,Substitution,Intron 16,IVS 16 -1,,,N,X,,,,Severe,No,Potential splice error,2001,124,,0,2,0,Splice,Unknown,6,12,fc9d3f87-3c8e-45a7-b6ba-72ee6101e04b,6.3,Asian,Prophylaxis,52,0
c.5587-1G>T,154132800,,,Splice site change,Substitution,Intron 16,IVS 16 -1,,,N,X,,,,Severe,Yes,,2020,319,X,1,2,0,Splice,Unknown,6,12,2685e054-ad1c-4bd8-a749-041e6acdba9b,5.8,Other,Prophylaxis,53,0
c.5587-2A>G,154132801,,,Splice site change,Substitution,Intron 16,IVS 16 -2,,,N,,X,,,Moderate,Yes,Potential splice error,2020,324,X,1,1,0,Splice,Unknown,6,6,7364c51c-9e97-40d6-acff-ced0c8309083,1.6,Caucasian,Prophylaxis,14,0
c.5587-2A>T,154132801,,,Splice site change,Substitution,Intron 16,IVS 16 -2,,,N,X,,,,Severe,Yes,,2008,178,,1,2,0,Splice,Unknown,6,12,f467fc0e-870c-4384-bce4-5c677df13c4f,2.1,Caucasian,Prophylaxis,27,1
c.5587-93C>T,154132892,,,Splice site change,Substitution,Intron 16,IVS 16 -93,,,N,,,X,,Mild,Not reported,,2011,217,,0,0,0,Splice,Unknown,6,0,9bf7e8f6-f95d-4f4a-9422-b80083c85bc8,2,Caucasian,On-Demand,19,0
c.143+?_787+1dup/inv,154212961_154227875,,dup/inv 1-6,Large structural change (>50 bp),Duplication/Inversion,Intron 1-6,,A1,single domain,N,X,,,,Severe,Not reported,,2013,250,,0,2,0,Exon,Unknown,3,6,4a9aab1b-8dce-4b6c-b938-1e4b8e7d2fea,8.1,Caucasian,Prophylaxis,71,0
c.5806_5815+9del,154132562_154132580,,,Splice site change,Deletion/Insertion,Intron 17,,,,N,X,,,,Severe,Not reported,,2018,293,,0,2,0,Splice,Unknown,6,12,57123a1c-a428-4ec9-aca0-fe3f6d7281e0,4.8,Caucasian,Prophylaxis,23,1
c.5815+1G>A,154132570,,,Splice site change,Substitution,Intron 17,IVS 17 +1,,,N,X,,,,Severe,Not reported,,2014,256,,0,2,0,Splice,Unknown,6,12,f5011203-f464-4d8a-ab92-c15964a2bbfd,1.5,Caucasian,Prophylaxis,4,0
c.5815+1G>T,154132570,,,Splice site change,Substitution,Intron 17,IVS 17 +1,,,N,,,X,,Mild,Not reported,,2014,256,,0,0,0,Splice,Unknown,6,0,1b5b6209-c588-4249-b516-1200cbe5c5ab,18,Black,Prophylaxis,184,0
c.5815+2T>C,154132569,,,Splice site change,Substitution,Intron 17,IVS 17 +2,,,N,X,,,,Severe,No,Potential splice error,2002,"0, 130",,0,2,0,Splice,Unknown,6,12,0646efd3-1c45-4e54-bf40-ff6717c87d9e,7.8,Caucasian,Prophylaxis,85,0
c.5815+3A>G,154132568,,,Splice site change,Substitution,Intron 17,IVS 17 +3,,,N,,,X,,Mild,Not reported,,2018,293,,0,0,0,Splice,Unknown,6,0,0e5d90d0-8b4f-4efd-ab69-e8bf1b02062d,14.5,Caucasian,On-Demand,71,0
c.5816-13_5816-14delinsTA,154132376_154132377,,,Splice site change,Deletion/Insertion,Intron 17,IVS 17 -13_-14,,,N,X,,,,Severe,No,,2008,175,,0,2,0,Splice,Unknown,6,12,ee5ad25c-e74a-4eb9-bcc4-0f335b72b225,3.1,Black,Prophylaxis,43,0
c.5816-1G>A,154132364,,,Splice site change,Substitution,Intron 17,IVS 17 -1,,,N,,X,,,Moderate,Not reported,,2020,329,X,0,1,0,Splice,Unknown,6,6,97259be2-7e14-42b4-be53-c9f387933b1b,1.6,Black,Prophylaxis,5,0
c.5816-1G>T,154132364,,,Splice site change,Substitution,Intron 17,IVS 17 -1,,,N,X,,,,Severe,Yes,,2020,319,X,1,2,0,Splice,Unknown,6,12,1ca9baa5-df59-43ca-9c2e-b137ad704984,1.8,Caucasian,On-Demand,11,1
c.5816-34A>T,154132397,,,Splice site change,Substitution,Intron 17,IVS 17 -34,,,N,X,,,,Severe,No,,2009,191,,0,2,0,Splice,Unknown,6,12,8a520c3a-4c58-4f3c-8e40-64b8962c27ec,2.7,Asian,Prophylaxis,21,0
c.5816-3C>G,154132366,,,Splice site change,Substitution,Intron 17,IVS 17 -3,,,N,,X,,,Moderate,Not reported,,2018,293,,0,1,0,Splice,Unknown,6,6,1435b068-91e3-4be5-aeb2-df6ac2068586,2.4,Caucasian,Prophylaxis,33,0
c.5998+1G>A,154132180,,,Splice site change,Substitution,Intron 18,IVS 18 +1,,,N,X,,,,Severe,No,Potential splice reported deleterious in ref. 253,1998,"0, 84",,0,2,0,Splice,Unknown,6,12,141b218b-b9f4-4f2b-8ed7-2a6ca080c44c,7.2,Black,Prophylaxis,68,0
c.5998+1G>C,154132180,,,Splice site change,Substitution,Intron 18,IVS 18 +1,,,N,X,,,,Severe,Not reported,,2013,249,,0,2,0,Splice,Unknown,6,12,19da60d0-4e44-4a5f-88ff-d1f665a5463c,8.3,Asian,Prophylaxis,74,0
c.5998+2T>C,154132179,,,Splice site change,Substitution,Intron 18,IVS 18 +2,,,N,X,,,,Severe,Not reported,,2016,280,,0,2,0,Splice,Unknown,6,12,2ae6b4a5-b106-4402-b9e1-88ee034f31c2,7,Caucasian,On-Demand,31,0
c.5998+3A>C,154132178,,,Splice site change,Substitution,Intron 18,IVS 18 +3,,,N,,,X,,Mild,Not reported,,2019,315,,0,0,0,Splice,Unknown,6,0,8be5238a-07c5-443c-9fc4-639485ecca25,2,Caucasian,On-Demand,23,0
c.5998+3A>T,154132178,,,Splice site change,Substitution,Intron 18,IVS 18 +3,,,N,,,X,,Mild,Not reported,,2019,315,,0,0,0,Splice,Unknown,6,0,d1ac0edb-59dc-41ae-aa23-8ee34cb9bd1c,5,Asian,On-Demand,18,0
c.5998+529C>T,154131652,,,Splice site change,Substitution,Intron 18,IVS 18 +529,,,N,,,X,,Mild,No,,2013,246,,0,0,0,Splice,Unknown,6,0,5cb1cb05-cd1c-447b-916e-601e0b8e0e57,17.1,Hispanic,On-Demand,85,0
c.5999-11G>A,154130453,,,Splice site change,Substitution,Intron 18,IVS 18 -11,,,N,,X,,,Moderate,No,,2014,255,,0,1,0,Splice,Unknown,6,6,2b2b52db-fe0a-4de2-8519-894fb9d90217,3.4,Asian,Prophylaxis,30,0
c.5999-1G>T,154130443,,,Splice site change,Substitution,Intron 18,IVS 18 -1,,,N,X,,,,Severe,No,,2010,203,,0,2,0,Splice,Unknown,6,12,3e91a6f6-ac38-4fc5-a709-4343a2709735,1.6,Asian,Prophylaxis,7,0
c.5999-2_5999-1del,154130443_154130444,,,Splice site change,Deletion,Intron 18,IVS 18 -2_-1,,,N,,X,,,Moderate,No,,2008,180,,0,1,0,Splice,Unknown,6,6,85b576dc-ba70-4715-84b5-8d8fd5436e58,7.2,Hispanic,Prophylaxis,81,0
c.5999-277G>A,154130719,,,Splice site change,Substitution,Intron 18,IVS 18 -277,,,N,,,X,,Mild,Not reported,,2011,217,,0,0,0,Splice,Unknown,6,0,43832ccf-8a3e-44a2-82c3-684ecffa6a18,2.4,Caucasian,On-Demand,4,0
c.5999-27A>G,154130469,,,Splice site change,Substitution,Intron 18,IVS 18-27,,,N,,X,,,Moderate,Not reported,,2020,"327, 328",X,0,1,0,Splice,Unknown,6,6,ad6d541a-333b-48e6-9283-eb298e700e04,3.2,Caucasian,Prophylaxis,27,0
c.5999-28_5999-22delinsATTG,154130464_154130470,,,Splice site change,Deletion/Insertion,Intron 18,IVS 18 -28_-22,,,N,,X,,,Moderate,No,,2012,233,,0,1,0,Splice,Unknown,6,6,384763a8-dd00-4ca7-8e49-c3d7d07fc520,1,Black,Prophylaxis,25,1
c.5999-2A>C,154130444,,,Splice site change,Substitution,Intron 18,IVS 18 -2,,,N,X,,,,Severe,No,,2012,233,,0,2,0,Splice,Unknown,6,12,3dd692ae-dbc3-4af3-8cfe-a6edf9581aab,3.1,Asian,Prophylaxis,29,0
c.5999-3_6002del,154130439_154130445,,,Splice site change,Deletion,Intron 18,IVS 18 -3,,,N,X,,,,Severe,Not reported,,2016,280,,0,2,0,Splice,Unknown,6,12,14e1516f-65d6-45f5-8e4b-2da9dfd399f7,5.5,Caucasian,Prophylaxis,57,0
c.5999-38ins1088bp,154130480,,,Splice site change,Insertion,Intron 18,,,,Y,X,,,,Severe,Not reported,,2015,274,,0,2,0,Splice,Unknown,6,12,fdd4f507-bace-4f42-9491-ef4effa3f226,7.8,Asian,Prophylaxis,117,0
c.5999-763G>A,154131418,,,Splice site change,Substitution,Intron 18,IVS 18 -763,,,N,,,X,,Mild,No,,2019,310,,0,0,0,Splice,Unknown,6,0,a1ac0a66-bf6f-4ae7-8394-10aa5b95d9b6,2,Caucasian,On-Demand,16,0
c.6115+1_6115+3del,154130323_154130325,,,Splice site change,Deletion,Intron 19,IVS 19 +1_+3,,,N,X,,,,Severe,Not reported,,2008,"183, 186",,0,2,0,Splice,Unknown,6,12,b01abe67-26ef-42a7-a916-e9a29cda4871,1.2,Caucasian,Prophylaxis,11,1
c.6115+1G>A,154130325,,,Splice site change,Substitution,Intron 19,IVS 19 +1,,,N,X,,,,Severe,No,,2001,116,,0,2,0,Splice,Unknown,6,12,c0c06422-e6d9-4ddf-95a1-26c901c8db34,1,Black,Prophylaxis,12,0
c.6115+1G>C,154130325,,,Splice site change,Substitution,Intron 19,IVS 19 +1,,,N,X,,,,Severe,Not reported,,2021,333,X,0,2,0,Splice,Unknown,6,12,e2d10eb9-f5f3-415b-82ee-e7a9c0a61d0a,3.9,Caucasian,Prophylaxis,39,0
c.6115+2T>A,154130324,,,Splice site change,Substitution,Intron 19,IVS 19 +2,,,N,X,,,,Severe,No,,2020,324,X,0,2,0,Splice,Unknown,6,12,58066eb1-8360-48ef-b3a7-07b0636916ea,1.7,Asian,Prophylaxis,22,0
c.6115+2T>C,154130324,,,Splice site change,Substitution,Intron 19,IVS 19 +2,,,N,X,,,,Severe,Not reported,Potential splice error,0,0,,0,2,0,Splice,Unknown,6,12,f24ea84b-5805-4efd-9f79-ac48538f6796,1.9,Other,Prophylaxis,12,0
c.6115+2T>G,154130324,,,Splice site change,Substitution,Intron 19,IVS 19 +2,,,N,X,,,,Severe,Not reported,,2018,293,,0,2,0,Splice,Unknown,6,12,a824a176-360d-4a43-a7c1-ef91d3d9daf0,3.5,Asian,Prophylaxis,43,0
c.6115+3_6115+6del,154130320_154130323,,,Splice site change,Deletion,Intron 19,IVS 19 +3_+6,,,N,X,,,,Severe,Yes,,2012,231,,1,2,0,Splice,Unknown,6,12,58be19d6-0bdf-4633-82fd-76f8ac9204ce,2.4,Caucasian,On-Demand,11,0
c.6115+3G>C,154130323,,,Splice site change,Substitution,Intron 19,IVS 19 +3,,,N,X,,,,Severe,No,,2012,227,,0,2,0,Splice,Unknown,6,12,6510e0eb-4b1b-47c7-9ad8-c5ffdad6726b,0.9,Black,Prophylaxis,3,0
c.6115+3G>T,154130323,,,Splice site change,Substitution,Intron 19,IVS 19 +3,,,N,,,,X,Severe,Not reported,,1997,77,,0,2,0,Splice,Unknown,6,12,3ba15de2-e5fd-456d-a4c6-08657b0c9d84,7,Black,Prophylaxis,72,0
c.6115+4A>C,154130322,,,Splice site change,Substitution,Intron 19,IVS 19 +4,,,N,X,,,,Severe,Not reported,,2018,293,,0,2,0,Splice,Unknown,6,12,54d20d6c-938e-492c-bbf1-78d596977c9c,2.8,Asian,On-Demand,2,0
c.6115+4A>G,154130322,,,Splice site change,Substitution,Intron 19,IVS 19 +4,,,N,X,,,,Severe,No,Potential splice reported deleterious in ref. 253,2005,148,,0,2,0,Splice,Unknown,6,12,2a577a7f-945c-4bda-b7df-7cc51cc52ff7,5.7,Other,Prophylaxis,57,1
c.6115+4delA,154130322,,,Splice site change,Deletion,Intron 19,IVS 19 +4,,,N,X,,,,Severe,No,,2018,301,,0,2,0,Splice,Unknown,6,12,bf50a954-b48a-4025-afab-12bc1dac6f6c,3.1,Asian,Prophylaxis,28,0
c.6115+5G>A,154130321,,,Splice site change,Substitution,Intron 19,IVS 19 +5,,,N,X,,,,Severe,No,Potential splice reported deleterious in ref. 253,1997,83,,0,2,0,Splice,Unknown,6,12,66ccd890-dcaa-4628-858b-bff9db6e601e,3.8,Caucasian,Prophylaxis,30,1
c.6115+5G>C,154130321,,,Splice site change,Substitution,Intron 19,IVS 19 +5,,,N,X,,,,Severe,Not reported,,2018,293,,0,2,0,Splice,Unknown,6,12,83548bc6-2d1c-4f30-a45e-c0e968379dd4,0.7,Asian,Prophylaxis,12,0
c.6115+5G>T,154130321,,,Splice site change,Substitution,Intron 19,IVS 19 +5,,,N,X,,,,Severe,Not reported,,2021,333,X,0,2,0,Splice,Unknown,6,12,6d30ed87-8379-43e8-b18f-129403609bdb,2.3,Caucasian,Prophylaxis,18,0
c.6115+6T>A,154130320,,,Splice site change,Substitution,Intron 19,IVS 19 +6,,,N,X,,,,Severe,No,,0,0,,0,2,0,Splice,Unknown,6,12,71a1e9e1-7844-4b35-8283-dd7eba742603,4,Caucasian,Prophylaxis,46,0
c.6115+9C>G,154130317,,,Splice site change,Substitution,Intron 19,IVS 19 +9,,,N,,,X,,Mild,No,Potential splice error,0,0,,0,0,0,Splice,Unknown,6,0,afa773c7-e268-43ad-b111-4d6652b95eca,22.6,Caucasian,On-Demand,125,0
c.6116-1_6120delinsTCC,154129713_154129718,,,Splice site change,Deletion/Insertion,Intron 19,,,,N,X,,,,Severe,Not reported,,2016,281,,0,2,0,Splice,Unknown,6,12,51fd80a3-00dc-4a74-9c14-bbb336eb6118,2.9,Other,Prophylaxis,20,0
c.6116-13C>A,154129730,,,Splice site change,Substitution,Intron 19,IVS 19 -13,,,N,,X,,,Moderate,Not reported,,2018,293,,0,1,0,Splice,Unknown,6,6,13712228-586c-4566-a781-50810c93bda8,2.3,Caucasian,Prophylaxis,22,0
c.6116-1G>A,154129718,,,Splice site change,Substitution,Intron 19,IVS 19 -1,,,N,X,,,,Severe,Not reported,,2010,211,,0,2,0,Splice,Unknown,6,12,5e726785-64b2-4ce2-964f-4212d3a00fe6,2.4,Caucasian,Prophylaxis,29,0
c.6116-1G>T,154129718,,,Splice site change,Substitution,Intron 19,IVS 19 -1,,,N,X,,,,Severe,Yes,,2014,258,,1,2,0,Splice,Unknown,6,12,7941ba1d-26db-4956-a219-3451e26a1689,4.6,Caucasian,Prophylaxis,41,0
c.6116-2A>G,154129719,,,Splice site change,Substitution,Intron 19,IVS 19 -2,,,N,X,,,,Severe,Not reported,Potential splice reported deleterious in ref. 253,1998,91,,0,2,0,Splice,Unknown,6,12,a3f7cc9a-b7b8-4cf5-90e2-4fcd467745be,3,Asian,Prophylaxis,13,1
c.6116-3C>A,154129720,,,Splice site change,Substitution,Intron 19,IVS 19 -3,,,N,,,X,,Mild,No,,2012,231,,0,0,0,Splice,Unknown,6,0,43300be5-243f-4c52-b64b-634918cfd3e1,6.2,Asian,On-Demand,22,0
c.265_265+1dup,154227753_154227754,,,Splice site change,Duplication,Intron 2,IVS 2 +1,,,N,,X,,,Moderate,No,,2021,334,X,0,1,0,Splice,Unknown,6,6,649751b1-afaa-40ff-82ec-d65c47caefd2,1.2,Asian,Prophylaxis,25,0
c.265+1G>A,154227753,,,Splice site change,Substitution,Intron 2,IVS 2 +1,,,N,,X,,,Severe,No,,1998,87,,0,2,0,Splice,Unknown,6,12,a6758dfb-59d5-4945-8b21-dd5877a19019,8.5,Other,Prophylaxis,92,0
c.265+1G>T,154227753,,,Splice site change,Substitution,Intron 2,IVS 2 +1,,,N,X,,,,Severe,Not reported,,2010,200,,0,2,0,Splice,Unknown,6,12,3ae06aa6-ca98-4378-b110-e9be8509022a,2.4,Asian,On-Demand,5,0
c.265+333C>T,154227421,,,Splice site change,Substitution,Intron 2,IVS 2 +333,,,N,X,,,,Severe,No,,1985,1,,0,2,0,Splice,Unknown,6,12,5a5c5ac9-9a19-4ae5-a823-a2cbf90d4eef,8.6,Asian,Prophylaxis,100,0
c.265+3A>G,154227751,,,Splice site change,Substitution,Intron 2,IVS 2 +3,,,N,X,,,,Severe,No,,2011,218,,0,2,0,Splice,Unknown,6,12,d3f97d0e-d3a7-4f5d-9283-4fa64d2f876c,3.9,Other,Prophylaxis,35,0
c.265+4A>G,154227750,,,Splice site change,Substitution,Intron 2,IVS 2 +4,,,N,X,,,,Severe,Not reported,,2015,272,,0,2,0,Splice,Unknown,6,12,e5496c72-63a4-4dd3-b3ca-2a7f65699ceb,2.6,Asian,Prophylaxis,29,0
c.266-14T>G,154227384,,,Splice site change,Substitution,Intron 2,IVS 2 -14,,,N,,,,X,Not reported,Not reported,,2021,332,X,0,,0,Splice,Unknown,6,,68778999-6eeb-4cc4-b9b2-ebd1dab39a6a,28.9,Caucasian,On-Demand,161,0
c.266-19G>A,154227389,,,Splice site change,Substitution,Intron 2,IVS 2 -19,,,,X,,,,Severe,Not reported,,2013,249,X,0,2,0,Splice,Unknown,6,12,02675c82-e9ff-438f-8506-1d365fe00236,3,Caucasian,Prophylaxis,18,0
c.266-1G>A,154225371,,,Splice site change,Substitution,Intron 2,IVS 2 -1 ,,,N,X,,,,Severe,No,,2010,203,,0,2,0,Splice,Unknown,6,12,efca2347-5288-4e1b-bbf3-5f56e355cfa5,1.3,Black,Prophylaxis,17,0
c.266-2A>G,154225372,,,Splice site change,Substitution,Intron 2,IVS 2 -2,,,N,X,,,,Severe,Not reported,,2013,249,,0,2,0,Splice,Unknown,6,12,54d318b8-cc85-4019-9fed-8a70fcba0635,2,Other,Prophylaxis,21,1
c.266-3delC,154225373,,,Splice site change,Deletion,Intron 2,IVS 2 -3,,,N,,,X,,Mild,Not reported,,2010,211,,0,0,0,Splice,Unknown,6,0,8a428509-075f-437e-b2fa-155eda30981e,6.4,Black,On-Demand,32,1
c.6187+1delG,154129645,,,Splice site change,Deletion,Intron 20,IVS 20 +1,,,N,X,,,,Severe,Not reported,,2015,272,,0,2,0,Splice,Unknown,6,12,4b652c51-26f0-4841-9bdf-e9556ab0a6ea,5.3,Caucasian,Prophylaxis,77,0
c.6187+1G>A,154129645,,,Splice site change,Substitution,Intron 20,IVS 20 +1,,,N,,X,,,Moderate,No,,2014,255,,0,1,0,Splice,Unknown,6,6,0f3ccc64-68c5-4e35-b8a4-04fa87fce188,4.2,Asian,On-Demand,27,0
c.6188-1G>A,154128227,,,Splice site change,Substitution,Intron 20,IVS 20 -1,,,N,,,,X,Not reported,No,,2012,233,,0,,0,Splice,Unknown,6,,5932977a-6f24-42e1-8438-3073cc47a60d,7.1,Caucasian,Prophylaxis,91,1
c.6188-1G>C,154128227,,,Splice site change,Substitution,Intron 20,IVS 20 -1,,,N,X,,,,Severe,No,,2011,218,,0,2,0,Splice,Unknown,6,12,e3febe5e-c137-4650-80c4-576196da1ec7,4.1,Asian,Prophylaxis,38,0
c.6188-1G>T,154128227,,,Splice site change,Substitution,Intron 20,IVS 20 -1,,,N,X,,,,Severe,Not reported,,2019,316,,0,2,0,Splice,Unknown,6,12,42d74def-bf82-43eb-bfe0-6fe440804b98,2.1,Asian,Prophylaxis,19,0
c.6188-4_6197del,154128217_154128230,,,Splice site change,Deletion,Intron 20,IVS 20 -4,,,N,X,,,,Severe,Not reported,,2014,256,,0,2,0,Splice,Unknown,6,12,7db89fcf-e33a-4e46-a945-bcbae68e9595,2.8,Caucasian,Prophylaxis,31,0
c.6188-1_6191del,154128223_154128227,,,Splice site change,Deletion,Intron 20 - Exon 21,,C1,,N,X,,,,Severe,Yes,,2008,180,,1,2,0,Splice,Unknown,6,12,e6a5b73d-3bba-48ae-b42e-09016c43b5d0,4.2,Asian,Prophylaxis,32,1
c.6273+1G>A,154128140,,,Splice site change,Substitution,Intron 21,IVS 21 +1,,,N,,,,,Severe,Yes,,2006,158,,1,2,0,Splice,Unknown,6,12,e490bc04-df30-43df-988a-53cf9cc1f80f,2,Asian,Prophylaxis,28,0
c.6273+1G>C,154128140,,,Splice site change,Substitution,Intron 21,IVS 21 +1,,,N,X,,,,Severe,Not reported,,2016,280,,0,2,0,Splice,Unknown,6,12,4a8b8751-c1eb-4df5-8518-c65dc9de9b28,6.3,Asian,Prophylaxis,58,0
c.6273+1G>T,154128140,,,Splice site change,Substitution,Intron 21,IVS 21 +1,,,N,,,,X,Not reported,Not reported,,2005,145,,0,,0,Splice,Unknown,6,,fda32f48-bb03-497d-ab17-aee45bf33e42,10.7,Caucasian,On-Demand,40,0
c.6273+3T>C,154128138,,,Splice site change,Substitution,Intron 21,IVS 21 +3,,,N,X,,,,Severe,Yes,,2012,225,,1,2,0,Splice,Unknown,6,12,af686fd3-ff17-400a-9bab-0ec3d2febac7,4.7,Caucasian,Prophylaxis,45,0
c.6274-1G>A,154124508,,,Splice site change,Substitution,Intron 21,IVS 21 -1,,,N,,,,X,Not reported,Yes,,2017,290,,1,,0,Splice,Unknown,6,,7031ad12-42e9-4fb8-b3de-45b1c3dc0547,9.2,Asian,On-Demand,32,1
c.6274-1G>T,154124508,,,Splice site change,Substitution,Intron 21,IVS 21 -1,,,N,X,,,,Severe,Not reported,,2018,293,,0,2,0,Splice,Unknown,6,12,51b46cba-be6b-49c2-9d7d-9f1f92c103f5,8.7,Caucasian,On-Demand,34,1
c.6274-2A>G,154124509,,,Splice site change,Substitution,Intron 21,IVS 21 -2,,,N,,,,X,Not reported,Not reported,,2019,309,,0,,0,Splice,Unknown,6,,ef2e37b1-4efa-41c2-8716-f98cd543ff28,19.7,Caucasian,On-Demand,109,1
c.6274-2A>T,154124509,,,Splice site change,Substitution,Intron 21,IVS 21 -2,,,N,,,,X,Not reported,Not reported,,2015,268,,0,,0,Splice,Unknown,6,,a92007ec-87d8-4f6f-a085-89ce6819f10f,16.5,Caucasian,On-Demand,73,0
c.6274-6_6279del,154124502_154124513,,,Splice site change,Deletion,Intron 21,,,,N,X,,,,Severe,Yes,,2018,297,,1,2,0,Splice,Unknown,6,12,ad414ba5-e622-4caa-8802-03096e3149c2,3.6,Caucasian,Prophylaxis,44,0
c.6274-8A>G,154124515,,,Splice site change,Substitution,Intron 21,IVS 21 -8,,,N,X,,,,Severe,No,,2012,"229, 233",,0,2,0,Splice,Unknown,6,12,df5e29b5-5a64-42d6-8584-c7be941e7287,3.6,Caucasian,Prophylaxis,36,0
c.6429+?_6430-?inv,154091502_154124352,,inv 22,Large structural change (>50 bp),Inversion,Intron 22,,,,N,X,X,,,Severe,Not reported,,1992,"51, 55",,0,2,0,Exon,Unknown,3,6,58e8b7b7-aa38-44f6-a1ff-b91d865d7df5,1.6,Caucasian,Prophylaxis,14,0
c.6429+1G>A,154124351,,,Splice site change,Substitution,Intron 22,IVS 22 +1,,,N,X,,,,Severe,No,,0,0,,0,2,0,Splice,Unknown,6,12,b7a0e155-2b56-4bde-b1bc-6dd5c27ae3c2,2.5,Caucasian,Prophylaxis,26,0
c.6429+1G>C,154124351,,,Splice site change,Substitution,Intron 22,IVS 22 +1,,,N,X,,,,Severe,Not reported,,2016,280,,0,2,0,Splice,Unknown,6,12,152447e6-608c-4131-ab50-e972a3f5a219,1.9,Asian,Prophylaxis,1,0
c.6429+2delT,154124350,,,Splice site change,Deletion,Intron 22,IVS 22 +2,,,N,X,,,,Severe,Yes,,2010,210,,1,2,0,Splice,Unknown,6,12,affd95fd-9d05-45a3-bd41-9c5c83abc187,7.5,Asian,Prophylaxis,65,1
c.6429+2T>A,154124350,,,Splice site change,Substitution,Intron 22,IVS 22 +2,,,N,,,,X,Severe,No,Potential splice reported deleterious in ref. 253,2002,129,,0,2,0,Splice,Unknown,6,12,d4410a70-ca29-4e5f-8f17-8e4436a7820a,4,Asian,Prophylaxis,42,0
c.6429+5G>A,154124347,,,Splice site change,Substitution,Intron 22,IVS 22 +5,,,N,,X,,,Moderate,No,,2013,239,,0,1,0,Splice,Unknown,6,6,fdcc9c49-8962-46a9-a272-21c758505a2f,4,Asian,Prophylaxis,30,0
c.6429+5G>C,154124347,,,Splice site change,Substitution,Intron 22,IVS 22 +5,,,N,,X,,,Moderate,Not reported,,2018,293,,0,1,0,Splice,Unknown,6,6,55ea63cd-0a96-4698-ab92-6bfb97186aa9,1.1,Asian,Prophylaxis,5,0
c.6429+5G>T,154124347,,,Splice site change,Substitution,Intron 22,IVS 22 +5,,,N,,,,X,Severe,No,Potential splice reported deleterious in ref. 253,2002,129,,0,2,0,Splice,Unknown,6,12,da770da2-6463-4d31-9d7e-bb4179f7f065,4.6,Caucasian,Prophylaxis,39,0
c.6430-14A>G,154091516,,,Splice site change,Substitution,Intron 22,IVS 22 -14,,,N,,,,,Severe,Yes,,2006,158,,1,2,0,Splice,Unknown,6,12,7cd7bdd9-93ec-4ed9-98f2-06a82bb0792c,4.6,Asian,Prophylaxis,48,0
c.6430-16_6430-8del,154091510_154091518,,,Splice site change,Deletion/Insertion,Intron 22,IVS 22 -16_-8,,,N,,X,,,Moderate,Not reported,,2013,247,,0,1,0,Splice,Unknown,6,6,65e9e317-6b87-41a6-b22c-7b295f4eee88,1.9,Asian,Prophylaxis,12,0
c.6430-1G>C,154091503,,,Splice site change,Substitution,Intron 22,IVS 22 -1,,,N,X,,,,Severe,No,,2012,233,,0,2,0,Splice,Unknown,6,12,d1566504-ee56-4e62-946d-dd7ab2d39fb9,3.1,Black,Prophylaxis,15,0
c.6430-2A>G,154091504,,,Splice site change,Substitution,Intron 22,IVS 22 -2,,,N,X,,,,Severe,Yes,,2012,231,,1,2,0,Splice,Unknown,6,12,7ce55ca3-d7de-417a-bc7d-3f0120c37759,3,Hispanic,Prophylaxis,45,0
c.6430-2A>T,154091504,,,Splice site change,Substitution,Intron 22,IVS 22 -2,,,N,X,,,,Severe,Not reported,,2018,293,,0,2,0,Splice,Unknown,6,12,d92463f8-a5b7-445f-8a3e-3fea2386fb68,6.3,Black,Prophylaxis,80,0
c.6430-3C>G,154091505,,,Splice site change,Substitution,Intron 22,IVS 22 -3,,,N,X,,,,Severe,Not reported,,2002,126,,0,2,0,Splice,Unknown,6,12,50f006c3-83cb-4bb1-beec-fffb49f2f792,1.9,Black,Prophylaxis,27,0
c.6430-4_6430-1delACAG,154091503_154091506,,,Splice site change,Deletion,Intron 22,IVS 22 -4_-1,,,N,,X,,,Moderate,Not reported,,2013,247,X,0,1,0,Splice,Unknown,6,6,6cdaa43f-330d-48a2-ae1e-4195047ef822,2.8,Caucasian,Prophylaxis,33,0
c.6430-?_6430+?del145,154091502,,,Large structural change (>50 bp),Deletion,Intron 22 - Exon 23,,C1,single domain,N,X,,,,Severe,No,,2012,231,,0,2,0,Exon,Unknown,3,6,16c996e6-87ae-411d-b42e-680ac8955078,4,Caucasian,Prophylaxis,36,0
c.6430-21_6439del,154091493_154091523,,,Splice site change,Deletion,Intron 22 - Exon 23,,C1,Light chain,N,X,,,,Severe,Not reported,,2008,"183, 186",,0,2,0,Splice,Unknown,6,12,6d975312-1893-43d2-a4a3-2ba4aa378c9a,4.3,Caucasian,Prophylaxis,46,0
c.6429+1_7056+?del,154065872_154124351,,,Large structural change (>50 bp),Deletion,Intron 22 - Exon 26,,,multiple domains,N,,,,X,Severe,No,,1989,24,,0,2,0,Exon,Unknown,3,6,9c95e199-30dd-46cf-9ccb-50b55583dfd1,5.4,Black,Prophylaxis,50,0
c.6574+1G>A,154091357,,,Splice site change,Substitution,Intron 23,IVS 23 +1,,,N,X,,,,Severe,Not reported,Potential splice error,1999,99,,0,2,0,Splice,Unknown,6,12,f39e5e47-fb4d-4cf6-8039-9390844ee73e,5.4,Black,On-Demand,28,0
c.6574+1G>C,154091357,,,Splice site change,Substitution,Intron 23,IVS 23 +1,,,N,X,,,,Severe,Not reported,,2015,272,,0,2,0,Splice,Unknown,6,12,2497455c-9e04-4624-a2d0-727552ba5c00,2.3,Caucasian,Prophylaxis,25,0
c.6574+1G>T,154091357,,,Splice site change,Substitution,Intron 23,IVS 23 +1,,,N,X,,,,Severe,No,,2008,175,,0,2,0,Splice,Unknown,6,12,a03d7974-0f72-401d-afaa-6fe9152193fe,6,Other,On-Demand,24,1
c.6574+3_6574+6del,154091352_154091355,,,Splice site change,Deletion,Intron 23,IVS 23 +3_+6,,,N,X,,,,Severe,No,,2008,180,,0,2,0,Splice,Unknown,6,12,5b2acc63-542e-48b4-8260-2da8e51be3b2,1.3,Black,Prophylaxis,7,0
c.6574+3A>C,154091355,,,Splice site change,Substitution,Intron 23,IVS 23 +3,,,N,X,,,,Severe,Not reported,Potential splice reported deleterious in ref. 253,1999,98,,0,2,0,Splice,Unknown,6,12,2caadf93-4fd9-4b62-aff4-e3d039d99e38,2.4,Hispanic,Prophylaxis,32,0
c.6574+5G>A,154091353,,,Splice site change,Substitution,Intron 23,IVS 23 +5,,,N,X,,,,Severe,Not reported,,2018,293,,0,2,0,Splice,Unknown,6,12,cb56ae81-ea4d-4cf1-ad59-d0d21dafce56,6.6,Caucasian,Prophylaxis,72,0
c.6574+5G>C,154091353,,,Splice site change,Substitution,Intron 23,IVS 23 +5,,,N,X,,,,Severe,No,,2001,124,,0,2,0,Splice,Unknown,6,12,c634fd23-89db-4514-826d-e347a80f5a56,2,Caucasian,Prophylaxis,26,0
c.6575-1G>A,154090142,,,Splice site change,Substitution,Intron 23,IVS 23 -1,,,N,X,,,,Severe,Not reported,,2002,126,,0,2,0,Splice,Unknown,6,12,509d0e33-3736-437b-9282-ca19a2127efe,2.7,Caucasian,Prophylaxis,24,0
c.6575-1G>T,154090142,,,Splice site change,Substitution,Intron 23,IVS 23 -1,,,N,X,,,,Severe,Yes,,2012,231,,1,2,0,Splice,Unknown,6,12,8d61e7dd-7317-4931-b78e-73f98d7627fa,5.3,Caucasian,Prophylaxis,47,0
c.6575-2A>C,154090143,,,Splice site change,Substitution,Intron 23,IVS 23 -2,,,N,X,,,,Severe,Yes,,2012,231,,1,2,0,Splice,Unknown,6,12,5e78105c-f74b-4404-8639-b340801234d8,2.6,Asian,Prophylaxis,37,0
c.6575-2A>T,154091143,,,Splice site change,Substitution,Intron 23,IVS 23 -2,,,N,X,,,,Severe,Not reported,,2018,293,,0,2,0,Splice,Unknown,6,12,a4be50c6-0df5-48d0-81ca-d36e4ec6d857,1.4,Black,Prophylaxis,30,0
c.6723+1G>A,154089992,,,Splice site change,Substitution,Intron 24,IVS 24 +1,,,N,X,,,,Severe,Yes,,2008,175,,1,2,0,Splice,Unknown,6,12,3e7e2bcb-89ec-44a1-9109-018156e601e8,5,Asian,Prophylaxis,29,0
c.6723+1G>C,154089992,,,Splice site change,Substitution,Intron 24,IVS 24 +1,,,N,,,X,,Moderate,Not reported,,2007,166,,0,1,0,Splice,Unknown,6,6,87769d1d-550a-425c-86ce-90be2d3a4309,8.8,Black,On-Demand,54,0
c.6723+1G>T,154089992,,,Splice site change,Substitution,Intron 24,IVS 24 +1,,,N,X,,,,Severe,No,,2008,180,,0,2,0,Splice,Unknown,6,12,d6b4d2f4-125b-41c8-a63c-663f7ab8d908,3.5,Asian,Prophylaxis,43,0
c.6723+2T>G,154089991,,,Splice site change,Substitution,Intron 24,IVS 24 +2,,,N,X,,,,severe,No,,2011,218,,0,,0,Splice,Unknown,6,,19b6ba4e-a001-4c70-b85e-819709dae139,13.9,Caucasian,On-Demand,71,0
c.6724-1G>A,154088884,,,Splice site change,Substitution,Intron 24,IVS 24 -1,,,N,,X,,,Moderate,No,Potential splice reported deleterious in ref. 253,2003,135,,0,1,0,Splice,Unknown,6,6,27d68003-b42e-4dde-9c46-42eb72753fd9,2.9,Caucasian,Prophylaxis,35,0
c.6724-2A>G,154088885,,,Splice site change,Substitution,Intron 24,IVS 24 -2,,,N,,X,,,Moderate,Not reported,,2015,272,,0,1,0,Splice,Unknown,6,6,cf946976-665b-4b16-b182-e10b9e08f6ae,3.1,Other,Prophylaxis,27,0
c.6724-2A>T,154088885,,,Splice site change,Substitution,Intron 24,IVS 24 -2,,,N,,,,X,Not reported,Not reported,,2022,345,X,0,,0,Splice,Unknown,6,,7b44d67c-243f-48a7-9ba7-420b433bd74b,4.8,Asian,On-Demand,30,0
c.6724-4T>A,154088887,,,Splice site change,Substitution,Intron 24,IVS 24 -4,,,N,,,X,,Mild,Not reported,Potential splice error,2002,127,,0,0,0,Splice,Unknown,6,0,f130dba9-336e-4521-99ac-4bbb57e2d7c3,17.4,Asian,On-Demand,97,0
c.6900+1G>A,154088706,,,Splice site change,Substitution,Intron 25,IVS 25 +1,,,N,X,,,,Severe,Not reported,,2008,180,,0,2,0,Splice,Unknown,6,12,553e28bb-67cc-435d-9a11-17dc7a5aa4a8,3.6,Other,Prophylaxis,19,0
c.6900+1G>C,154088706,,,Splice site change,Substitution,Intron 25,IVS 25 +1,,,N,,,X,,Mild,No,,0,0,,0,0,0,Splice,Unknown,6,0,317422d6-2f85-4077-8348-a938b0c15ad8,26.1,Hispanic,On-Demand,125,0
c.6900+4104A>T,154084603,,,Splice site change,Substitution,Intron 25,IVS 25 +4104,,,N,,X,,,Moderate,No,,2008,180,,0,1,0,Splice,Unknown,6,6,4860ff1b-7f0d-4b78-bda5-023dd3689af1,7.8,Caucasian,Prophylaxis,76,0
c.6901-2A>C,154066029,,,Splice site change,Substitution,Intron 25,IVS 25 -2,,,N,,,,X,Not reported,Not reported,,2019,309,,0,,0,Splice,Unknown,6,,2ff235b1-61c8-4537-865e-1e18b970b18c,35,Black,On-Demand,165,0
c.6901-2A>G,154066029,,,Splice site change,Substitution,Intron 25,IVS 25 -2,,,N,,X,,,Moderate,Not reported,,2007,166,,0,1,0,Splice,Unknown,6,6,55f63734-1b50-4505-b712-924c0ac719e7,1.6,Asian,Prophylaxis,26,1
c.388+1G>A,154225247,,,Splice site change,Substitution,Intron 3,IVS 3 +1,,,N,X,,,,Severe,Not reported,,2013,249,,0,2,0,Splice,Unknown,6,12,05b7e85c-7e39-4a7b-b93a-6f7ac8541e2e,5.9,Caucasian,Prophylaxis,71,0
c.388+1G>T,154225247,,,Splice site change,Substitution,Intron 3,IVS 3 +1,,,N,X,,,,Severe,Not reported,,2015,272,,0,2,0,Splice,Unknown,6,12,75e667a2-4ff3-486a-be73-915b6daaff05,8,Hispanic,Prophylaxis,77,0
c.388+2T>G,154225246,,,Splice site change,Substitution,Intron 3,IVS 3 +2,,,N,X,,,,Severe,No,,2012,232,,0,2,0,Splice,Unknown,6,12,71b912e4-90c9-4783-bba8-9fe1fda41554,6.2,Other,Prophylaxis,66,1
c.388+4delA,154225244,,,Splice site change,Deletion,Intron 3,IVS 3 +4,,,N,X,,,,Severe,Yes,,2012,233,,1,2,0,Splice,Unknown,6,12,8d409ebc-02eb-41d4-89ab-fd6c5a26e56a,2.4,Hispanic,Prophylaxis,8,0
c.388+5G>A,154225243,,,Splice site change,Substitution,Intron 3,IVS 3 +5,,,N,,,,X,Severe,No,Potential splice reported deleterious in ref. 253,0,0,,0,2,0,Splice,Unknown,6,12,5bdb9421-d07b-4cf7-bf93-7064206d683d,3.8,Hispanic,Prophylaxis,32,0
c.388+5G>C,154225243,,,Splice site change,Substitution,Intron 3,IVS 3 +5,,,N,X,,,,Severe,No,,2008,180,,0,2,0,Splice,Unknown,6,12,e6cf40d2-e6da-4e9e-a124-51d5a9066dc9,1.8,Black,Prophylaxis,28,0
c.388+5G>T,154225243,,,Splice site change,Substitution,Intron 3,IVS 3 +5,,,N,X,,,,Severe,No,,2010,210,,0,2,0,Splice,Unknown,6,12,91b7f3a4-f80e-49c8-b0a9-cb22a4a9215f,6.4,Black,Prophylaxis,66,0
c.388+7dupA,154225241,,,Splice site change,Duplication,Intron 3,IVS 3 +7,,,N,X,,,,Severe,No,,2005,154,X,0,2,0,Splice,Unknown,6,12,bb275ef7-bce2-4c97-ba4d-8d5ce5cb6d0f,3.7,Caucasian,Prophylaxis,53,0
c.389-16T>G,154221439,,,Splice site change,Substitution,Intron 3,IVS 3 -16,,,N,,,X,,Mild,No,,2008,180,,0,0,0,Splice,Unknown,6,0,196d879f-4b56-4e27-a1cc-4830cffeaf93,2,Asian,On-Demand,1,1
c.389-1G>A,154221424,,,Splice site change,Substitution,Intron 3,IVS 3 -1,,,N,X,,,,Severe,Not reported,,2016,280,,0,2,0,Splice,Unknown,6,12,f7164136-b484-4893-a5ec-5e80f6b247ed,1.5,Asian,Prophylaxis,23,0
c.389-20_389-8del,154221431_154221443,,,Splice site change,Deletion,Intron 3,,,,N,X,,,,Severe,Not reported,,2018,293,,0,2,0,Splice,Unknown,6,12,5856c89f-3882-46f4-932b-1d585d618c47,2.1,Caucasian,Prophylaxis,2,1
c.389-2A>C,154221425,,,Splice site change,Substitution,Intron 3,IVS 3 -2,,,N,X,,,,Severe,Not reported,,2015,272,,0,2,0,Splice,Unknown,6,12,16c641b9-efe5-4c4a-afe4-fb4a56ab4107,1.4,Caucasian,Prophylaxis,13,1
c.389-2A>T,154221425,,,Splice site change,Substitution,Intron 3,IVS 3 -2,,,N,X,,,,Severe,Yes,Potential splice error,2010,"0, 210",,1,2,0,Splice,Unknown,6,12,12301d55-26ed-4983-9d53-e6f53362f57a,2.2,Caucasian,Prophylaxis,19,0
c.601+1_601+5del,154221210_154221206,,,Splice site change,Deletion,Intron 4,,,,N,X,,,,Severe,Not reported,,2015,272,,0,2,0,Splice,Unknown,6,12,1d0113fb-df3f-4def-b886-8a637e53ccd5,5.8,Black,Prophylaxis,42,0
c.601+1632G>A,154219579,,,Splice site change,Substitution,Intron 4,IVS 4 +1632,,,N,,X,X,,Mild,No,Potential splice reported deleterious in ref. 253,1988,15,,0,0,0,Splice,Unknown,6,0,d6cdbb89-99be-46f7-a5fd-d3e11a7b62d1,6.3,Caucasian,On-Demand,34,0
c.601+17G>A,154221194,,,Splice site change,Substitution,Intron 4,IVS 4 +17,,,N,,,X,,Mild,No,,2014,255,,0,0,0,Splice,Unknown,6,0,e1b441bc-550c-4450-99f3-082abfda749c,26,Other,On-Demand,150,0
c.601+1delG,154221210,,,Splice site change,Deletion,Intron 4,IVS 4 +1,,,N,X,,,,Severe,Not reported,,2010,211,,0,2,0,Splice,Unknown,6,12,7313ad7d-c7dc-491c-9ae5-c885d621865c,4.8,Caucasian,On-Demand,24,0
c.601+1G>A,154221210,,,Splice site change,Substitution,Intron 4,IVS 4 +1,,,N,X,,,,Severe,Not reported,,2013,249,,0,2,0,Splice,Unknown,6,12,20ab1a97-5305-4450-bf53-25216d37f5ec,11.7,Caucasian,On-Demand,58,0
c.601+1G>C,154221210,,,Splice site change,Substitution,Intron 4,IVS 4 +1,,,N,X,,,,Severe,Not reported,,2021,333,X,0,2,0,Splice,Unknown,6,12,e5d40f00-0ba8-4651-9e65-586c2044792f,15.1,Caucasian,Prophylaxis,153,0
c.601+1G>T,154221210,,,Splice site change,Substitution,Intron 4,IVS 4 +1,,,N,X,,,,Severe,Not reported,,2018,293,,0,2,0,Splice,Unknown,6,12,a1b50fe0-8637-4bc5-9f87-2e397ea93391,6.1,Black,On-Demand,39,0
c.601+2insC,154221209,,,Splice site change,Insertion,Intron 4,IVS 4 +2,,,N,X,,,,Severe,No,,2018,301,,0,2,0,Splice,Unknown,6,12,be88cd28-53a4-4e16-bd1d-a94d9be76d3d,2.5,Black,On-Demand,2,0
c.601+2T>G,154221209,,,Splice site change,Substitution,Intron 4,IVS 4 +2,,,N,X,,,,Severe,Not reported,,2015,272,,0,2,0,Splice,Unknown,6,12,cd93fcb4-bf24-4723-be57-36b20dda1b4b,5.8,Asian,Prophylaxis,42,0
c.601+3_601+7del,154221204_154221208,,,Splice site change,Deletion,Intron 4,IVS 4 +3,,,N,X,,,,Severe,Not reported,,2016,280,,0,2,0,Splice,Unknown,6,12,69b639f2-1c62-488f-8e76-2fa2bb76b70e,7.9,Black,Prophylaxis,92,1
c.601+3A>C,154221208,,,Splice site change,Substitution,Intron 4,IVS 4 +3,,,N,,,,X,Not reported,No,,2008,180,,0,,0,Splice,Unknown,6,,588c24d5-654b-4967-a74d-258ef8fcc08d,19.5,Caucasian,On-Demand,103,0
c.601+5delG,154221206,,,Splice site change,Deletion,Intron 4,IVS 4 +5,,,N,,,X,,Mild,No,,2008,180,,0,0,0,Splice,Unknown,6,0,5e4a93c9-b11a-47ef-937e-afe0f5303a19,23.2,Caucasian,On-Demand,129,0
c.601+5G>A,154221206,,,Splice site change,Substitution,Intron 4,IVS 4 +5,,,N,,,,X,Severe,No,Potential splice reported deleterious in ref. 253,2002,129,,0,2,0,Splice,Unknown,6,12,ca4456b1-7de6-4ed4-8604-cdffa1d85d0d,1.1,Caucasian,Prophylaxis,15,0
c.601+5G>C,154221206,,,Splice site change,Substitution,Intron 4,IVS 4 +5,,,N,,,X,,Mild,Not reported,1 stage-2 stage assay discrepancy,2021,340,X,0,0,0,Splice,Unknown,6,0,edae468c-90b9-458f-a34c-59dac4fa9018,12.5,Caucasian,On-Demand,62,0
c.601+5G>T,154221206,,,Splice site change,Substitution,Intron 4,IVS 4 +5,,,N,,,X,,Mild,Not reported,,2008,"183, 186",,0,0,0,Splice,Unknown,6,0,1d0e3c82-67f0-4ba5-89f5-70c13bdd1b23,21.8,Asian,Prophylaxis,216,0
c.602-10T>G,154215590,,,Splice site change,Substitution,Intron 4,IVS 4 -10,,,N,,,X,,Mild,No,,0,0,,0,0,0,Splice,Unknown,6,0,a42e5ba3-f45e-41ed-8221-00ffec8cb3be,9.1,Caucasian,On-Demand,45,0
c.602-11T>G,154215591,,,Splice site change,Substitution,Intron 4,IVS 4 -11,,,N,,,X,,Mild,No,,2015,273,,0,0,0,Splice,Unknown,6,0,e3c60f4e-b883-4953-bb6e-7578a0d42814,15.3,Other,On-Demand,66,0
c.602-1G>A,154215581,,,Splice site change,Substitution,Intron 4,IVS 4 -1,,,N,X,,,,Severe,No,Potential splice reported deleterious in ref. 253,2005,"0, 152",,0,2,0,Splice,Unknown,6,12,84d55be7-0b4a-4d22-a8bb-b25438ab2f43,1.9,Asian,Prophylaxis,10,0
c.602-2A>G,154215582,,,Splice site change,Substitution,Intron 4,IVS 4 -2,,,N,,X,,,Severe,No,Potential splice reported deleterious in ref. 253,1994,62,,0,2,0,Splice,Unknown,6,12,4652d678-bc76-4a73-8657-08213cf39759,4.8,Caucasian,Prophylaxis,49,0
c.602-32A>G,154215612,,,Splice site change,Substitution,Intron 4,IVS 4 -32,,,N,X,,,,Severe,No,,2007,169,,0,2,0,Splice,Unknown,6,12,3d1799ef-5157-4e1a-b21e-63f0b5cb705a,7,Caucasian,Prophylaxis,80,1
c.602-3C>A,154215583,,,Splice site change,Substitution,Intron 4,IVS 4 -3,,,N,,,,,Severe,No,Potential splice error,2008,177,,0,2,0,Splice,Unknown,6,12,1416b0f2-f03f-430d-a36d-70ced400e8e0,2.3,Black,Prophylaxis,11,0
c.602-3C>G,154215583,,,Splice site change,Substitution,Intron 4,IVS 4 -3,,,N,,,,,Severe,No,,2006,158,,0,2,0,Splice,Unknown,6,12,bc93c88f-7d41-4662-b07c-68108c68d8bd,5.5,Caucasian,On-Demand,17,0
c.602-5T>C,154215585,,,Splice site change,Substitution,Intron 4,IVS 4 -5,,,N,,,X,,Mild,No,,2013,239,,0,0,0,Splice,Unknown,6,0,82a5946e-96bb-4659-97f1-03f39386832f,3,Asian,Prophylaxis,30,0
c.602-6T>C,154215586,,,Splice site change,Substitution,Intron 4,IVS 4 -6,,,N,,,X,,Mild,Not reported,,2015,272,,0,0,0,Splice,Unknown,6,0,f7601881-3c7f-4161-b3a9-0dd38a72cba7,34.7,Asian,On-Demand,169,0
c.602-9_602-7delCTT,154215587_15421589,,,Splice site change,Deletion,Intron 4,IVS 4 -9,,,N,,X,,,Moderate,Not reported,,2016,280,,0,1,0,Splice,Unknown,6,6,7d73924b-b195-4b30-a385-a3547b561cfa,1.8,Caucasian,Prophylaxis,23,0
c.602-13_615del,154215567_154215593,,,Splice site change,Deletion,Intron 4 - Exon 5,186,A1,Heavy chain,N,X,,,,Severe,Not reported,,2008,"183, 186",,0,2,0,Splice,Unknown,6,12,12160eb0-5484-4e14-a1ac-6fc9a6982ff5,1.8,Black,Prophylaxis,13,0
c.670+1G>A,154215511,,,Splice site change,Substitution,Intron 5,IVS 5 +1,,,N,X,,,,Severe,No,,2018,301,,0,2,0,Splice,Unknown,6,12,afed58b7-20fb-4676-bed8-2cc89075b123,2.4,Asian,On-Demand,28,0
c.670+1G>C,154215511,,,Splice site change,Substitution,Intron 5,IVS 5 +1,,,N,,X,,,Moderate,Not Reported,,2013,241,,0,1,0,Splice,Unknown,6,6,1b5e1b46-d344-4964-bf90-d1f94fe85591,6.2,Asian,On-Demand,31,0
c.670+1G>T,154215511,,,Splice site change,Substitution,Intron 5,IVS 5 +1,,,N,X,,,,Severe,No,,2008,"0, 180, 210",,0,2,0,Splice,Unknown,6,12,92b8ab07-b33e-4029-a95b-c8352e1badee,1.1,Caucasian,On-Demand,8,0
c.670+2T>A,154215510,,,Splice site change,Substitution,Intron 5,IVS 5 +2,,,N,X,,,,Severe,Not reported,,2015,272,,0,2,0,Splice,Unknown,6,12,6d7f954f-a508-4fac-b136-ceee558c5a65,1.4,Asian,On-Demand,1,0
c.670+2T>C,154215510,,,Splice site change,Substitution,Intron 5,IVS 5 +2,,,N,X,,,,Severe,No,,2017,288,,0,2,0,Splice,Unknown,6,12,577a04e3-e256-46a9-8cd1-1a4190021def,0.7,Asian,Prophylaxis,1,0
c.670+2T>G,154215510,,,Splice site change,Substitution,Intron 5,IVS 5 +2,,,N,,,,X,Severe,No,,0,0,,0,2,0,Splice,Unknown,6,12,d1e29185-b6f6-43a7-97e2-096531b367b1,1.5,Other,Prophylaxis,26,0
c.670+4A>C,154215508,,,Splice site change,Substitution,Intron 5,IVS5 +4,,,N,,,,X,Not reported,Not reported,,2021,332,X,0,,0,Splice,Unknown,6,,8add0b1b-7233-4bd2-a36c-a150b2611b48,15.4,Black,On-Demand,72,0
c.670+5G>A,154215507,,,Splice site change,Substitution,Intron 5,IVS 5 +5,,,N,X,,,,Severe,No,,2002,"0, 126",,0,2,0,Splice,Unknown,6,12,f136657d-4700-4022-a81d-2dd7233bc1d4,5,Hispanic,Prophylaxis,41,0
c.670+5G>C,154215507,,,Splice site change,Substitution,Intron 5,IVS 5 +5,,,N,X,,,,Severe,Not reported,,2021,333,X,0,2,0,Splice,Unknown,6,12,7ca8e684-8812-4d21-a919-1e54909b4b0a,5.4,Caucasian,Prophylaxis,50,0
c.670+6T>C,154215506,,,Splice site change,Substitution,Intron 5,IVS 5 +6,,,N,,X,,,Moderate,Not reported,,1996,74,,0,1,0,Splice,Unknown,6,6,e03b15ea-f3da-4fd3-90f0-a4c7d6363c9a,5.1,Asian,Prophylaxis,48,0
c.671-11T>C,154213089,,,Splice site change,Substitution,Intron 5,IVS 5 -11,,,N,,,X,,Mild,Yes,,2006,158,,1,0,0,Splice,Unknown,6,0,a4bace84-8348-404f-a63a-5fef052f12eb,22.1,Caucasian,On-Demand,104,0
c.671-18_671-7del,154213085_154213096,,,Splice site change,Deletion,Intron 5,IVS 5-18,,,N,,,X,,Mild,No,,2020,319,X,0,0,0,Splice,Unknown,6,0,044fcdf8-c3e2-442c-b963-b91f9f4c7843,15.5,Black,On-Demand,67,0
c.671-1G>A,154213079,,,Splice site change,Substitution,Intron 5,IVS 5 -1 ,,,N,X,,,,Severe,Not reported,,2016,280,,0,2,0,Splice,Unknown,6,12,292a9b2e-c1d0-46c9-910b-4f5dbdda6d1a,5.6,Other,Prophylaxis,38,0
c.671-28_671-17del,154213095_154213106,,,Splice site change,Deletion,Intron 5,IVS 5 -28_-17,,,N,,,X,,Mild,Not reported,,2010,211,,0,0,0,Splice,Unknown,6,0,c7a03c39-ab4c-4173-b17f-406f512f2671,11.8,Other,On-Demand,57,0
c.671-2A>G,154213080,,,Splice site change,Substitution,Intron 5,IVS 5 -2,,,N,X,,,,Severe,No,Potential splice error,1991,38,,0,2,0,Splice,Unknown,6,12,aa52932b-3767-4b1a-8638-db2869fe5fd1,3.5,Caucasian,Prophylaxis,35,0
c.671-3C>G ,154213081,,,Splice site change,Substitution,Intron 5,IVS 5 -3,,,N,X,,,,Severe,Not reported,Potential splice reported deleterious in ref. 253,1998,91,,0,2,0,Splice,Unknown,6,12,31437e04-0ad1-4ad7-ac61-b506b98c6b7e,3,Other,Prophylaxis,32,0
c.671-9T>C,154213087,,,Splice site change,Substitution,Intron 5,IVS 5 -9,,,N,,,X,,Mild,No,,2012,232,,0,0,0,Splice,Unknown,6,0,6c4e807f-8e14-4a50-88ca-0bf31e56c6cb,24,Asian,On-Demand,133,0
c.766_787+1del,154212961_154212983,,,Splice site change,Deletion,Intron 6,,,,N,X,,,,Severe,No,,2018,301,,0,2,0,Splice,Unknown,6,12,1fcd8c4d-38ec-4ba5-a061-f4d61803c53e,8.8,Caucasian,Prophylaxis,68,0
c.787+143T>C,154212819,,,Splice site change,Substitution,Intron 6,IVS 6 +143,,,N,,X,,,Moderate,Yes,,2009,199,,1,1,0,Splice,Unknown,6,6,29787b6e-4994-41fd-be14-8064887609e4,2.9,Black,On-Demand,16,1
c.787+1G>A,154212961,,,Splice site change,Substitution,Intron 6,IVS 6 +1,,,N,,X,,,Mild/Moderate,No,Potential splice error,2006,157,,0,,0,Splice,Unknown,6,,3cbaff64-147b-4559-b69f-174bdd7640f8,14.2,Asian,On-Demand,54,0
c.787+1G>T,154212961,,,Splice site change,Substitution,Intron 6,IVS 6 +1,,,N,X,,,,Severe,Not reported,,2010,213,,0,2,0,Splice,Unknown,6,12,56aac4c1-4694-4502-8a75-42a4100bb360,3.7,Black,On-Demand,37,0
c.787+2T>A,154212960,,,Splice site change,Substitution,Intron 6,IVS 6 +2,,,N,,,,X,Not Reported,Not Reported,,2013,253,,0,,0,Splice,Unknown,6,,7377eb9c-cf75-41da-9235-56eaeec78a23,14.7,Other,On-Demand,76,0
c.787+2T>C,154212960,,,Splice site change,Substitution,Intron 6,IVS 6 +2,,,N,X,,,,Severe,No,,2008,180,,0,2,0,Splice,Unknown,6,12,beaafb4b-6d4f-403d-801f-d11f153e6233,1,Caucasian,Prophylaxis,14,0
c.787+3A>G,154212959,,,Splice site change,Substitution,Intron 6,IVS 6 +3,,,N,X,,,,Severe,No,Potential splice reported deleterious in ref. 253,2001,122,,0,2,0,Splice,Unknown,6,12,f798a6b9-c69f-4dc9-bd7f-62a0b22091ba,2.1,Black,Prophylaxis,29,0
c.787+3A>T,154212959,,,Splice site change,Substitution,Intron 6,IVS 6 +3,,,N,,,X,,Mild,Not reported,,2016,280,,0,0,0,Splice,Unknown,6,0,0c5c6b49-fd95-4c95-80e6-ff7ca1fbef45,13.9,Caucasian,Prophylaxis,140,0
c.787+5G>A,154212957,,,Splice site change,Substitution,Intron 6,IVS 6 +5,,,N,X,,,,Severe,Not reported,,2008,"183, 186",,0,2,0,Splice,Unknown,6,12,857fc362-e18c-439d-90be-25f4e0b54a72,5.2,Caucasian,On-Demand,26,1
c.787+5G>T,154212957,,,Splice site change,Substitution,Intron 6,IVS 6 +5,,,N,X,,,,Severe,No,,2010,210,,0,2,0,Splice,Unknown,6,12,9408d45b-b714-4647-80f3-265499d0ac77,2.4,Asian,Prophylaxis,14,1
c.787+6T>C,154212956,,,Splice site change,Substitution,Intron 6,IVS 6 +6,,,N,,,X,,Mild,No,Potential splice reported deleterious in ref. 253,2006,158,,0,0,0,Splice,Unknown,6,0,3fbc8543-15bb-49c5-86ec-189bdfa1b1ff,30.2,Asian,Prophylaxis,309,0
c.788-14T>G,154197841,,,Splice site change,Substitution,Intron 6,IVS 6 -14,,,N,,,X,,Mild,Yes,Potential splice reported deleterious in ref. 253,2010,209,,1,0,0,Splice,Unknown,6,0,b0348e23-ebe5-4a1f-839f-194ded574fc5,12.4,Caucasian,On-Demand,70,0
c.788-1G>A,154197828,,,Splice site change,Substitution,Intron 6,IVS 6 -1,,,N,X,,,,Severe,No,Potential splice error,2010,209,,0,2,0,Splice,Unknown,6,12,53d18223-abab-469d-a97c-6b45762c2648,1.3,Black,Prophylaxis,3,0
c.788-1G>C,154197828,,,Splice site change,Substitution,Intron 6,IVS 6 -1,,,N,X,,,,Severe,Not reported,Potential splice error,1994,65,,0,2,0,Splice,Unknown,6,12,4dd5d7db-ff5e-48fb-b6a3-16f2ff644c9b,4.1,Asian,Prophylaxis,33,0
c.788-1G>T,154197828,,,Splice site change,Substitution,Intron 6,IVS 6 -1,,,N,X,,,,Severe,No,Potential splice error,2003,133,,0,2,0,Splice,Unknown,6,12,f613bce1-394d-4ab6-be8d-720afccaa294,3.9,Black,Prophylaxis,60,0
c.788-2A>T,154197829,,,Splice site change,Substitution,Intron 6,IVS 6 -2,,,N,X,,,,Severe,No,,2009,191,,0,2,0,Splice,Unknown,6,12,8317bb73-784d-492c-b906-a4505884645c,1.3,Caucasian,Prophylaxis,14,0
c.788-8C>G,154197835,,,Splice site change,Substitution,Intron 6,IVS 6 -8,,,N,,,,X,Mild,Not reported,Potential splice error,0,0,,0,0,0,Splice,Unknown,6,0,a2a7ebd7-5753-4429-898f-411ec5038c42,18.5,Other,On-Demand,94,0
c.1009+1_1009+3delinsATT,154197603_154197605,,,Splice site change,Deletion/Insertion,Intron 7,IVS 7 +1_+3,,,N,X,,,,Severe,No,,2012,233,,0,2,0,Splice,Unknown,6,12,f9aac508-76d8-4cfa-94e1-83f59649cafe,4.2,Caucasian,Prophylaxis,35,0
c.1009+1_1009+6del,154197600_154197605,,,Splice site change,Deletion,Intron 7,IVS 7 +1_+6,,,N,X,,,,Severe,Not Reported,,2016,280,,0,2,0,Splice,Unknown,6,12,aad5b4e0-7f13-4e39-a4b3-56fe1fd62962,2.2,Asian,On-Demand,1,0
c.1009+1G>A,154197605,,,Splice site change,Substitution,Intron 7,IVS 7 +1,,,N,X,,,,Severe,Not reported,,2005,"0, 145",,0,2,0,Splice,Unknown,6,12,343eb698-73d2-42d0-8115-fcff92f17d8d,6.9,Black,On-Demand,36,0
c.1009+1G>T,154197605,,,Splice site change,Substitution,Intron 7,IVS 7 +1,,,N,,X,,,Moderate,Not Reported,,2016,280,,0,1,0,Splice,Unknown,6,6,93ba9722-e0fe-4bb2-a573-49a644f0d4d2,5.6,Caucasian,Prophylaxis,44,0
c.1009+3A>C,154197603,,,Splice site change,Substitution,Intron 7,IVS 7 +3,,,N,,X,,,Mild,Not reported,,0,0,,0,0,0,Splice,Unknown,6,0,ed00d7fb-4f40-4aff-86da-a21b2da2f290,18,Asian,On-Demand,72,1
c.1009+3A>G,154197603,,,Splice site change,Substitution,Intron 7,IVS 7 +3,,,N,,,,X,Not reported,Not reported,,2005,145,,0,,0,Splice,Unknown,6,,35a6fdc1-5a53-43c0-9c88-a9135fd9a5be,17.7,Caucasian,On-Demand,102,0
c.1010-1G>A,154194963,,,Splice site change,Substitution,Intron 7,IVS 7-1,,,N,X,,,,Severe,No,,2020,319,X,0,2,0,Splice,Unknown,6,12,84fc9415-1521-4609-ac9e-79a28aa6de87,5.7,Caucasian,Prophylaxis,80,0
c.1010-2A>C,154194964,,,Splice site change,Substitution,Intron 7,IVS 7 -2,,,N,X,,,,Severe,No,,0,0,,0,2,0,Splice,Unknown,6,12,6deae269-7a67-4301-93f0-7c6133105342,1.1,Asian,Prophylaxis,1,0
c.1010-2A>G,154194964,,,Splice site change,Substitution,Intron 7,IVS-7 -2,,,N,X,,,,Severe,No,,2020,326,X,0,2,0,Splice,Unknown,6,12,5cd4eb00-93cf-4ed2-a911-25133dbc40a0,4.2,Caucasian,Prophylaxis,22,0
c.893_1009+3del,154197603_154197722,,,Splice site change,Deletion,Intron 7,,,,N,X,,,,Severe,Not reported,,2018,293,,0,2,0,Splice,Unknown,6,12,d2867307-e8f9-4252-9cc1-40b3e60cfb34,5.1,Hispanic,Prophylaxis,34,0
c.1009+334_*98677773inv,55024568_154197272,,inv 7,Large structural change (>50 bp),Inversion,Intron 7 - 3'UTR,,,multiple domains,N,X,,,,Severe,No,,2017,291,,0,2,0,Exon,Unknown,3,6,992eb14e-843f-4f8e-854c-808239b01987,1.2,Caucasian,On-Demand,6,0
c.1270_1271+8del,154194693_154194702,,,Splice site change,Deletion,Intron 8,,,,N,X,,,,Severe,Not reported,,2018,293,,0,2,0,Splice,Unknown,6,12,df27213d-4f14-43f7-abe7-69a4f43b1708,1.3,Other,On-Demand,1,0
c.1271+135C>T,154194566,,,Splice site change,Substitution,Intron 8,IVS 8 +135,,,N,,,,X,Not reported,Not reported,,2021,332,X,0,,0,Splice,Unknown,6,,08837511-65ac-4e17-ba6b-28c7cdf290a6,18.9,Hispanic,On-Demand,110,0
c.1271+1G>A,154194700,,,Splice site change,Substitution,Intron 8,IVS 8 +1,,,N,X,,,,Severe,Not reported,Potential splice error,2002,127,,0,2,0,Splice,Unknown,6,12,c4e25fa0-d32a-423f-88e9-2d83bdd6db2c,6,Caucasian,On-Demand,52,0
c.1271+1G>C,154194700,,,Splice site change,Substitution,Intron 8,IVS 8 +1,,,N,X,,,,Severe,Yes,Potential splice error,2021,337,X,1,2,0,Splice,Unknown,6,12,1f77560c-fe11-4bac-9da6-ab01842532bb,1.3,Asian,On-Demand,4,1
c.1271+1G>T,154194700,,,Splice site change,Substitution,Intron 8,IVS 8 +1,,,N,X,,,,Severe,No,,2012,229,,0,2,0,Splice,Unknown,6,12,fdfb2649-2ae0-4f92-9cf8-ca762f0cd143,2.9,Caucasian,On-Demand,15,0
c.1271+2T>G,154194699,,,Splice site change,Substitution,Intron 8,IVS 8 +2,,,N,,,,X,Not reported,Not Reported,,2022,345,X,,,0,Splice,Unknown,6,,8ff9c884-9d66-425c-8b11-3e7aab527c4b,10.7,Asian,On-Demand,76,0
c.1443+1G>A,154194244,,,Splice site change,Substitution,Intron 9,IVS 9 +1,,,N,,X,,,Moderate,Not reported,,1996,74,,0,1,0,Splice,Unknown,6,6,e24798e7-3853-4652-bd6b-d88287684085,3.9,Black,Prophylaxis,19,1
c.1443+1G>C,154194244,,,Splice site change,Substitution,Intron 9,IVS 9 +1,,,N,X,,,,Severe,Yes,Potential splice reported deleterious in ref. 253,2007,170,,1,2,0,Splice,Unknown,6,12,ab0c6aee-d6b0-45de-b0ef-fb14b2a787e9,4,Caucasian,On-Demand,30,0
c.1443+1G>T,154194244,,,Splice site change,Substitution,Intron 9,IVS 9 +1,,,N,X,,,,Severe,Not reported,,2008,"183, 186",,0,2,0,Splice,Unknown,6,12,0ef391e0-d50f-4946-aa94-5a240cbd02be,3.7,Asian,Prophylaxis,27,0
c.1443+2T>A,154194243,,,Splice site change,Substitution,Intron 9,IVS 9 +2,,,N,X,,,,Severe,Not reported,,2018,293,,0,2,0,Splice,Unknown,6,12,d357440b-c902-489d-94a1-36e759f51cbf,3.5,Hispanic,Prophylaxis,23,0
c.1443+2T>C,154194243,,,Splice site change,Substitution,Intron 9,IVS 9 +2,,,N,X,,,,Severe,Yes,,0,0,,1,2,0,Splice,Unknown,6,12,321b7298-8b39-4ec3-a878-711ecf947805,9,Caucasian,Prophylaxis,106,0
c.1443+2T>G,154194243,,,Splice site change,Substitution,Intron 9,IVS 9 +2,,,N,,,,X,Not reported,Not reported,,2010,211,,0,,0,Splice,Unknown,6,,e23bde79-665b-412c-92ea-f2136f18f261,15.4,Black,On-Demand,71,1
c.1443+3A>C,154194242,,,Splice site change,Substitution,Intron 9,IVS 9 +3,,,N,X,,,,Severe,Not reported,,2013,249,,0,2,0,Splice,Unknown,6,12,474ccd52-fbdf-4f7e-8573-e349b288be65,6.2,Hispanic,Prophylaxis,62,0
c.1443+4A>G,154194241,,,Splice site change,Substitution,Intron 9,IVS 9 +4,,,N,X,,,,Severe,Not reported,,2018,293,,0,2,0,Splice,Unknown,6,12,6280e333-cb41-454c-8f9e-c6a5742a890f,10.6,Black,Prophylaxis,97,0
c.1443+5G>A,154194240,,,Splice site change,Substitution,Intron 9,IVS 9 +5,,,N,X,,,,Severe,No,,2012,233,,0,2,0,Splice,Unknown,6,12,7d9d0aa6-4ee3-464d-a0c2-329dfff8317d,2,Caucasian,Prophylaxis,27,0
c.1443+5G>C,154194240,,,Splice site change,Substitution,Intron 9,IVS 9 +5,,,N,,,,X,Not reported,Not reported,,2005,145,,0,,0,Splice,Unknown,6,,10668947-2503-4a4b-892f-25780ea869be,13.8,Hispanic,On-Demand,63,1
c.1443+602A>G,154193643,,,Splice site change,Substitution,Intron 9,IVS 9 +602,,,N,X,,,,Severe,No,,2020,321,X,0,2,0,Splice,Unknown,6,12,33dd26f6-1d92-4800-bac7-d38a1b30b558,3.5,Caucasian,Prophylaxis,48,0
c.1444-15C>A,154189458,,,Splice site change,Substitution,Intron 9,IVS 9 -15,,,N,,,X,,Mild,No,,2008,180,,0,0,0,Splice,Unknown,6,0,7556a457-5d57-4885-a7e5-59265b90c23e,2,Asian,On-Demand,6,0
c.1444-1G>A,154189444,,,Splice site change,Substitution,Intron 9,IVS 9 -1 ,,,N,X,,,,Severe,Not reported,,2018,293,,0,2,0,Splice,Unknown,6,12,ea17c1b6-a409-48be-a6a1-f8fbe311bfb3,6.9,Caucasian,On-Demand,15,0
c.1444-1G>T,154189444,,,Splice site change,Substitution,Intron 9,IVS9-1,,,N,X,,,,Severe,Yes,,2020,326,X,1,2,0,Splice,Unknown,6,12,060b39b8-547b-4e64-9875-f4df92ca39e7,2.1,Black,Prophylaxis,38,1
c.1444-2A>C,154189445,,,Splice site change,Substitution,Intron 9,IVS 9 -2,,,N,X,,,,Severe,Not reported,,2013,249,,0,2,0,Splice,Unknown,6,12,79b9e35f-ecc8-480c-8779-ad7b06ed561f,2.4,Caucasian,Prophylaxis,23,0
c.1444-2A>G,154189445,,,Splice site change,Substitution,Intron 9,IVS 9 -2,,,N,X,,,,Severe,Not reported,,2008,185,,0,2,0,Splice,Unknown,6,12,1abe7999-7db2-44b1-bdcc-4b513f8f651c,3.1,Caucasian,Prophylaxis,24,0
c.1444-3C>G,154189446,,,Splice site change,Substitution,Intron 9,IVS 9 -3,,,N,,,,,Severe,No,Potential splice error,2008,177,,0,2,0,Splice,Unknown,6,12,2d9d0fcb-5eeb-4000-bb5c-90d48a966bdd,4.4,Hispanic,Prophylaxis,50,0
c.1444-5T>C,154189448,,,Splice site change,Substitution,Intron 9,IVS 9 -5,,,N,,X,,,Moderate,No,,2008,180,,0,1,0,Splice,Unknown,6,6,b10818f6-10fb-4a91-b335-7b777c24041a,3.8,Black,Prophylaxis,37,0
c.1444-8_1444del,154189443_154189451,,,Splice site change,Deletion,Intron 9,,,,N,X,,,,Severe,Not reported,,2015,272,,0,2,0,Splice,Unknown,6,12,a856facd-f85f-427c-87fe-0043c43f1733,5.1,Caucasian,Prophylaxis,45,1
c.-556369_6574+376delins113.3kb,154807196_154090982,,,Large structural change (>50 bp),Deletion/Duplication,Intron22-Exon 23,,,single domain,N,X,,,,Severe,No,Duplication of exons 2-8 in TMLHE also present,2017,285,,0,2,0,Exon,Unknown,3,6,8be19e6a-9192-4557-8772-a81949e39a68,3,Caucasian,Prophylaxis,20,0
c.-112G>A,154250939,,,Promoter,Substitution,Promoter,-57,Signal,Heavy chain,N,,,X,,Mild,No,,2007,161,,0,0,0,Exon,Unknown,9,0,b3a2fc31-ac94-4d6e-ad18-44f2301182c6,18.2,Caucasian,On-Demand,87,0
c.-113_-134dupins,154250940_154250961,,,Promoter,Duplication/Insertion,Promoter,-134,Signal,Heavy chain,N,,,,X,Not reported,Not reported,,2022,345,X,0,,0,Exon,Unknown,9,,321f757e-5ae8-4b3c-8333-f3a32c620431,3.2,Caucasian,On-Demand,1,0
c.-126C>T,154250953,,,Promoter,Substitution,Promoter,-61,Signal,Heavy chain,N,,,X,,Mild,Not reported,,2004,142,,0,0,0,Exon,Unknown,9,0,c9336ffb-5044-470e-87f5-f239d3ccb8bf,17.3,Caucasian,On-Demand,98,1
c.-219C>T,154251046,,,Promoter,Substitution,Promoter,,,,N,,,X,,Mild,No,,2007,161,,0,0,0,Exon,Unknown,9,0,c50aac0a-eaa8-46a5-89a7-c410c6f683dc,3.9,Caucasian,On-Demand,26,0
c.-255A>G,154251082,,,Promoter,Substitution,Promoter,,,,N,,,,X,Mild,Not reported,,2012,238,,0,0,0,Exon,Unknown,9,0,ed61a51a-549a-40d9-ac39-56e3af9cc17e,39.3,Caucasian,On-Demand,184,0
c.-257T>G,154251084,,,Promoter,Substitution,Promoter,,,,N,,,X,,Mild,No,,2009,196,,0,0,0,Exon,Unknown,9,0,f175a204-59e2-4865-b528-bd4898b2add4,17.5,Asian,On-Demand,67,0
c.-25A>G,154250852,,,Promoter,Substitution,Promoter,-28,Signal,Heavy chain,N,X,,,,Severe,Not reported,,2008,"183, 186",,0,2,0,Exon,Unknown,9,18,a42cc426-de41-4e6c-b413-8ce3c394408f,2.1,Asian,Prophylaxis,12,0
c.-263A>G,154251090,,,Promoter,Substitution,Promoter,,,,N,,,X,,Mild,Not reported,,2016,280,,0,0,0,Exon,Unknown,9,0,02303da8-3ce3-47f8-ae10-5d3beb2b0d62,23.7,Caucasian,On-Demand,100,0
c.-51G>A,154250878,,,Promoter,Substitution,Promoter,-36,Signal,Heavy chain,N,,,X,,Mild,Not reported,,2014,261,,0,0,0,Exon,Unknown,9,0,a0d14a92-2180-4b31-b9d3-cb7927818331,12.7,Caucasian,On-Demand,55,0
c.-520_-32del,154250859_154251347,,,Large structural change (>50 bp),Deletion,Promoter,,Promoter,single domain,N,X,,,X,Severe,Not reported,,2018,293,,0,2,0,Exon,Unknown,3,6,523c8dc3-4985-416a-a825-3d168607e15a,6.9,Caucasian,Prophylaxis,56,0
c.-5A>G,154250832,,,Promoter,Substitution,Promoter,-21,Signal,Heavy chain,N,,,X,,Mild,No,,2012,225,,0,0,0,Exon,Unknown,9,0,97f0a4af-44c3-4abc-86d4-9852767d6adc,19.6,Asian,On-Demand,110,0
c.-68G>A,154250895,,,Promoter,Substitution,Promoter,-42,Signal,Heavy chain,N,,,,X,Not reported,Not reported,,2017,289,,0,,0,Exon,Unknown,9,,94bf3385-ad04-4c6a-9215-7d2f41e65a2d,2.6,Caucasian,On-Demand,20,0
c.-1171-?_143+?del,154250685_154251998,,,Large structural change (>50 bp),Deletion,Promoter - Exon 1,,A1,single domain,N,X,,,,Severe,Yes,,2006,"0, 160",,1,2,0,Exon,Unknown,3,6,2d7f506c-a8f2-4313-b490-43370e3f00ad,2.1,Caucasian,Prophylaxis,29,1
c.-1171-?_143+?delins263kb,154250685_154251998,,,Large structural change (>50 bp),Deletion/Insertion,Promoter - Exon 1,,A1,single domain,N,X,,,,Severe,Yes,,2007,171,,1,2,0,Exon,Unknown,3,6,0b8fceb5-71fc-47ec-92b3-8464e80dad3b,5.5,Caucasian,Prophylaxis,52,0
c.-23622_144-9160del,154237035_154274449,,,Large structural change (>50 bp),Deletion,Promoter - Exon 1,,A1,single domain,N,X,,,,Severe,Yes,,2011,221,,1,2,0,Exon,Unknown,3,6,bc50066a-711b-4280-8994-60f1351c35d4,3.3,Caucasian,Prophylaxis,29,0
c.-1171-?_388+?del,154225248_154251998,,,Large structural change (>50 bp),Deletion,Promoter - Exon 3,,A1,multiple domains,N,X,,,,Severe,Yes,,2012,234,,1,2,0,Exon,Unknown,3,6,c0377acb-1fc7-446b-aa4a-c8aa39902fb8,1.3,Black,Prophylaxis,7,0
c.-1171-?_670+?del,154215512_154251998,,,Large structural change (>50 bp),Deletion,Promoter - Exon 5,,,multiple domains,N,X,,,,Severe,No,,2005,154,,0,2,0,Exon,Unknown,3,6,6bf28c2d-c673-43aa-b7d4-9589512f68e3,3.6,Black,Prophylaxis,50,0
c.-1171-?_787+?del,154212962_154251998,,,Large structural change (>50 bp),Deletion,Promoter - Exon 6,,,multiple domains,N,,,,X,Severe,Not reported,,0,0,,0,2,0,Exon,Unknown,3,6,8983948a-eb91-4a77-bbc5-b23cb85cc6d7,3.2,Black,Prophylaxis,27,0
c.-1171-?_1271+?del,154194701_154251998,,,Large structural change (>50 bp),Deletion,Promoter - Exon 8,,,multiple domains,N,X,,,,Severe,Yes,,2008,175,,1,2,0,Exon,Unknown,3,6,cdd3df51-7357-4dee-926c-7c9de2486e43,8,Caucasian,Prophylaxis,73,0
,,,,,,,,,,,,,,,,,,,,,,,0,Intron,Unknown,-1,,7638d160-2979-40c3-b1ee-9534708ff0d7,7.9,Asian,On-Demand,49,0
,,,,,,,,,,,,,,,,,,,,,,,0,Intron,Unknown,-1,,0e161143-d7ae-4772-aeeb-28c44796da27,20.1,Caucasian,On-Demand,81,0
,,,,,,,,,,,,,,,,,,,,,,,0,Intron,Unknown,-1,,1477167a-1e0d-42c1-92d4-397dcab07a34,21.1,Black,On-Demand,117,0
,,,,,,,,,,,,,,,,,,,,,,,0,Intron,Unknown,-1,,e94ef26a-bac6-493f-9565-8b2fc4c3948c,10.3,Hispanic,On-Demand,61,0
,,,,,,,,,,,,,,,,,,,,,,,0,Intron,Unknown,-1,,8ff0e996-dc77-4ead-80e5-ca26af295610,2,Caucasian,On-Demand,27,1
,,,,,,,,,,,,,,,,,,,,,,,0,Intron,Unknown,-1,,20d36a06-3bc5-437e-92ee-797db5507971,2,Caucasian,On-Demand,13,0
,,,,,,,,,,,,,,,,,,,,,,,0,Intron,Unknown,-1,,f1bcccaf-e43e-49fa-bf1c-bcc56cb6ef84,22.5,Asian,On-Demand,97,0
,,,,,,,,,,,,,,,,,,,,,,,0,Intron,Unknown,-1,,0e68d5c2-d73d-46f9-8f4d-5c9102d0ca2e,8.5,Hispanic,On-Demand,61,0
,,,,,,,,,,,,,`,,,,,,,,,,0,Intron,Unknown,-1,,84a136c4-14ee-4702-b4ae-de4bc6c830a4,13.4,Caucasian,On-Demand,72,0
,,,,,,,,,,,,,,,,,,,,,,,0,Intron,Unknown,-1,,6cd9ee3c-bc85-4cc3-9755-798c5c22bcb1,14.3,Hispanic,On-Demand,77,0
,,,,,,,,,,,,,,,,,,,,,,,0,Intron,Unknown,-1,,0275c9ac-c250-4a71-b9a5-04de6789e034,14,Black,On-Demand,71,0
,,,,,,,,,,,,.,,,,,,,,,,,0,Intron,Unknown,-1,,9718e5e7-3118-4d08-ba9e-aa95bfca70e7,11.6,Asian,On-Demand,56,0
